,seed,rmse,mae,target_tree_size,v,epochs,method
0,1,74.61515702282004,55.620013420096555,1,0.005,1000,Baseline (XGBoost)
1,1,74.48264310136895,54.5959282824868,2,0.005,1000,Baseline (XGBoost)
2,1,73.35771890588572,54.1148889519078,3,0.005,1000,Baseline (XGBoost)
3,1,71.07306866186661,50.35248491438708,4,0.005,1000,Baseline (XGBoost)
4,1,71.12661938082191,50.98155177517588,5,0.005,1000,Baseline (XGBoost)
5,1,74.88922396401684,55.430104489822426,1,0.01,1000,Baseline (XGBoost)
6,1,74.4765978792751,54.60766717099288,2,0.01,1000,Baseline (XGBoost)
7,1,71.48562037015903,50.43018584364351,3,0.01,1000,Baseline (XGBoost)
8,1,71.1679384799802,50.52144837199421,4,0.01,1000,Baseline (XGBoost)
9,1,70.9133110431582,50.67485838946537,5,0.01,1000,Baseline (XGBoost)
10,1,75.09900770724472,55.438605221987245,1,0.02,1000,Baseline (XGBoost)
11,1,74.58617957078833,54.61638283295758,2,0.02,1000,Baseline (XGBoost)
12,1,73.14265334876063,53.20577372020267,3,0.02,1000,Baseline (XGBoost)
13,1,71.09978709833712,50.47645060969443,4,0.02,1000,Baseline (XGBoost)
14,1,70.63531491856385,50.329107909851245,5,0.02,1000,Baseline (XGBoost)
15,1,75.16170102410692,55.441425797674235,1,0.03,1000,Baseline (XGBoost)
16,1,74.6867539446549,54.791356252512614,2,0.03,1000,Baseline (XGBoost)
17,1,72.8889510981,52.03572578079315,3,0.03,1000,Baseline (XGBoost)
18,1,71.31404074281804,50.433838645994975,4,0.03,1000,Baseline (XGBoost)
19,1,70.64999088320747,50.18981871210224,5,0.03,1000,Baseline (XGBoost)
20,1,75.84359837260344,55.565879552517224,1,0.05,1000,Baseline (XGBoost)
21,1,71.97239359388016,50.62226881399578,2,0.05,1000,Baseline (XGBoost)
22,1,72.28481889422049,50.88131232618162,3,0.05,1000,Baseline (XGBoost)
23,1,70.87792442066625,50.000940045961286,4,0.05,1000,Baseline (XGBoost)
24,1,71.73471683124093,51.32588498251712,5,0.05,1000,Baseline (XGBoost)
25,1,75.8707438171814,55.523198186318496,1,0.08,1000,Baseline (XGBoost)
26,1,75.52242806704095,54.56960600055709,2,0.08,1000,Baseline (XGBoost)
27,1,71.5193057489449,50.39077138507811,3,0.08,1000,Baseline (XGBoost)
28,1,70.85765947285985,50.0906889445978,4,0.08,1000,Baseline (XGBoost)
29,1,71.09434632287406,50.55697398508047,5,0.08,1000,Baseline (XGBoost)
30,1,76.16815767940875,55.76461987252985,1,0.1,1000,Baseline (XGBoost)
31,1,75.33808733562368,54.63216490072804,2,0.1,1000,Baseline (XGBoost)
32,1,71.87377786995816,50.738117575312565,3,0.1,1000,Baseline (XGBoost)
33,1,71.70448894048761,50.60595573030762,4,0.1,1000,Baseline (XGBoost)
34,1,70.5908579164961,49.7502380527536,5,0.1,1000,Baseline (XGBoost)
35,1,75.79770677943321,55.67040847700631,1,0.12,1000,Baseline (XGBoost)
36,1,72.10685497905506,50.56901514283445,2,0.12,1000,Baseline (XGBoost)
37,1,72.22433217600214,51.04951172148645,3,0.12,1000,Baseline (XGBoost)
38,1,71.64514386453557,50.5949396886891,4,0.12,1000,Baseline (XGBoost)
39,1,70.8244424395372,50.19584240145943,5,0.12,1000,Baseline (XGBoost)
40,1,76.92541291583697,56.288211843988805,1,0.15,1000,Baseline (XGBoost)
41,1,72.9277234158495,50.9124087630006,2,0.15,1000,Baseline (XGBoost)
42,1,71.52189766243387,50.262857200625646,3,0.15,1000,Baseline (XGBoost)
43,1,72.249079946137,50.614603455826504,4,0.15,1000,Baseline (XGBoost)
44,1,71.2442953645079,50.81905541810085,5,0.15,1000,Baseline (XGBoost)
45,2,80.01820614450038,58.25753098610979,1,0.005,1000,Baseline (XGBoost)
46,2,79.36917962980213,57.636672399898615,2,0.005,1000,Baseline (XGBoost)
47,2,78.3862480958241,56.71440873967509,3,0.005,1000,Baseline (XGBoost)
48,2,77.43652296415303,55.26679494503692,4,0.005,1000,Baseline (XGBoost)
49,2,76.67792541479483,53.2539729021166,5,0.005,1000,Baseline (XGBoost)
50,2,80.02529908970182,58.077218483898704,1,0.01,1000,Baseline (XGBoost)
51,2,79.43880051320875,57.58787574737479,2,0.01,1000,Baseline (XGBoost)
52,2,78.43032003790923,56.5702128835921,3,0.01,1000,Baseline (XGBoost)
53,2,77.18115883122148,54.89124351609165,4,0.01,1000,Baseline (XGBoost)
54,2,76.80618261513098,53.338696423748495,5,0.01,1000,Baseline (XGBoost)
55,2,80.01904955651621,58.09516907253857,1,0.02,1000,Baseline (XGBoost)
56,2,79.48949811895267,57.62105828378655,2,0.02,1000,Baseline (XGBoost)
57,2,78.38105116820655,56.47201499187815,3,0.02,1000,Baseline (XGBoost)
58,2,77.4120443701193,54.90604290434209,4,0.02,1000,Baseline (XGBoost)
59,2,76.51015744249253,52.925530455021956,5,0.02,1000,Baseline (XGBoost)
60,2,80.16816140793404,58.211625263860284,1,0.03,1000,Baseline (XGBoost)
61,2,79.67924329067704,57.545738493228306,2,0.03,1000,Baseline (XGBoost)
62,2,77.07735045805721,54.34819472228569,3,0.03,1000,Baseline (XGBoost)
63,2,77.27160695197038,54.88072316524971,4,0.03,1000,Baseline (XGBoost)
64,2,76.53011652977337,53.121278408156215,5,0.03,1000,Baseline (XGBoost)
65,2,80.28386835274793,58.10448938283637,1,0.05,1000,Baseline (XGBoost)
66,2,79.82822688275301,57.60381025054419,2,0.05,1000,Baseline (XGBoost)
67,2,78.38497605355987,55.875473725805556,3,0.05,1000,Baseline (XGBoost)
68,2,77.58695513337841,55.21392614810178,4,0.05,1000,Baseline (XGBoost)
69,2,75.93068656839064,52.17142024088015,5,0.05,1000,Baseline (XGBoost)
70,2,80.47993910049207,58.17928412419861,1,0.08,1000,Baseline (XGBoost)
71,2,79.7791296732056,57.251068704835184,2,0.08,1000,Baseline (XGBoost)
72,2,76.0044192317051,53.03808695511032,3,0.08,1000,Baseline (XGBoost)
73,2,77.67764976682764,54.766086658616004,4,0.08,1000,Baseline (XGBoost)
74,2,75.62893610205153,51.994660459606635,5,0.08,1000,Baseline (XGBoost)
75,2,80.67044907524983,58.17833087490503,1,0.1,1000,Baseline (XGBoost)
76,2,80.35292880874108,57.78954659417607,2,0.1,1000,Baseline (XGBoost)
77,2,79.61076884743137,56.87041362537842,3,0.1,1000,Baseline (XGBoost)
78,2,74.93766553959472,51.94833912142295,4,0.1,1000,Baseline (XGBoost)
79,2,76.93446827134419,53.43090022780278,5,0.1,1000,Baseline (XGBoost)
80,2,80.98846129770489,58.34594307769554,1,0.12,1000,Baseline (XGBoost)
81,2,80.27392838231252,57.69026799882146,2,0.12,1000,Baseline (XGBoost)
82,2,79.41672904899151,56.421813822007856,3,0.12,1000,Baseline (XGBoost)
83,2,77.94553010415686,54.621169869267845,4,0.12,1000,Baseline (XGBoost)
84,2,75.53767241497945,51.76248161027159,5,0.12,1000,Baseline (XGBoost)
85,2,81.36783551433537,58.94010640976145,1,0.15,1000,Baseline (XGBoost)
86,2,80.99718098832476,57.98993305304471,2,0.15,1000,Baseline (XGBoost)
87,2,74.33817874779383,51.173753633470916,3,0.15,1000,Baseline (XGBoost)
88,2,73.7836576027823,51.13001357948498,4,0.15,1000,Baseline (XGBoost)
89,2,75.62440666663714,51.91301260996666,5,0.15,1000,Baseline (XGBoost)
90,3,78.67997704895208,57.22287070016679,1,0.005,1000,Baseline (XGBoost)
91,3,77.90557164973943,56.550152211643464,2,0.005,1000,Baseline (XGBoost)
92,3,77.50731297170061,55.91734809031503,3,0.005,1000,Baseline (XGBoost)
93,3,76.38601432556462,54.41838071001937,4,0.005,1000,Baseline (XGBoost)
94,3,76.02009414167217,53.06469497152508,5,0.005,1000,Baseline (XGBoost)
95,3,78.59635107285139,57.08305516173524,1,0.01,1000,Baseline (XGBoost)
96,3,77.90759345085087,56.47479294621275,2,0.01,1000,Baseline (XGBoost)
97,3,77.50002899777063,55.893951067611084,3,0.01,1000,Baseline (XGBoost)
98,3,76.59057238882262,54.65358450292018,4,0.01,1000,Baseline (XGBoost)
99,3,75.83862341423638,52.863857802224544,5,0.01,1000,Baseline (XGBoost)
100,3,78.59605689506601,56.99906940846013,1,0.02,1000,Baseline (XGBoost)
101,3,77.9994207719895,56.48233124894842,2,0.02,1000,Baseline (XGBoost)
102,3,77.23360225545534,54.76875705680172,3,0.02,1000,Baseline (XGBoost)
103,3,75.34588628354307,52.41622783890199,4,0.02,1000,Baseline (XGBoost)
104,3,75.81334552027455,52.735040666473424,5,0.02,1000,Baseline (XGBoost)
105,3,78.62095617481457,56.95725430176812,1,0.03,1000,Baseline (XGBoost)
106,3,78.04776797835119,56.38851249266289,2,0.03,1000,Baseline (XGBoost)
107,3,77.19876914164762,54.63614559542281,3,0.03,1000,Baseline (XGBoost)
108,3,75.20148981634667,52.19975064199316,4,0.03,1000,Baseline (XGBoost)
109,3,75.90084897774665,52.73861903257885,5,0.03,1000,Baseline (XGBoost)
110,3,78.81066775691747,57.02955128043353,1,0.05,1000,Baseline (XGBoost)
111,3,78.1410253836521,56.39695640826351,2,0.05,1000,Baseline (XGBoost)
112,3,77.95502850504505,55.7265847304091,3,0.05,1000,Baseline (XGBoost)
113,3,75.73719201467965,52.56640578130102,4,0.05,1000,Baseline (XGBoost)
114,3,76.04160872679913,52.76599451192636,5,0.05,1000,Baseline (XGBoost)
115,3,78.79456088366375,57.048924996242306,1,0.08,1000,Baseline (XGBoost)
116,3,78.78480029941232,56.32735354254834,2,0.08,1000,Baseline (XGBoost)
117,3,77.80401849332391,55.433270198411094,3,0.08,1000,Baseline (XGBoost)
118,3,75.2915276190531,51.89999699482645,4,0.08,1000,Baseline (XGBoost)
119,3,75.0909903757628,51.52128318489305,5,0.08,1000,Baseline (XGBoost)
120,3,79.0129357258927,57.10263144076687,1,0.1,1000,Baseline (XGBoost)
121,3,78.98874898871158,56.503394377240895,2,0.1,1000,Baseline (XGBoost)
122,3,76.74975178520224,52.56915138928173,3,0.1,1000,Baseline (XGBoost)
123,3,75.45115199296444,52.16749109096351,4,0.1,1000,Baseline (XGBoost)
124,3,76.60267353802558,53.08166553693059,5,0.1,1000,Baseline (XGBoost)
125,3,79.07905646161532,57.36729735007025,1,0.12,1000,Baseline (XGBoost)
126,3,79.1605873248745,56.42569489591821,2,0.12,1000,Baseline (XGBoost)
127,3,78.08639063975,55.45175329631272,3,0.12,1000,Baseline (XGBoost)
128,3,75.18772429391947,51.994232837475764,4,0.12,1000,Baseline (XGBoost)
129,3,75.02378685900314,51.55361649513131,5,0.12,1000,Baseline (XGBoost)
130,3,79.05895314093074,55.89359703303864,1,0.15,1000,Baseline (XGBoost)
131,3,79.15262458948588,56.381176281409765,2,0.15,1000,Baseline (XGBoost)
132,3,76.93594499201103,52.52951103969057,3,0.15,1000,Baseline (XGBoost)
133,3,75.65135323225043,52.556621328405015,4,0.15,1000,Baseline (XGBoost)
134,3,76.72736015822338,52.770808609601794,5,0.15,1000,Baseline (XGBoost)
135,4,80.61378343210902,57.547611026476716,1,0.005,1000,Baseline (XGBoost)
136,4,79.85762014045332,56.720397289029435,2,0.005,1000,Baseline (XGBoost)
137,4,78.64310102979432,55.85592702600644,3,0.005,1000,Baseline (XGBoost)
138,4,77.82403730758035,54.98190492524093,4,0.005,1000,Baseline (XGBoost)
139,4,77.39551892020178,54.018541006521545,5,0.005,1000,Baseline (XGBoost)
140,4,80.40100455061753,57.26583768962502,1,0.01,1000,Baseline (XGBoost)
141,4,79.84541116034367,56.71383609020088,2,0.01,1000,Baseline (XGBoost)
142,4,78.60664292720179,55.73941056454344,3,0.01,1000,Baseline (XGBoost)
143,4,77.94987968303501,55.017185548733835,4,0.01,1000,Baseline (XGBoost)
144,4,77.2772129032947,53.89462252058758,5,0.01,1000,Baseline (XGBoost)
145,4,80.48212675322041,57.321038979073776,1,0.02,1000,Baseline (XGBoost)
146,4,79.9046782834282,56.672841175305095,2,0.02,1000,Baseline (XGBoost)
147,4,78.75040063858741,55.74211600875949,3,0.02,1000,Baseline (XGBoost)
148,4,78.04847264355341,54.86609304309226,4,0.02,1000,Baseline (XGBoost)
149,4,77.61927166283562,54.16717090835374,5,0.02,1000,Baseline (XGBoost)
150,4,80.50644858801193,57.364775863152026,1,0.03,1000,Baseline (XGBoost)
151,4,79.88187729568602,56.507265695960335,2,0.03,1000,Baseline (XGBoost)
152,4,78.82906291992114,55.67430049704605,3,0.03,1000,Baseline (XGBoost)
153,4,78.12965267333193,54.946142786200284,4,0.03,1000,Baseline (XGBoost)
154,4,77.67097201614389,54.09051025523053,5,0.03,1000,Baseline (XGBoost)
155,4,80.62756648101437,57.385816452233506,1,0.05,1000,Baseline (XGBoost)
156,4,80.13053262938939,56.557447821100254,2,0.05,1000,Baseline (XGBoost)
157,4,79.29622780277982,55.9375253502259,3,0.05,1000,Baseline (XGBoost)
158,4,78.23042413197523,54.67687592782081,4,0.05,1000,Baseline (XGBoost)
159,4,77.4498704112992,53.705638444545876,5,0.05,1000,Baseline (XGBoost)
160,4,80.59375322157469,57.30838865669785,1,0.08,1000,Baseline (XGBoost)
161,4,80.38328845843277,56.596042211876544,2,0.08,1000,Baseline (XGBoost)
162,4,78.7493659342672,55.39310827485821,3,0.08,1000,Baseline (XGBoost)
163,4,78.33408837815524,54.93690684195143,4,0.08,1000,Baseline (XGBoost)
164,4,77.90485976517346,53.93563088296629,5,0.08,1000,Baseline (XGBoost)
165,4,80.88312626648265,57.5771691736382,1,0.1,1000,Baseline (XGBoost)
166,4,80.95771946270575,56.72111007650434,2,0.1,1000,Baseline (XGBoost)
167,4,78.892977483109,54.56710366121156,3,0.1,1000,Baseline (XGBoost)
168,4,78.66122062954473,54.97431992069917,4,0.1,1000,Baseline (XGBoost)
169,4,78.05479985768399,53.86570263243206,5,0.1,1000,Baseline (XGBoost)
170,4,81.17916903904066,57.85811892375759,1,0.12,1000,Baseline (XGBoost)
171,4,81.03792769597328,56.90444073960803,2,0.12,1000,Baseline (XGBoost)
172,4,79.34478094490183,55.340423835507075,3,0.12,1000,Baseline (XGBoost)
173,4,78.61637056350652,54.55978059918632,4,0.12,1000,Baseline (XGBoost)
174,4,76.64463751661806,52.27428743831799,5,0.12,1000,Baseline (XGBoost)
175,4,81.15054320923007,57.86059924282323,1,0.15,1000,Baseline (XGBoost)
176,4,81.07974779952318,56.91932047944297,2,0.15,1000,Baseline (XGBoost)
177,4,79.04821640485983,54.782105582813955,3,0.15,1000,Baseline (XGBoost)
178,4,79.33107732916596,54.81469055682593,4,0.15,1000,Baseline (XGBoost)
179,4,78.77928992647932,54.636242403364335,5,0.15,1000,Baseline (XGBoost)
180,5,81.86059395106244,58.21554840791963,1,0.005,1000,Baseline (XGBoost)
181,5,81.17540426403582,57.78177167278779,2,0.005,1000,Baseline (XGBoost)
182,5,79.86298078827193,56.70424931794621,3,0.005,1000,Baseline (XGBoost)
183,5,79.77552912807438,55.97087500404982,4,0.005,1000,Baseline (XGBoost)
184,5,79.8563408009678,55.02225701573013,5,0.005,1000,Baseline (XGBoost)
185,5,81.83081679380511,58.203456859128536,1,0.01,1000,Baseline (XGBoost)
186,5,81.21589856506932,57.79586082423453,2,0.01,1000,Baseline (XGBoost)
187,5,79.48016921814346,56.319786191173655,3,0.01,1000,Baseline (XGBoost)
188,5,79.78444177186248,55.94724089297788,4,0.01,1000,Baseline (XGBoost)
189,5,79.82180826554782,55.02227951125186,5,0.01,1000,Baseline (XGBoost)
190,5,81.6081247709485,58.03934105396023,1,0.02,1000,Baseline (XGBoost)
191,5,81.12667561784788,57.62997059704485,2,0.02,1000,Baseline (XGBoost)
192,5,79.37242736257143,56.14909396838918,3,0.02,1000,Baseline (XGBoost)
193,5,79.48439205157501,55.601189354956595,4,0.02,1000,Baseline (XGBoost)
194,5,79.33534394110782,54.50051165595901,5,0.02,1000,Baseline (XGBoost)
195,5,81.46153867606151,57.90021384909631,1,0.03,1000,Baseline (XGBoost)
196,5,80.84767364962653,57.36100872084394,2,0.03,1000,Baseline (XGBoost)
197,5,79.3150359591505,55.991002224808035,3,0.03,1000,Baseline (XGBoost)
198,5,79.6864231334388,55.72523284880277,4,0.03,1000,Baseline (XGBoost)
199,5,79.66357067962728,54.774390504719236,5,0.03,1000,Baseline (XGBoost)
200,5,81.31178675844394,57.69716102956496,1,0.05,1000,Baseline (XGBoost)
201,5,81.00913024920278,57.34396787765148,2,0.05,1000,Baseline (XGBoost)
202,5,78.76086437261931,55.547185859422434,3,0.05,1000,Baseline (XGBoost)
203,5,79.53850613667544,55.45871120004796,4,0.05,1000,Baseline (XGBoost)
204,5,79.42482919944932,53.86955791339945,5,0.05,1000,Baseline (XGBoost)
205,5,81.49111068035036,57.85967357408032,1,0.08,1000,Baseline (XGBoost)
206,5,81.28121334409707,57.41804374156213,2,0.08,1000,Baseline (XGBoost)
207,5,78.87246065061454,55.38578699009524,3,0.08,1000,Baseline (XGBoost)
208,5,79.11005082374538,54.83089120648772,4,0.08,1000,Baseline (XGBoost)
209,5,79.5202253327814,54.00290953133772,5,0.08,1000,Baseline (XGBoost)
210,5,81.51119738644773,57.91848658122626,1,0.1,1000,Baseline (XGBoost)
211,5,80.888372131136,57.20890830679763,2,0.1,1000,Baseline (XGBoost)
212,5,79.04227474270814,55.39789678973261,3,0.1,1000,Baseline (XGBoost)
213,5,78.99452638357394,54.51286808175232,4,0.1,1000,Baseline (XGBoost)
214,5,80.39275711215136,54.74732359615876,5,0.1,1000,Baseline (XGBoost)
215,5,81.59047863951479,58.15624113113232,1,0.12,1000,Baseline (XGBoost)
216,5,81.51872661242422,57.51952799398705,2,0.12,1000,Baseline (XGBoost)
217,5,79.24784866325226,55.62600061510516,3,0.12,1000,Baseline (XGBoost)
218,5,79.14897191506394,53.73750232496316,4,0.12,1000,Baseline (XGBoost)
219,5,78.86577120981957,52.97302859314043,5,0.12,1000,Baseline (XGBoost)
220,5,81.47785698106696,58.24289836525576,1,0.15,1000,Baseline (XGBoost)
221,5,81.1819864576745,57.02559182557107,2,0.15,1000,Baseline (XGBoost)
222,5,79.14846687530131,55.228665661320306,3,0.15,1000,Baseline (XGBoost)
223,5,79.9418294090479,55.33885703155363,4,0.15,1000,Baseline (XGBoost)
224,5,80.8632410700574,54.94511861547825,5,0.15,1000,Baseline (XGBoost)
