,seed,method,v,target_tree_size,rmse,mae
0,1,xgboost,0.005,1,74.4416844106966,53.972759446517216
1,1,xgboost_naive_transfer,0.005,1,74.54758328943292,55.99813741659845
2,1,xgboost,0.005,2,74.20619375015978,53.03447337038473
3,1,xgboost_naive_transfer,0.005,2,73.89634606273883,55.262452351638245
4,1,xgboost,0.005,3,78.75665938999158,54.88572083804863
5,1,xgboost_naive_transfer,0.005,3,73.42416939807514,55.03857221872297
6,1,xgboost,0.005,4,79.74781087665919,55.63175359505447
7,1,xgboost_naive_transfer,0.005,4,73.6704487698813,55.426403034403364
8,1,xgboost,0.005,5,83.10209154409178,56.856411838520174
9,1,xgboost_naive_transfer,0.005,5,74.71383731766318,55.84651286122085
10,1,xgboost,0.005,6,84.42514259836997,59.035697736033356
11,1,xgboost_naive_transfer,0.005,6,75.54042802886305,56.26340593410694
12,1,xgboost,0.005,7,86.07861872933016,60.0970381097877
13,1,xgboost_naive_transfer,0.005,7,77.02377418984098,57.25537724625026
14,1,xgboost,0.01,1,73.78510960103048,52.723051592155315
15,1,xgboost_naive_transfer,0.01,1,74.73830941949144,55.91755494554923
16,1,xgboost,0.01,2,74.22935955898,53.002124185195235
17,1,xgboost_naive_transfer,0.01,2,73.94510984368259,55.241461346886936
18,1,xgboost,0.01,3,78.79278457468372,54.93092857883495
19,1,xgboost_naive_transfer,0.01,3,73.42695262432095,54.999989230455434
20,1,xgboost,0.01,4,79.60239461848656,55.5670965347393
21,1,xgboost_naive_transfer,0.01,4,73.70376818820824,55.42102985834595
22,1,xgboost,0.01,5,83.28845135310173,56.96256122802107
23,1,xgboost_naive_transfer,0.01,5,74.62796292787381,55.826577874808706
24,1,xgboost,0.01,6,84.28476067725204,58.65420080108705
25,1,xgboost_naive_transfer,0.01,6,75.62071724692674,56.30763756310457
26,1,xgboost,0.01,7,86.12190775586113,60.2003068472687
27,1,xgboost_naive_transfer,0.01,7,77.01947055033214,57.21376795037269
28,1,xgboost,0.02,1,73.79123178563569,52.721954241995206
29,1,xgboost_naive_transfer,0.02,1,74.77645222494151,55.950804817010756
30,1,xgboost,0.02,2,74.36047863414852,53.020780207574504
31,1,xgboost_naive_transfer,0.02,2,74.13703924706154,55.26078930131712
32,1,xgboost,0.02,3,78.9823072146365,55.11271781741248
33,1,xgboost_naive_transfer,0.02,3,73.49751269177061,55.04620705183258
34,1,xgboost,0.02,4,79.87128074590763,55.66041667607591
35,1,xgboost_naive_transfer,0.02,4,73.8642409748543,55.45988787118322
36,1,xgboost,0.02,5,83.04130743812753,56.73388663114653
37,1,xgboost_naive_transfer,0.02,5,74.93442133098104,55.91830462136763
38,1,xgboost,0.02,6,84.47246629071962,58.69767360034118
39,1,xgboost_naive_transfer,0.02,6,75.84780904008105,56.303409759200456
40,1,xgboost,0.02,7,86.4030612674695,60.22382131107547
41,1,xgboost_naive_transfer,0.02,7,77.29610405389475,57.310454435797304
42,1,xgboost,0.03,1,73.68424603374733,52.57732170084915
43,1,xgboost_naive_transfer,0.03,1,74.9346388014967,55.832868304589596
44,1,xgboost,0.03,2,74.31610206940817,52.78420606958437
45,1,xgboost_naive_transfer,0.03,2,74.18895382651324,55.29656681020126
46,1,xgboost,0.03,3,79.24112116203433,55.222675191722395
47,1,xgboost_naive_transfer,0.03,3,73.83016925263298,55.11030247419209
48,1,xgboost,0.03,4,80.00481568374205,55.70170561498097
49,1,xgboost_naive_transfer,0.03,4,73.9402634822146,55.27230732004921
50,1,xgboost,0.03,5,82.85836861249034,56.54531404333939
51,1,xgboost_naive_transfer,0.03,5,74.98316920934155,55.87084702665835
52,1,xgboost,0.03,6,84.2115708099908,58.05868747965446
53,1,xgboost_naive_transfer,0.03,6,75.9265285836109,56.37939878741708
54,1,xgboost,0.03,7,86.73364998018897,59.883853137051865
55,1,xgboost_naive_transfer,0.03,7,76.93473775970055,56.75853498164667
56,1,xgboost,0.05,1,73.67007058131344,52.56286284492667
57,1,xgboost_naive_transfer,0.05,1,74.69322128208883,55.88546353406513
58,1,xgboost,0.05,2,74.22573732718287,52.82108048912719
59,1,xgboost_naive_transfer,0.05,2,74.23581025937708,55.41050418086085
60,1,xgboost,0.05,3,78.89635302669356,54.94659982644986
61,1,xgboost_naive_transfer,0.05,3,74.19458427722327,55.22933021511713
62,1,xgboost,0.05,4,79.78370934289548,55.72787747667073
63,1,xgboost_naive_transfer,0.05,4,74.7049916622331,55.726482419520984
64,1,xgboost,0.05,5,82.79054118297867,56.83585846520154
65,1,xgboost_naive_transfer,0.05,5,75.40940091098014,56.286469501099866
66,1,xgboost,0.05,6,84.35036859117949,58.153816902271615
67,1,xgboost_naive_transfer,0.05,6,76.14859860144949,56.35406176708837
68,1,xgboost,0.05,7,86.5091010449989,59.69677507492926
69,1,xgboost_naive_transfer,0.05,7,77.53439405521716,56.82306061010976
70,1,xgboost,0.08,1,73.47085008410416,52.54387628018324
71,1,xgboost_naive_transfer,0.08,1,75.44317990737615,56.13860329440154
72,1,xgboost,0.08,2,74.6006173747654,52.88087597481297
73,1,xgboost_naive_transfer,0.08,2,75.46098338923923,56.118207503102305
74,1,xgboost,0.08,3,78.72498192784175,54.655833308585756
75,1,xgboost_naive_transfer,0.08,3,75.22911493359888,55.71701914525796
76,1,xgboost,0.08,4,80.03060088711261,55.60756532260406
77,1,xgboost_naive_transfer,0.08,4,75.50126905953914,55.852739717385724
78,1,xgboost,0.08,5,84.11599423413344,57.37092377766122
79,1,xgboost_naive_transfer,0.08,5,77.25285616240649,56.95231845120931
80,1,xgboost,0.08,6,85.10072674897374,58.94229374353406
81,1,xgboost_naive_transfer,0.08,6,76.64734035764637,56.669961827281405
82,1,xgboost,0.08,7,85.63099346885885,59.53041244477095
83,1,xgboost_naive_transfer,0.08,7,78.25632053826155,57.1079883995566
84,1,xgboost,0.1,1,73.35976385145597,52.24847356251263
85,1,xgboost_naive_transfer,0.1,1,75.34547020755481,55.80354261035165
86,1,xgboost,0.1,2,74.75720596246663,52.81801275121183
87,1,xgboost_naive_transfer,0.1,2,75.37865038377393,55.90804485746998
88,1,xgboost,0.1,3,79.60532914713704,55.115724529579005
89,1,xgboost_naive_transfer,0.1,3,75.38547711395186,55.81477345918705
90,1,xgboost,0.1,4,80.1228765651524,55.67789620293556
91,1,xgboost_naive_transfer,0.1,4,75.72773557739366,56.07571595305465
92,1,xgboost,0.1,5,82.62751100418565,56.6731331503055
93,1,xgboost_naive_transfer,0.1,5,76.84320405679804,56.835953117115324
94,1,xgboost,0.1,6,84.30093097097043,58.27860923845339
95,1,xgboost_naive_transfer,0.1,6,77.83686407485504,56.8990249275318
96,1,xgboost,0.1,7,87.32910745993459,60.038925432970835
97,1,xgboost_naive_transfer,0.1,7,79.31175091850046,57.565589596958816
98,1,xgboost,0.12,1,74.05282055273865,52.759076975267476
99,1,xgboost_naive_transfer,0.12,1,76.25198379120442,56.74019922060896
100,1,xgboost,0.12,2,74.7557534890941,52.817330052045854
101,1,xgboost_naive_transfer,0.12,2,76.03764282201213,56.59767117520353
102,1,xgboost,0.12,3,79.09510877140688,55.10333912045491
103,1,xgboost_naive_transfer,0.12,3,75.25220362227591,55.57058355657838
104,1,xgboost,0.12,4,80.40023798411441,55.767561049419626
105,1,xgboost_naive_transfer,0.12,4,75.94397467806444,56.021293456373556
106,1,xgboost,0.12,5,82.92731464731669,56.68438169811348
107,1,xgboost_naive_transfer,0.12,5,77.49268975859964,57.125519220658504
108,1,xgboost,0.12,6,84.32629124165526,58.130868931526315
109,1,xgboost_naive_transfer,0.12,6,78.18212898381002,57.60609892943146
110,1,xgboost,0.12,7,86.46500875915507,59.34813305313273
111,1,xgboost_naive_transfer,0.12,7,80.18578639401768,58.520674760380395
112,1,xgboost,0.15,1,74.3551942610216,52.89772955112305
113,1,xgboost_naive_transfer,0.15,1,76.52617065569652,56.76743988755394
114,1,xgboost,0.15,2,74.17671137741917,52.57181204936421
115,1,xgboost_naive_transfer,0.15,2,76.89103799930557,56.81183184913441
116,1,xgboost,0.15,3,78.68114495229352,54.507796745008655
117,1,xgboost_naive_transfer,0.15,3,76.5927787443944,56.234067647574065
118,1,xgboost,0.15,4,80.69707221187888,56.01961775801418
119,1,xgboost_naive_transfer,0.15,4,77.1368160061975,56.78157251595817
120,1,xgboost,0.15,5,82.31344477273379,56.58681925612097
121,1,xgboost_naive_transfer,0.15,5,77.95720180255813,57.5345285167103
122,1,xgboost,0.15,6,84.99355329528352,58.449332649619194
123,1,xgboost_naive_transfer,0.15,6,80.4267059095323,58.33955336889575
124,1,xgboost,0.15,7,86.48025293387602,59.296274401877014
125,1,xgboost_naive_transfer,0.15,7,81.9729259602939,58.97014018448907
126,2,xgboost,0.005,1,86.34707956410647,61.20936744014414
127,2,xgboost_naive_transfer,0.005,1,79.90269483977478,58.81733226859744
128,2,xgboost,0.005,2,86.04529570685449,60.871650075847654
129,2,xgboost_naive_transfer,0.005,2,79.19697813562615,57.970068175581986
130,2,xgboost,0.005,3,86.24396054585743,61.286209560588865
131,2,xgboost_naive_transfer,0.005,3,78.44231803629991,57.57177184817366
132,2,xgboost,0.005,4,90.44353178350534,62.739604168928274
133,2,xgboost_naive_transfer,0.005,4,78.42348791248894,57.88805593729356
134,2,xgboost,0.005,5,96.60718877274076,67.40639356168802
135,2,xgboost_naive_transfer,0.005,5,78.52263980617973,57.93671740206296
136,2,xgboost,0.005,6,95.62146403425295,66.76604960633973
137,2,xgboost_naive_transfer,0.005,6,78.24307542737728,57.948914310275306
138,2,xgboost,0.005,7,96.86619691892665,67.9670466925237
139,2,xgboost_naive_transfer,0.005,7,79.41420400603822,58.48828540132996
140,2,xgboost,0.01,1,86.12277883185764,60.63470463072416
141,2,xgboost_naive_transfer,0.01,1,79.9020626765561,58.72492470745818
142,2,xgboost,0.01,2,85.7226473167897,59.9087501552519
143,2,xgboost_naive_transfer,0.01,2,79.27043254044749,57.980425533670896
144,2,xgboost,0.01,3,86.08029106091945,60.842349453338926
145,2,xgboost_naive_transfer,0.01,3,78.45403668864766,57.53909707774606
146,2,xgboost,0.01,4,90.58142124027076,62.91311796727085
147,2,xgboost_naive_transfer,0.01,4,78.49004839494232,57.935618659367655
148,2,xgboost,0.01,5,95.96781339405453,66.6781544170287
149,2,xgboost_naive_transfer,0.01,5,78.5368498353897,57.932064503151366
150,2,xgboost,0.01,6,95.73933211254823,66.77534501831974
151,2,xgboost_naive_transfer,0.01,6,78.17404176118269,57.866449632428456
152,2,xgboost,0.01,7,96.8912803817561,67.72936968908995
153,2,xgboost_naive_transfer,0.01,7,79.5301293834868,58.54674657520281
154,2,xgboost,0.02,1,85.9823382256688,60.21863966785935
155,2,xgboost_naive_transfer,0.02,1,79.92809381459017,58.74093143135147
156,2,xgboost,0.02,2,85.9597230988195,60.61373042461606
157,2,xgboost_naive_transfer,0.02,2,79.41674174117135,58.05827310887573
158,2,xgboost,0.02,3,86.00092147166613,60.06250504774602
159,2,xgboost_naive_transfer,0.02,3,78.63906154328262,57.597107303532745
160,2,xgboost,0.02,4,90.49152352107465,62.86032981291591
161,2,xgboost_naive_transfer,0.02,4,78.49157362734829,57.873243378674744
162,2,xgboost,0.02,5,95.80005617597853,66.64790707036966
163,2,xgboost_naive_transfer,0.02,5,78.34533029939871,57.76362343204052
164,2,xgboost,0.02,6,96.63408673780027,67.05972127087817
165,2,xgboost_naive_transfer,0.02,6,78.25703038511391,57.76056825181761
166,2,xgboost,0.02,7,96.90383589008312,66.9123871990719
167,2,xgboost_naive_transfer,0.02,7,79.82095257186931,58.54863940451764
168,2,xgboost,0.03,1,86.14109697058802,60.743228679075735
169,2,xgboost_naive_transfer,0.03,1,79.89722998445623,58.645901923744944
170,2,xgboost,0.03,2,85.60568092859371,59.589569098694305
171,2,xgboost_naive_transfer,0.03,2,79.43064925561228,58.08824189398476
172,2,xgboost,0.03,3,86.31323791756701,60.598958288880745
173,2,xgboost_naive_transfer,0.03,3,78.77829885899743,57.761940994968676
174,2,xgboost,0.03,4,90.3709152948238,62.778189145723246
175,2,xgboost_naive_transfer,0.03,4,78.87522613566209,57.95422495034915
176,2,xgboost,0.03,5,95.08971373157598,66.5799733820193
177,2,xgboost_naive_transfer,0.03,5,78.50104211045398,57.77141448372112
178,2,xgboost,0.03,6,96.06301803719836,67.01303595284774
179,2,xgboost_naive_transfer,0.03,6,78.25125036379765,57.686456568532115
180,2,xgboost,0.03,7,97.81991498085459,67.44763628523674
181,2,xgboost_naive_transfer,0.03,7,79.50945030235017,58.30080517121788
182,2,xgboost,0.05,1,86.05190849132848,59.95115454755681
183,2,xgboost_naive_transfer,0.05,1,80.20317277891637,58.86136150340302
184,2,xgboost,0.05,2,85.8937501961167,59.528344689007966
185,2,xgboost_naive_transfer,0.05,2,79.89220673214331,58.348400057992656
186,2,xgboost,0.05,3,87.00409671927565,60.11330734894515
187,2,xgboost_naive_transfer,0.05,3,78.83342405769783,57.65701288803029
188,2,xgboost,0.05,4,91.41227391927028,62.990970348126694
189,2,xgboost_naive_transfer,0.05,4,79.2844741350798,58.238854422903024
190,2,xgboost,0.05,5,94.67240669136359,65.29857107395127
191,2,xgboost_naive_transfer,0.05,5,79.11599629335336,58.10293560610231
192,2,xgboost,0.05,6,95.10049185660174,65.44487624819068
193,2,xgboost_naive_transfer,0.05,6,79.56593596734794,57.98116554217074
194,2,xgboost,0.05,7,96.46483411073237,66.50158256309184
195,2,xgboost_naive_transfer,0.05,7,80.117751513551,58.53438333772516
196,2,xgboost,0.08,1,85.70320117031368,59.50763217499627
197,2,xgboost_naive_transfer,0.08,1,80.36779303295047,58.84918082665387
198,2,xgboost,0.08,2,86.12478641400168,59.49909852735269
199,2,xgboost_naive_transfer,0.08,2,81.0937128672882,59.03008610766093
200,2,xgboost,0.08,3,86.88878441289276,60.337169797059175
201,2,xgboost_naive_transfer,0.08,3,80.66551337099962,58.73032836195998
202,2,xgboost,0.08,4,91.39463011670732,62.476839990401196
203,2,xgboost_naive_transfer,0.08,4,80.14907898730172,58.68696533178831
204,2,xgboost,0.08,5,95.11689046710596,65.57210694188429
205,2,xgboost_naive_transfer,0.08,5,79.6429747680695,58.247909801775116
206,2,xgboost,0.08,6,96.28965079513488,65.81122867861014
207,2,xgboost_naive_transfer,0.08,6,79.4884160207839,58.06301302403915
208,2,xgboost,0.08,7,96.14662655558878,65.80567854704604
209,2,xgboost_naive_transfer,0.08,7,81.4009253245744,59.09898747890835
210,2,xgboost,0.1,1,85.97462776424251,59.54095355731341
211,2,xgboost_naive_transfer,0.1,1,81.0475656764378,59.387097221627236
212,2,xgboost,0.1,2,86.12075545208113,59.464136446900966
213,2,xgboost_naive_transfer,0.1,2,81.47853256700337,59.2460786314864
214,2,xgboost,0.1,3,86.11985184417544,59.84512132267892
215,2,xgboost_naive_transfer,0.1,3,81.00195056883199,59.07805800293338
216,2,xgboost,0.1,4,91.54455579875025,62.13466915677636
217,2,xgboost_naive_transfer,0.1,4,80.86603920657423,58.83320433973839
218,2,xgboost,0.1,5,95.42319302867605,64.76491641726767
219,2,xgboost_naive_transfer,0.1,5,80.5548330690681,58.60991410297812
220,2,xgboost,0.1,6,97.71204494257437,66.92176839007948
221,2,xgboost_naive_transfer,0.1,6,80.78323165654822,58.42274710405575
222,2,xgboost,0.1,7,96.25420057007899,66.33629136869094
223,2,xgboost_naive_transfer,0.1,7,81.79282662089338,59.37169303971807
224,2,xgboost,0.12,1,85.91061325676851,59.72616533429796
225,2,xgboost_naive_transfer,0.12,1,80.68662323628098,59.00115493746267
226,2,xgboost,0.12,2,85.91708087587863,59.07740262769899
227,2,xgboost_naive_transfer,0.12,2,81.18015982941803,58.9928943269116
228,2,xgboost,0.12,3,87.50805110167812,60.19347258199757
229,2,xgboost_naive_transfer,0.12,3,81.07482112540832,58.87505537091579
230,2,xgboost,0.12,4,92.40576103819387,62.85246899113114
231,2,xgboost_naive_transfer,0.12,4,80.36324649420989,58.89941179354056
232,2,xgboost,0.12,5,94.99811196634192,64.4213938670152
233,2,xgboost_naive_transfer,0.12,5,80.8756195554836,58.371976099112445
234,2,xgboost,0.12,6,96.87748995494363,66.66497084665907
235,2,xgboost_naive_transfer,0.12,6,81.52102812230967,58.881362310387445
236,2,xgboost,0.12,7,96.39035186429216,65.3665672487053
237,2,xgboost_naive_transfer,0.12,7,82.6150912300967,59.42872949194693
238,2,xgboost,0.15,1,85.29085239852472,59.0393092404151
239,2,xgboost_naive_transfer,0.15,1,82.34709360644008,59.884679321257146
240,2,xgboost,0.15,2,86.4889064794318,58.86794926210889
241,2,xgboost_naive_transfer,0.15,2,82.05670867111549,59.371464557774814
242,2,xgboost,0.15,3,86.6840209252051,59.994321555175475
243,2,xgboost_naive_transfer,0.15,3,81.38863412008266,59.04373568612579
244,2,xgboost,0.15,4,91.491352197415,62.16418590240602
245,2,xgboost_naive_transfer,0.15,4,80.88111911084276,59.06174997709735
246,2,xgboost,0.15,5,95.82489857864563,65.76453655606163
247,2,xgboost_naive_transfer,0.15,5,82.0507581986975,59.39056120864605
248,2,xgboost,0.15,6,97.59383235569639,66.61077435267059
249,2,xgboost_naive_transfer,0.15,6,80.55869304446806,58.55761756788953
250,2,xgboost,0.15,7,96.65706578110948,65.68261831494112
251,2,xgboost_naive_transfer,0.15,7,83.50452409492215,60.39013900226965
252,3,xgboost,0.005,1,76.78512401343073,54.7211388778218
253,3,xgboost_naive_transfer,0.005,1,77.83061364949712,57.18493985529973
254,3,xgboost,0.005,2,76.3558934220046,53.15661311827332
255,3,xgboost_naive_transfer,0.005,2,77.20361629663341,56.465988471094526
256,3,xgboost,0.005,3,77.35096422099157,53.88263825137532
257,3,xgboost_naive_transfer,0.005,3,76.16907348190878,56.09082239645095
258,3,xgboost,0.005,4,80.3811019783964,55.92307923881229
259,3,xgboost_naive_transfer,0.005,4,76.460873180823,56.7650018808685
260,3,xgboost,0.005,5,82.19841977041563,57.404515418093816
261,3,xgboost_naive_transfer,0.005,5,77.18761112587846,57.302024437174154
262,3,xgboost,0.005,6,83.77967079349229,58.7803715225041
263,3,xgboost_naive_transfer,0.005,6,77.8371822489892,57.59768747512602
264,3,xgboost,0.005,7,84.50666120064062,59.180856012446505
265,3,xgboost_naive_transfer,0.005,7,79.29226233294902,58.201894573269115
266,3,xgboost,0.01,1,75.88750353236169,53.05219526314381
267,3,xgboost_naive_transfer,0.01,1,77.76930028140794,57.044839687396745
268,3,xgboost,0.01,2,76.45278082091912,53.23484287927458
269,3,xgboost_naive_transfer,0.01,2,77.22687207939852,56.470419462265596
270,3,xgboost,0.01,3,77.34415615542036,53.8187678386239
271,3,xgboost_naive_transfer,0.01,3,76.20832074993606,56.02465192852545
272,3,xgboost,0.01,4,80.36176375883186,56.02222070920507
273,3,xgboost_naive_transfer,0.01,4,76.57182396103676,56.79599862660401
274,3,xgboost,0.01,5,82.06771855805057,57.23145158421066
275,3,xgboost_naive_transfer,0.01,5,77.14242049224264,57.25605954267173
276,3,xgboost,0.01,6,83.68353675490782,57.85618378472303
277,3,xgboost_naive_transfer,0.01,6,77.9321182490379,57.6712387915404
278,3,xgboost,0.01,7,84.40644620615956,59.20939816834585
279,3,xgboost_naive_transfer,0.01,7,79.11596054551163,58.106072779375886
280,3,xgboost,0.02,1,75.90243619100781,53.030203117676876
281,3,xgboost_naive_transfer,0.02,1,77.82185326549606,57.05983173053831
282,3,xgboost,0.02,2,76.4080854258649,53.10714613119575
283,3,xgboost_naive_transfer,0.02,2,77.39615250933532,56.44496363902259
284,3,xgboost,0.02,3,77.43925706381533,53.88591914927242
285,3,xgboost_naive_transfer,0.02,3,76.08498553649866,55.864496228809756
286,3,xgboost,0.02,4,80.20299678650674,55.64022441418618
287,3,xgboost_naive_transfer,0.02,4,76.70160489626808,56.660425985222666
288,3,xgboost,0.02,5,82.25394397773346,57.33650877389174
289,3,xgboost_naive_transfer,0.02,5,77.3238687000486,57.24757508289745
290,3,xgboost,0.02,6,83.50375944299813,58.02100919814147
291,3,xgboost_naive_transfer,0.02,6,78.2938360149723,57.6850852416522
292,3,xgboost,0.02,7,84.46479491145682,59.120197427049646
293,3,xgboost_naive_transfer,0.02,7,79.369856623686,58.22756465964397
294,3,xgboost,0.03,1,75.8761587074039,53.063781256163665
295,3,xgboost_naive_transfer,0.03,1,77.9404247095236,57.23833002900157
296,3,xgboost,0.03,2,76.46172179291662,53.238172091899436
297,3,xgboost_naive_transfer,0.03,2,77.47379693489063,56.45896863908935
298,3,xgboost,0.03,3,77.28779792173265,53.638007152939046
299,3,xgboost_naive_transfer,0.03,3,76.53724068017115,56.16848819660546
300,3,xgboost,0.03,4,80.28316999211013,55.77476479262429
301,3,xgboost_naive_transfer,0.03,4,76.71005741396155,56.69823278876181
302,3,xgboost,0.03,5,82.1584030348445,56.91824719121515
303,3,xgboost_naive_transfer,0.03,5,77.69490125255129,57.292303719566725
304,3,xgboost,0.03,6,83.34398970753976,57.87990623353999
305,3,xgboost_naive_transfer,0.03,6,77.97726409169726,57.602476980987504
306,3,xgboost,0.03,7,84.60285982739292,59.15701839082363
307,3,xgboost_naive_transfer,0.03,7,79.41603318615864,58.17104266559945
308,3,xgboost,0.05,1,75.96480378777851,53.061165449897935
309,3,xgboost_naive_transfer,0.05,1,77.94942486280318,57.138436378031486
310,3,xgboost,0.05,2,76.37716693105673,53.21250855108132
311,3,xgboost_naive_transfer,0.05,2,77.79785656653497,56.61829724454612
312,3,xgboost,0.05,3,77.40058391939479,53.34779066494006
313,3,xgboost_naive_transfer,0.05,3,76.65788429515291,56.18785548347109
314,3,xgboost,0.05,4,80.12361861606567,55.48644686794298
315,3,xgboost_naive_transfer,0.05,4,77.08394763947368,56.6577890217827
316,3,xgboost,0.05,5,82.16899415433294,56.76872394482715
317,3,xgboost_naive_transfer,0.05,5,77.50661383892152,57.06687938577094
318,3,xgboost,0.05,6,82.59257271093965,57.049977358736726
319,3,xgboost_naive_transfer,0.05,6,79.08825785446354,58.082974657268615
320,3,xgboost,0.05,7,84.90373501505557,59.21654713575001
321,3,xgboost_naive_transfer,0.05,7,79.60440626758667,58.24084966431228
322,3,xgboost,0.08,1,75.92029714767482,52.86843561922024
323,3,xgboost_naive_transfer,0.08,1,78.1096519676547,57.16506051060731
324,3,xgboost,0.08,2,76.59797932678391,53.18093015481375
325,3,xgboost_naive_transfer,0.08,2,78.22833753156074,56.94989300057759
326,3,xgboost,0.08,3,77.03620273472661,53.31719134949263
327,3,xgboost_naive_transfer,0.08,3,77.72936779442944,56.82041001879875
328,3,xgboost,0.08,4,81.38821754118058,56.18051290424543
329,3,xgboost_naive_transfer,0.08,4,78.94987899383803,57.71674943980988
330,3,xgboost,0.08,5,82.42859212735206,56.773119867908335
331,3,xgboost_naive_transfer,0.08,5,78.72746426192484,57.61467672962041
332,3,xgboost,0.08,6,84.19814828329254,58.500740668241896
333,3,xgboost_naive_transfer,0.08,6,80.55654522477526,58.85020028401339
334,3,xgboost,0.08,7,84.71939716365212,58.942548286815544
335,3,xgboost_naive_transfer,0.08,7,81.47699412162511,58.876190298627165
336,3,xgboost,0.1,1,75.86917730692464,52.834416213063356
337,3,xgboost_naive_transfer,0.1,1,78.16712186084735,57.26755219365244
338,3,xgboost,0.1,2,76.40331506378145,52.89421401697793
339,3,xgboost_naive_transfer,0.1,2,78.74870132173237,57.364732040653365
340,3,xgboost,0.1,3,77.35935442241653,53.23424209792694
341,3,xgboost_naive_transfer,0.1,3,78.2134772598056,56.8446687156072
342,3,xgboost,0.1,4,80.78702518844148,56.0401445216271
343,3,xgboost_naive_transfer,0.1,4,78.98144315974476,57.86865147191507
344,3,xgboost,0.1,5,82.45824828867062,56.860888662766236
345,3,xgboost_naive_transfer,0.1,5,79.9191718680403,58.22089143554524
346,3,xgboost,0.1,6,84.31639491039158,58.11371994549204
347,3,xgboost_naive_transfer,0.1,6,81.5155553364079,59.21969419718446
348,3,xgboost,0.1,7,85.28677204589776,59.5626418185612
349,3,xgboost_naive_transfer,0.1,7,81.37538771730335,58.924975822040345
350,3,xgboost,0.12,1,76.19782557045683,53.226891467069564
351,3,xgboost_naive_transfer,0.12,1,78.69697648351723,57.656609619434114
352,3,xgboost,0.12,2,75.87119243037401,52.485699020671525
353,3,xgboost_naive_transfer,0.12,2,79.83175865454952,57.84916704747972
354,3,xgboost,0.12,3,78.17999203755618,54.21121869011571
355,3,xgboost_naive_transfer,0.12,3,78.16514475176706,56.948363454591124
356,3,xgboost,0.12,4,81.10529934510916,55.94861401362007
357,3,xgboost_naive_transfer,0.12,4,79.06016398649187,57.3117459075482
358,3,xgboost,0.12,5,82.20656078601593,56.65365095693226
359,3,xgboost_naive_transfer,0.12,5,81.1093179272568,58.99995048708136
360,3,xgboost,0.12,6,83.87480591625186,58.24788928457753
361,3,xgboost_naive_transfer,0.12,6,81.14012563932113,59.08212882991422
362,3,xgboost,0.12,7,84.47164397237553,58.602885066939116
363,3,xgboost_naive_transfer,0.12,7,82.64977557544117,59.87729032932183
364,3,xgboost,0.15,1,75.85084326756261,53.08275331274468
365,3,xgboost_naive_transfer,0.15,1,79.02286586493204,57.44293208496459
366,3,xgboost,0.15,2,76.55907649686931,52.838111819778426
367,3,xgboost_naive_transfer,0.15,2,80.18808709255025,58.3008628145479
368,3,xgboost,0.15,3,77.08611317929095,53.14212890895909
369,3,xgboost_naive_transfer,0.15,3,78.8866728782216,57.40556426993489
370,3,xgboost,0.15,4,82.27622229481517,57.05456799649968
371,3,xgboost_naive_transfer,0.15,4,80.35808142648635,58.70722159549118
372,3,xgboost,0.15,5,82.75630066074952,56.782768837384815
373,3,xgboost_naive_transfer,0.15,5,81.34883599945697,58.7254570156566
374,3,xgboost,0.15,6,84.89147021075331,58.39855166587634
375,3,xgboost_naive_transfer,0.15,6,82.6600429318821,60.07544953365146
376,3,xgboost,0.15,7,84.37875951522328,58.54605620456187
377,3,xgboost_naive_transfer,0.15,7,82.47902811251583,59.84734506784291
