,seed,method,v,source_tree_size,target_tree_size,k,m_0,rmse,mae
0,1,LSTransferTreeBoost,0.05,1,1,0.01,0.5,68.37720555289853,46.68536227650596
1,1,LSTransferTreeBoost,0.05,1,1,0.01,0.9,67.83966357573348,46.21316473217113
2,1,LSTransferTreeBoost,0.05,1,1,0.05,0.5,68.64597533292903,47.06582249550297
3,1,LSTransferTreeBoost,0.05,1,1,0.05,0.9,68.70886336008728,47.05323698857156
4,1,LSTransferTreeBoost,0.05,1,2,0.01,0.5,69.0824488608046,47.336692666737434
5,1,LSTransferTreeBoost,0.05,1,2,0.01,0.9,69.10767644315102,47.53591163691177
6,1,LSTransferTreeBoost,0.05,1,2,0.05,0.5,69.5341721957358,47.4576910672445
7,1,LSTransferTreeBoost,0.05,1,2,0.05,0.9,69.42160202294917,47.506164534690534
8,1,LSTransferTreeBoost,0.05,2,1,0.01,0.5,68.23913909639302,46.6939886282047
9,1,LSTransferTreeBoost,0.05,2,1,0.01,0.9,67.90527388691386,46.65021540841801
10,1,LSTransferTreeBoost,0.05,2,1,0.05,0.5,68.67415262627082,47.16461557595732
11,1,LSTransferTreeBoost,0.05,2,1,0.05,0.9,68.45929221887998,46.91801357798935
12,1,LSTransferTreeBoost,0.05,2,2,0.01,0.5,69.14402273604011,47.6679879868009
13,1,LSTransferTreeBoost,0.05,2,2,0.01,0.9,68.76671982249354,47.21858721675139
14,1,LSTransferTreeBoost,0.05,2,2,0.05,0.5,69.05181577342587,47.409910596928626
15,1,LSTransferTreeBoost,0.05,2,2,0.05,0.9,68.84749606240571,47.162066657682715
16,1,LSTransferTreeBoost,0.1,1,1,0.01,0.5,68.34196495980191,46.61187957751392
17,1,LSTransferTreeBoost,0.1,1,1,0.01,0.9,67.78784623343294,46.264387122266115
18,1,LSTransferTreeBoost,0.1,1,1,0.05,0.5,68.57649322850882,47.027349334806736
19,1,LSTransferTreeBoost,0.1,1,1,0.05,0.9,68.08467164079731,46.41156907452383
20,1,LSTransferTreeBoost,0.1,1,2,0.01,0.5,69.1828539951169,47.58052308417846
21,1,LSTransferTreeBoost,0.1,1,2,0.01,0.9,68.59013831160773,47.58148890813213
22,1,LSTransferTreeBoost,0.1,1,2,0.05,0.5,69.58414664192907,47.93350737267712
23,1,LSTransferTreeBoost,0.1,1,2,0.05,0.9,69.12161329151624,47.25594738830291
24,1,LSTransferTreeBoost,0.1,2,1,0.01,0.5,68.3475071355628,46.88369241025401
25,1,LSTransferTreeBoost,0.1,2,1,0.01,0.9,68.23601883361599,46.9996754536904
26,1,LSTransferTreeBoost,0.1,2,1,0.05,0.5,68.36744668838305,46.78407512152546
27,1,LSTransferTreeBoost,0.1,2,1,0.05,0.9,68.1885775324829,46.41548755314821
28,1,LSTransferTreeBoost,0.1,2,2,0.01,0.5,69.3177866614652,47.771858521452344
29,1,LSTransferTreeBoost,0.1,2,2,0.01,0.9,68.64355120876904,47.69268267973902
30,1,LSTransferTreeBoost,0.1,2,2,0.05,0.5,69.14357229001759,48.01868007567656
31,1,LSTransferTreeBoost,0.1,2,2,0.05,0.9,68.88896499140726,47.403440726138065
32,2,LSTransferTreeBoost,0.05,1,1,0.01,0.5,76.54117757461212,53.33907748711583
33,2,LSTransferTreeBoost,0.05,1,1,0.01,0.9,76.1787635428731,53.040037838707
34,2,LSTransferTreeBoost,0.05,1,1,0.05,0.5,76.00911174336728,52.699034150403136
35,2,LSTransferTreeBoost,0.05,1,1,0.05,0.9,76.39400512877158,52.818979236075215
36,2,LSTransferTreeBoost,0.05,1,2,0.01,0.5,76.87570215985718,53.875371917430535
37,2,LSTransferTreeBoost,0.05,1,2,0.01,0.9,76.37068195235288,53.99498114946589
38,2,LSTransferTreeBoost,0.05,1,2,0.05,0.5,78.11397797711265,53.715060369036536
39,2,LSTransferTreeBoost,0.05,1,2,0.05,0.9,77.61483014108238,53.736281923853646
40,2,LSTransferTreeBoost,0.05,2,1,0.01,0.5,75.84258159564943,52.651112246417384
41,2,LSTransferTreeBoost,0.05,2,1,0.01,0.9,75.37339161737074,52.268928174216846
42,2,LSTransferTreeBoost,0.05,2,1,0.05,0.5,75.6111848811076,52.86416511692852
43,2,LSTransferTreeBoost,0.05,2,1,0.05,0.9,76.0314847044248,52.72518724243029
44,2,LSTransferTreeBoost,0.05,2,2,0.01,0.5,76.26280929164173,53.422199533475734
45,2,LSTransferTreeBoost,0.05,2,2,0.01,0.9,75.71117266281219,53.62371052798199
46,2,LSTransferTreeBoost,0.05,2,2,0.05,0.5,76.9054444912757,53.42348943784052
47,2,LSTransferTreeBoost,0.05,2,2,0.05,0.9,76.88587745674269,53.359988429585364
48,2,LSTransferTreeBoost,0.1,1,1,0.01,0.5,76.66153665822405,53.68744860694363
49,2,LSTransferTreeBoost,0.1,1,1,0.01,0.9,75.78828074610902,53.19839840541229
50,2,LSTransferTreeBoost,0.1,1,1,0.05,0.5,76.30831740644223,52.90681517294895
51,2,LSTransferTreeBoost,0.1,1,1,0.05,0.9,76.54162533211101,52.821861574260694
52,2,LSTransferTreeBoost,0.1,1,2,0.01,0.5,76.79315733722122,54.071662719536334
53,2,LSTransferTreeBoost,0.1,1,2,0.01,0.9,76.19641981551688,53.98223162473849
54,2,LSTransferTreeBoost,0.1,1,2,0.05,0.5,76.96649340931691,53.23305637736186
55,2,LSTransferTreeBoost,0.1,1,2,0.05,0.9,77.1260455049391,53.8489847125362
56,2,LSTransferTreeBoost,0.1,2,1,0.01,0.5,75.82115761888589,52.57878009941054
57,2,LSTransferTreeBoost,0.1,2,1,0.01,0.9,75.30010545954121,52.414667975019725
58,2,LSTransferTreeBoost,0.1,2,1,0.05,0.5,75.74100467480778,52.82055531665469
59,2,LSTransferTreeBoost,0.1,2,1,0.05,0.9,75.81816540635648,52.19910021021619
60,2,LSTransferTreeBoost,0.1,2,2,0.01,0.5,76.27044718544941,53.662565322276876
61,2,LSTransferTreeBoost,0.1,2,2,0.01,0.9,75.508546200059,53.05126474733156
62,2,LSTransferTreeBoost,0.1,2,2,0.05,0.5,76.25816314170989,52.92489465328993
63,2,LSTransferTreeBoost,0.1,2,2,0.05,0.9,76.08483976607343,52.89446347658514
64,3,LSTransferTreeBoost,0.05,1,1,0.01,0.5,75.2835901728229,51.32106764829793
65,3,LSTransferTreeBoost,0.05,1,1,0.01,0.9,75.01702648313588,50.919200692651806
66,3,LSTransferTreeBoost,0.05,1,1,0.05,0.5,75.41775683590053,51.41082097098772
67,3,LSTransferTreeBoost,0.05,1,1,0.05,0.9,75.13599092510803,51.230501564559134
68,3,LSTransferTreeBoost,0.05,1,2,0.01,0.5,76.610508866568,51.566686865106085
69,3,LSTransferTreeBoost,0.05,1,2,0.01,0.9,76.26584054737924,51.5191405603624
70,3,LSTransferTreeBoost,0.05,1,2,0.05,0.5,76.90812553367134,51.562597358876346
71,3,LSTransferTreeBoost,0.05,1,2,0.05,0.9,76.87870093290158,51.58973781284199
72,3,LSTransferTreeBoost,0.05,2,1,0.01,0.5,74.28573633222582,49.96101230872575
73,3,LSTransferTreeBoost,0.05,2,1,0.01,0.9,75.16278899245313,50.08229375951603
74,3,LSTransferTreeBoost,0.05,2,1,0.05,0.5,74.64097097681167,50.82020382348165
75,3,LSTransferTreeBoost,0.05,2,1,0.05,0.9,74.17429039001142,50.2800176330058
76,3,LSTransferTreeBoost,0.05,2,2,0.01,0.5,76.72811852206172,51.47851502350061
77,3,LSTransferTreeBoost,0.05,2,2,0.01,0.9,76.60533837255795,51.37838728363774
78,3,LSTransferTreeBoost,0.05,2,2,0.05,0.5,77.29021242260934,52.040438249887
79,3,LSTransferTreeBoost,0.05,2,2,0.05,0.9,77.00763125184493,51.66750757401689
80,3,LSTransferTreeBoost,0.1,1,1,0.01,0.5,74.97577266765423,51.08673702390931
81,3,LSTransferTreeBoost,0.1,1,1,0.01,0.9,75.04484404793425,51.02705040566448
82,3,LSTransferTreeBoost,0.1,1,1,0.05,0.5,75.04277310804096,51.0018187413431
83,3,LSTransferTreeBoost,0.1,1,1,0.05,0.9,75.02235138916191,51.03211069050402
84,3,LSTransferTreeBoost,0.1,1,2,0.01,0.5,76.48075713047339,51.7013847445681
85,3,LSTransferTreeBoost,0.1,1,2,0.01,0.9,76.2340800412344,51.65175357664322
86,3,LSTransferTreeBoost,0.1,1,2,0.05,0.5,77.23786802264833,51.97847571579777
87,3,LSTransferTreeBoost,0.1,1,2,0.05,0.9,76.8500801668556,51.641670095733936
88,3,LSTransferTreeBoost,0.1,2,1,0.01,0.5,74.40427311465747,49.98604041973518
89,3,LSTransferTreeBoost,0.1,2,1,0.01,0.9,74.64914919762084,49.87765483777169
90,3,LSTransferTreeBoost,0.1,2,1,0.05,0.5,74.40485780549616,50.05877797994691
91,3,LSTransferTreeBoost,0.1,2,1,0.05,0.9,74.02375207890623,49.73123695072342
92,3,LSTransferTreeBoost,0.1,2,2,0.01,0.5,76.58473510028223,51.438891936230384
93,3,LSTransferTreeBoost,0.1,2,2,0.01,0.9,76.38878270216632,51.32526986101569
94,3,LSTransferTreeBoost,0.1,2,2,0.05,0.5,77.21681929674702,51.828380312745615
95,3,LSTransferTreeBoost,0.1,2,2,0.05,0.9,77.42187976263898,52.02786155100531
