,seed,learning_rate,dropout,val_rmse,val_mae,rmse,mae
0,860.0,0.001,0.0,17.575624465942383,16.813608169555664,23.845176696777344,21.218738555908203
1,860.0,0.001,0.1,115.03641510009766,112.6999740600586,117.90971374511719,115.5143051147461
2,860.0,0.001,0.2,307.418212890625,295.69293212890625,313.1142883300781,301.4722595214844
3,860.0,0.0005,0.0,73.26166534423828,46.25339889526367,115.46165466308594,82.07860565185547
4,860.0,0.0005,0.1,277.7969055175781,253.69021606445312,300.9455261230469,272.538818359375
5,860.0,0.0005,0.2,58.43720245361328,58.10670852661133,58.49525451660156,58.229713439941406
6,860.0,0.0001,0.0,57.7973518371582,43.5254020690918,110.09286499023438,74.62408447265625
7,860.0,0.0001,0.1,41.1314697265625,31.92594337463379,55.42856979370117,42.25939178466797
8,860.0,0.0001,0.2,49.721534729003906,46.36768341064453,98.10205841064453,73.99259185791016
9,860.0,5e-05,0.0,51.53173828125,41.554786682128906,97.98143005371094,64.94708251953125
10,860.0,5e-05,0.1,27.324369430541992,22.312129974365234,43.196311950683594,30.394607543945312
11,860.0,5e-05,0.2,11.91185474395752,8.933286666870117,24.64622688293457,18.930194854736328
12,860.0,1e-05,0.0,4240.24853515625,4155.2197265625,4089.384521484375,4015.258544921875
13,860.0,1e-05,0.1,4125.3681640625,4039.824951171875,3982.631591796875,3909.038330078125
14,860.0,1e-05,0.2,4562.61376953125,4467.78271484375,4417.61865234375,4336.783203125
15,861.0,0.001,0.0,310.63934326171875,270.7227478027344,360.47882080078125,322.5785217285156
16,861.0,0.001,0.1,179.8029022216797,174.33212280273438,189.47000122070312,184.7170867919922
17,861.0,0.001,0.2,109.5780258178711,108.44923400878906,109.6514663696289,108.9462890625
18,861.0,0.0005,0.0,75.10899353027344,58.520286560058594,83.5497817993164,67.53965759277344
19,861.0,0.0005,0.1,297.13458251953125,282.6641845703125,323.10540771484375,309.8318786621094
20,861.0,0.0005,0.2,130.9299774169922,126.51904296875,139.68502807617188,135.7442169189453
21,861.0,0.0001,0.0,73.15943145751953,57.8250617980957,76.1330337524414,60.75714874267578
22,861.0,0.0001,0.1,102.70442199707031,83.36018371582031,126.175537109375,103.52568054199219
23,861.0,0.0001,0.2,50.371437072753906,43.008766174316406,41.70742416381836,36.343650817871094
24,861.0,5e-05,0.0,55.20253372192383,44.391754150390625,58.08196258544922,47.49140167236328
25,861.0,5e-05,0.1,49.28687286376953,41.83448028564453,45.87661361694336,37.357303619384766
26,861.0,5e-05,0.2,43.31986618041992,36.766048431396484,52.574527740478516,44.5503044128418
27,861.0,1e-05,0.0,4682.80908203125,4582.6474609375,4679.263671875,4611.6513671875
28,861.0,1e-05,0.1,2867.78125,2813.51318359375,2826.83740234375,2792.1005859375
29,861.0,1e-05,0.2,4322.6904296875,4232.58642578125,4296.9873046875,4237.3642578125
30,862.0,0.001,0.0,8.850924491882324,7.024893283843994,8.209684371948242,6.180985927581787
31,862.0,0.001,0.1,144.31495666503906,141.19029235839844,141.98526000976562,139.0985870361328
32,862.0,0.001,0.2,230.87509155273438,213.4363555908203,225.6087188720703,209.29312133789062
33,862.0,0.0005,0.0,204.78756713867188,172.1411895751953,200.58724975585938,147.50637817382812
34,862.0,0.0005,0.1,131.69131469726562,118.40959167480469,128.260986328125,106.34190368652344
35,862.0,0.0005,0.2,286.3097229003906,269.51611328125,280.5780029296875,265.3240661621094
36,862.0,0.0001,0.0,113.62837219238281,89.29664611816406,118.66891479492188,83.07075500488281
37,862.0,0.0001,0.1,167.3226318359375,144.70046997070312,168.23110961914062,125.64668273925781
38,862.0,0.0001,0.2,44.136375427246094,35.31142807006836,54.96966552734375,42.617210388183594
39,862.0,5e-05,0.0,29.52169418334961,26.14987564086914,32.30442428588867,20.851604461669922
40,862.0,5e-05,0.1,27.413686752319336,23.398412704467773,30.684768676757812,19.225881576538086
41,862.0,5e-05,0.2,83.164306640625,67.75480651855469,101.06813049316406,65.30012512207031
42,862.0,1e-05,0.0,3767.31884765625,3668.00927734375,3718.33056640625,3616.73046875
43,862.0,1e-05,0.1,2354.81494140625,2301.450927734375,2328.203857421875,2270.91845703125
44,862.0,1e-05,0.2,4862.62890625,4729.90869140625,4797.05029296875,4667.3662109375
45,863.0,0.001,0.0,6.673196315765381,5.426314353942871,5.726675033569336,4.529524326324463
46,863.0,0.001,0.1,240.15185546875,231.0953369140625,237.4432830810547,231.64804077148438
47,863.0,0.001,0.2,365.9048156738281,359.9914855957031,380.080078125,375.60076904296875
48,863.0,0.0005,0.0,137.49282836914062,114.32659912109375,96.9764633178711,67.35856628417969
49,863.0,0.0005,0.1,137.57281494140625,118.0224380493164,111.9747085571289,102.9587173461914
50,863.0,0.0005,0.2,152.2830352783203,148.58444213867188,154.3974609375,151.92196655273438
51,863.0,0.0001,0.0,121.03099822998047,101.31381225585938,99.87818145751953,62.40617752075195
52,863.0,0.0001,0.1,47.757930755615234,39.09973907470703,32.41871643066406,22.411556243896484
53,863.0,0.0001,0.2,32.350772857666016,27.902963638305664,29.64261245727539,24.673702239990234
54,863.0,5e-05,0.0,168.31387329101562,141.49208068847656,131.372314453125,87.01060485839844
55,863.0,5e-05,0.1,67.59416198730469,54.200889587402344,45.37434387207031,31.65249252319336
56,863.0,5e-05,0.2,38.29304504394531,32.20507049560547,41.27806854248047,35.7439079284668
57,863.0,1e-05,0.0,5510.9833984375,5430.67529296875,5897.05908203125,5828.75341796875
58,863.0,1e-05,0.1,4547.2041015625,4478.8720703125,4850.64697265625,4793.48095703125
59,863.0,1e-05,0.2,3077.216552734375,3034.694091796875,3290.24951171875,3254.592529296875
60,864.0,0.001,0.0,207.24917602539062,198.76889038085938,241.48690795898438,234.0073699951172
61,864.0,0.001,0.1,164.8274383544922,153.00607299804688,195.35763549804688,188.45570373535156
62,864.0,0.001,0.2,405.8008117675781,399.01165771484375,438.7875061035156,432.92822265625
63,864.0,0.0005,0.0,7.1282501220703125,4.582778453826904,5.182008743286133,3.6788010597229004
64,864.0,0.0005,0.1,109.22279357910156,101.18890380859375,129.91571044921875,125.22591400146484
65,864.0,0.0005,0.2,359.0262451171875,346.37640380859375,408.4089660644531,399.4884948730469
66,864.0,0.0001,0.0,14.755149841308594,9.147909164428711,5.7183990478515625,4.839451313018799
67,864.0,0.0001,0.1,86.26248168945312,63.41822052001953,88.540771484375,75.60478973388672
68,864.0,0.0001,0.2,71.07987976074219,64.12559509277344,52.4975700378418,48.12824249267578
69,864.0,5e-05,0.0,106.94244384765625,82.29644775390625,64.96426391601562,54.75792694091797
70,864.0,5e-05,0.1,89.38384246826172,66.38886260986328,76.01744842529297,63.80725860595703
71,864.0,5e-05,0.2,87.37186431884766,80.86347961425781,71.39318084716797,68.72025299072266
72,864.0,1e-05,0.0,7406.81494140625,7289.68359375,7916.26611328125,7809.13671875
73,864.0,1e-05,0.1,1434.9156494140625,1414.219970703125,1508.6190185546875,1489.20068359375
74,864.0,1e-05,0.2,5347.89453125,5261.18798828125,5729.61376953125,5649.1953125
75,865.0,0.001,0.0,27.524141311645508,20.654987335205078,20.726686477661133,16.677330017089844
76,865.0,0.001,0.1,195.8284454345703,183.76622009277344,203.54417419433594,198.07752990722656
77,865.0,0.001,0.2,365.3704833984375,350.9416198730469,380.58013916015625,373.79266357421875
78,865.0,0.0005,0.0,179.646484375,150.56585693359375,142.85789489746094,114.02569580078125
79,865.0,0.0005,0.1,47.55802917480469,37.7762451171875,44.238399505615234,38.2874870300293
80,865.0,0.0005,0.2,115.85814666748047,104.73272705078125,119.66646575927734,114.39283752441406
81,865.0,0.0001,0.0,126.41238403320312,102.5,95.20712280273438,73.26884460449219
82,865.0,0.0001,0.1,112.1966323852539,98.0364761352539,87.81991577148438,73.57781982421875
83,865.0,0.0001,0.2,87.26229095458984,77.41890716552734,90.18708038330078,82.41688537597656
84,865.0,5e-05,0.0,114.35414123535156,94.22515106201172,88.0130844116211,71.02669525146484
85,865.0,5e-05,0.1,11.818351745605469,10.078156471252441,13.88906478881836,11.63308334350586
86,865.0,5e-05,0.2,38.25497817993164,31.355449676513672,29.1771183013916,22.646106719970703
87,865.0,1e-05,0.0,4509.3642578125,4375.51611328125,4703.96875,4641.05859375
88,865.0,1e-05,0.1,4867.0458984375,4710.3798828125,5079.46044921875,5006.1669921875
89,865.0,1e-05,0.2,4805.40234375,4658.8740234375,5019.5810546875,4950.4111328125
90,866.0,0.001,0.0,43.17863082885742,34.883792877197266,40.09453201293945,32.694644927978516
91,866.0,0.001,0.1,318.3912353515625,309.5633544921875,319.40826416015625,316.2276611328125
92,866.0,0.001,0.2,299.1305847167969,293.1111145019531,300.1995544433594,298.0341796875
93,866.0,0.0005,0.0,105.4526596069336,89.37886047363281,100.92906951904297,77.79474639892578
94,866.0,0.0005,0.1,201.98507690429688,192.74899291992188,199.63540649414062,196.10092163085938
95,866.0,0.0005,0.2,242.8964385986328,229.2600555419922,241.3103485107422,235.95773315429688
96,866.0,0.0001,0.0,130.20632934570312,108.11251068115234,118.52062225341797,88.41211700439453
97,866.0,0.0001,0.1,70.24523162841797,60.29435348510742,65.4209213256836,50.5833740234375
98,866.0,0.0001,0.2,36.5189208984375,29.56662368774414,33.565406799316406,26.93222999572754
99,866.0,5e-05,0.0,100.34136199951172,82.8189697265625,90.50927734375,68.29149627685547
100,866.0,5e-05,0.1,30.656614303588867,24.452877044677734,29.493375778198242,23.77947425842285
101,866.0,5e-05,0.2,83.80833435058594,69.77076721191406,71.2635726928711,53.526634216308594
102,866.0,1e-05,0.0,4786.033203125,4685.49755859375,4851.91015625,4810.56982421875
103,866.0,1e-05,0.1,2722.03662109375,2664.340576171875,2757.360107421875,2734.116943359375
104,866.0,1e-05,0.2,5018.62744140625,4909.7939453125,5087.64990234375,5043.23876953125
105,867.0,0.001,0.0,83.29066467285156,76.37932586669922,91.5478744506836,83.10774230957031
106,867.0,0.001,0.1,236.35794067382812,229.8597412109375,240.03469848632812,235.6339569091797
107,867.0,0.001,0.2,225.35321044921875,219.1028594970703,230.154052734375,225.80416870117188
108,867.0,0.0005,0.0,84.5880126953125,62.60456466674805,68.57218170166016,49.07931900024414
109,867.0,0.0005,0.1,383.6736145019531,361.2455139160156,396.6830139160156,383.13336181640625
110,867.0,0.0005,0.2,127.34657287597656,120.78401184082031,134.1805419921875,128.48635864257812
111,867.0,0.0001,0.0,82.74199676513672,57.950523376464844,58.64398956298828,43.77517318725586
112,867.0,0.0001,0.1,76.17156982421875,63.89336013793945,62.862430572509766,54.01532745361328
113,867.0,0.0001,0.2,75.54469299316406,67.66694641113281,82.9509506225586,73.46500396728516
114,867.0,5e-05,0.0,98.04168701171875,73.08503723144531,81.18633270263672,58.07111740112305
115,867.0,5e-05,0.1,54.942867279052734,51.21770477294922,48.806358337402344,45.140357971191406
116,867.0,5e-05,0.2,65.87159729003906,54.152793884277344,70.2423324584961,52.824241638183594
117,867.0,1e-05,0.0,3654.433837890625,3597.813720703125,3629.716552734375,3576.735107421875
118,867.0,1e-05,0.1,5811.5078125,5719.9951171875,5782.47021484375,5694.25
119,867.0,1e-05,0.2,3900.261474609375,3838.52734375,3880.822265625,3822.30419921875
120,868.0,0.001,0.0,8.869142532348633,7.402809143066406,8.894209861755371,7.194491386413574
121,868.0,0.001,0.1,322.293701171875,312.3297119140625,302.19415283203125,289.4994201660156
122,868.0,0.001,0.2,296.7012634277344,289.2205810546875,275.6365661621094,266.14898681640625
123,868.0,0.0005,0.0,11.054962158203125,9.797388076782227,9.681289672851562,8.159515380859375
124,868.0,0.0005,0.1,204.44525146484375,186.98526000976562,179.02488708496094,161.731201171875
125,868.0,0.0005,0.2,122.62234497070312,111.86676025390625,105.80768585205078,95.91170501708984
126,868.0,0.0001,0.0,40.482444763183594,31.529850006103516,34.20521545410156,25.91692543029785
127,868.0,0.0001,0.1,53.98971939086914,43.688140869140625,44.83442306518555,34.363853454589844
128,868.0,0.0001,0.2,48.07508087158203,39.083518981933594,34.36912155151367,27.41671371459961
129,868.0,5e-05,0.0,45.836910247802734,37.74462127685547,40.16059875488281,31.157894134521484
130,868.0,5e-05,0.1,24.043529510498047,19.89303207397461,17.846696853637695,14.414886474609375
131,868.0,5e-05,0.2,104.36840057373047,100.87258911132812,102.89400482177734,100.36787414550781
132,868.0,1e-05,0.0,3902.45556640625,3830.764892578125,3673.99951171875,3571.20263671875
133,868.0,1e-05,0.1,5022.05712890625,4928.7822265625,4724.1875,4591.2119140625
134,868.0,1e-05,0.2,4200.10400390625,4119.7333984375,3945.537841796875,3830.584716796875
135,869.0,0.001,0.0,7.095705032348633,5.781094074249268,5.618180751800537,4.51220178604126
136,869.0,0.001,0.1,296.53729248046875,282.34088134765625,306.2665710449219,298.02838134765625
137,869.0,0.001,0.2,283.6651611328125,276.95989990234375,287.8312072753906,283.5133972167969
138,869.0,0.0005,0.0,124.65827178955078,97.56778717041016,111.79247283935547,88.03950500488281
139,869.0,0.0005,0.1,203.79791259765625,184.23049926757812,207.1550750732422,193.68170166015625
140,869.0,0.0005,0.2,33.86972427368164,27.840139389038086,34.12255859375,29.123706817626953
141,869.0,0.0001,0.0,82.85453033447266,63.863685607910156,69.23503875732422,54.46979522705078
142,869.0,0.0001,0.1,29.68495750427246,21.925823211669922,25.06332015991211,19.575441360473633
143,869.0,0.0001,0.2,48.91371154785156,38.404541015625,43.376468658447266,35.45789337158203
144,869.0,5e-05,0.0,33.3682861328125,26.453664779663086,27.18373680114746,22.92514419555664
145,869.0,5e-05,0.1,58.60612106323242,46.409156799316406,55.137569427490234,46.53586959838867
146,869.0,5e-05,0.2,32.88302230834961,26.621252059936523,27.289098739624023,23.648988723754883
147,869.0,1e-05,0.0,6117.93408203125,6006.8095703125,6179.7744140625,6098.8232421875
148,869.0,1e-05,0.1,2591.68701171875,2544.29541015625,2622.04248046875,2587.860595703125
149,869.0,1e-05,0.2,3353.367919921875,3292.65673828125,3392.19482421875,3348.450439453125
150,870.0,0.001,0.0,13.1007719039917,9.597833633422852,15.842853546142578,13.605844497680664
151,870.0,0.001,0.1,96.20673370361328,92.39161682128906,110.15961456298828,108.17378997802734
152,870.0,0.001,0.2,192.91139221191406,187.2416534423828,215.1610107421875,212.7091827392578
153,870.0,0.0005,0.0,9.08222484588623,7.994426727294922,10.81335735321045,9.192445755004883
154,870.0,0.0005,0.1,143.03082275390625,126.75660705566406,169.62484741210938,163.46231079101562
155,870.0,0.0005,0.2,233.1390838623047,221.43215942382812,271.0776062011719,264.6402282714844
156,870.0,0.0001,0.0,6.9684953689575195,6.293122291564941,7.798684597015381,6.666390895843506
157,870.0,0.0001,0.1,43.171878814697266,32.823734283447266,56.2773323059082,48.142578125
158,870.0,0.0001,0.2,81.03388977050781,73.19598388671875,106.66902923583984,94.89656066894531
159,870.0,5e-05,0.0,92.3441390991211,74.59808349609375,93.34725189208984,80.46664428710938
160,870.0,5e-05,0.1,24.758970260620117,19.038639068603516,37.6014404296875,30.889169692993164
161,870.0,5e-05,0.2,109.99624633789062,105.92942810058594,107.35944366455078,99.45637512207031
162,870.0,1e-05,0.0,4783.13623046875,4675.57421875,5200.8095703125,5139.220703125
163,870.0,1e-05,0.1,4018.142333984375,3929.299560546875,4369.8671875,4317.16015625
164,870.0,1e-05,0.2,4529.77001953125,4434.4990234375,4918.9287109375,4860.642578125
165,871.0,0.001,0.0,8.251618385314941,6.2422332763671875,8.515484809875488,6.958558082580566
166,871.0,0.001,0.1,212.85220336914062,207.2071533203125,200.846923828125,195.16586303710938
167,871.0,0.001,0.2,297.6401672363281,290.07647705078125,287.54022216796875,280.4578857421875
168,871.0,0.0005,0.0,110.7132568359375,86.45772552490234,89.46674346923828,66.75000762939453
169,871.0,0.0005,0.1,75.75150299072266,62.113983154296875,46.86699295043945,39.13121032714844
170,871.0,0.0005,0.2,153.88339233398438,148.6141357421875,141.47787475585938,137.62820434570312
171,871.0,0.0001,0.0,120.37702178955078,89.19951629638672,109.57563018798828,89.58604431152344
172,871.0,0.0001,0.1,156.56585693359375,110.65565490722656,100.70957946777344,74.0347900390625
173,871.0,0.0001,0.2,73.62718200683594,53.0225944519043,40.12754440307617,29.042343139648438
174,871.0,5e-05,0.0,69.97684478759766,51.58052444458008,58.19684600830078,49.09067153930664
175,871.0,5e-05,0.1,40.675994873046875,27.813934326171875,26.281513214111328,19.06007957458496
176,871.0,5e-05,0.2,48.71640396118164,35.18586730957031,37.73997497558594,27.89217185974121
177,871.0,1e-05,0.0,6565.1875,6452.32373046875,6716.6962890625,6592.1396484375
178,871.0,1e-05,0.1,4533.94189453125,4459.595703125,4624.744140625,4542.0556640625
179,871.0,1e-05,0.2,4489.8388671875,4412.68115234375,4613.9384765625,4529.3447265625
180,872.0,0.001,0.0,31.72486114501953,27.947696685791016,34.4617919921875,30.82149314880371
181,872.0,0.001,0.1,159.16854858398438,155.78976440429688,156.8657989501953,154.14517211914062
182,872.0,0.001,0.2,358.3172607421875,345.12591552734375,355.5445556640625,345.95538330078125
183,872.0,0.0005,0.0,104.17784118652344,84.17554473876953,95.34827423095703,70.24381256103516
184,872.0,0.0005,0.1,101.91645050048828,92.44918060302734,112.32550048828125,102.32367706298828
185,872.0,0.0005,0.2,197.21754455566406,187.451171875,202.84478759765625,193.54148864746094
186,872.0,0.0001,0.0,76.25453186035156,59.21623611450195,67.47865295410156,50.25872802734375
187,872.0,0.0001,0.1,77.17721557617188,64.44232177734375,88.89038848876953,72.74903869628906
188,872.0,0.0001,0.2,129.3091583251953,104.37237548828125,144.9217071533203,123.27362060546875
189,872.0,5e-05,0.0,100.14745330810547,81.44361877441406,94.18799591064453,69.91751861572266
190,872.0,5e-05,0.1,80.19073486328125,70.36946105957031,69.25315856933594,60.73225021362305
191,872.0,5e-05,0.2,58.69072341918945,43.8636589050293,64.91403198242188,53.05621337890625
192,872.0,1e-05,0.0,3638.2548828125,3556.630859375,3522.2802734375,3461.46435546875
193,872.0,1e-05,0.1,3588.48828125,3513.228515625,3469.62451171875,3413.741455078125
194,872.0,1e-05,0.2,3992.72705078125,3909.87158203125,3854.294921875,3793.48193359375
195,873.0,0.001,0.0,214.482177734375,201.6894989013672,217.1629180908203,194.56748962402344
196,873.0,0.001,0.1,270.4379577636719,264.27789306640625,270.5868225097656,259.22564697265625
197,873.0,0.001,0.2,385.26031494140625,380.85186767578125,368.3943786621094,362.3348693847656
198,873.0,0.0005,0.0,40.525184631347656,31.1131591796875,68.49201202392578,52.90540313720703
199,873.0,0.0005,0.1,214.44606018066406,209.00473022460938,225.10614013671875,216.5273895263672
200,873.0,0.0005,0.2,339.64776611328125,332.70556640625,346.7457275390625,334.40484619140625
201,873.0,0.0001,0.0,42.693580627441406,33.496986389160156,78.54853057861328,57.017127990722656
202,873.0,0.0001,0.1,71.68037414550781,57.251670837402344,123.4490737915039,96.80523681640625
203,873.0,0.0001,0.2,60.074886322021484,46.89977264404297,102.59611511230469,72.49452209472656
204,873.0,5e-05,0.0,23.546310424804688,18.082439422607422,42.30025863647461,31.971172332763672
205,873.0,5e-05,0.1,52.83430862426758,42.6229362487793,98.13440704345703,68.77479553222656
206,873.0,5e-05,0.2,35.61099624633789,27.9102725982666,65.18794250488281,49.37860870361328
207,873.0,1e-05,0.0,4144.60205078125,4092.99072265625,3909.95068359375,3833.852783203125
208,873.0,1e-05,0.1,4924.388671875,4862.5224609375,4655.0263671875,4565.2001953125
209,873.0,1e-05,0.2,4751.55859375,4692.40869140625,4501.51904296875,4417.3115234375
210,874.0,0.001,0.0,14.960249900817871,14.042770385742188,16.28660011291504,13.907735824584961
211,874.0,0.001,0.1,172.87057495117188,166.08897399902344,189.8399658203125,184.38003540039062
212,874.0,0.001,0.2,295.3197021484375,286.62158203125,319.9874572753906,316.15728759765625
213,874.0,0.0005,0.0,66.81472778320312,54.456947326660156,105.13790130615234,81.83662414550781
214,874.0,0.0005,0.1,222.642822265625,210.65072631835938,252.810791015625,239.6598358154297
215,874.0,0.0005,0.2,86.295166015625,75.88890838623047,108.6171875,94.06317901611328
216,874.0,0.0001,0.0,52.78971481323242,44.79331588745117,87.74307250976562,71.35844421386719
217,874.0,0.0001,0.1,71.29178619384766,56.21442794799805,106.95015716552734,81.66815185546875
218,874.0,0.0001,0.2,63.91998291015625,52.2850227355957,101.00528717041016,78.80192565917969
219,874.0,5e-05,0.0,40.5893669128418,34.29694366455078,68.17547607421875,52.703895568847656
220,874.0,5e-05,0.1,63.03175735473633,47.82426071166992,94.43833923339844,70.60536193847656
221,874.0,5e-05,0.2,60.53663635253906,49.65080261230469,92.4942855834961,71.25654602050781
222,874.0,1e-05,0.0,3240.28076171875,3156.09375,3474.748046875,3446.1796875
223,874.0,1e-05,0.1,2849.51416015625,2769.7470703125,3061.1552734375,3033.6416015625
224,874.0,1e-05,0.2,3581.18896484375,3480.026123046875,3855.2041015625,3820.56640625
225,875.0,0.001,0.0,110.2238540649414,98.53689575195312,112.09468841552734,85.82421112060547
226,875.0,0.001,0.1,239.32005310058594,211.94564819335938,242.8884735107422,216.07064819335938
227,875.0,0.001,0.2,255.11549377441406,249.60629272460938,259.4769287109375,253.88967895507812
228,875.0,0.0005,0.0,145.2503662109375,127.21369934082031,142.13385009765625,107.05291748046875
229,875.0,0.0005,0.1,95.13887023925781,91.47212982177734,110.39668273925781,106.5313491821289
230,875.0,0.0005,0.2,162.72743225097656,152.3024444580078,166.57073974609375,156.57398986816406
231,875.0,0.0001,0.0,45.05418014526367,36.564720153808594,49.42055130004883,40.162879943847656
232,875.0,0.0001,0.1,74.73888397216797,62.07447052001953,75.34740447998047,58.174468994140625
233,875.0,0.0001,0.2,63.59976577758789,62.2080078125,69.51016998291016,67.92829895019531
234,875.0,5e-05,0.0,117.59954833984375,97.28868103027344,116.41755676269531,93.9908676147461
235,875.0,5e-05,0.1,105.1590805053711,86.09840393066406,104.05215454101562,81.8337631225586
236,875.0,5e-05,0.2,36.6986083984375,32.06568145751953,40.224788665771484,29.69894790649414
237,875.0,1e-05,0.0,3249.63134765625,3179.23583984375,3294.42041015625,3221.7724609375
238,875.0,1e-05,0.1,3493.725830078125,3413.694091796875,3544.505126953125,3460.958984375
239,875.0,1e-05,0.2,4743.0556640625,4639.330078125,4821.623046875,4714.39306640625
240,876.0,0.001,0.0,22.19257164001465,20.581459045410156,24.796321868896484,21.989107131958008
241,876.0,0.001,0.1,247.9372100830078,235.8958282470703,255.41526794433594,239.66128540039062
242,876.0,0.001,0.2,347.62274169921875,336.73284912109375,344.6592712402344,332.18072509765625
243,876.0,0.0005,0.0,8.617363929748535,5.550578594207764,8.894889831542969,6.52112340927124
244,876.0,0.0005,0.1,219.48580932617188,205.5379638671875,236.60174560546875,215.80947875976562
245,876.0,0.0005,0.2,76.41278839111328,73.58055877685547,80.09352111816406,75.64491271972656
246,876.0,0.0001,0.0,20.628755569458008,19.18581771850586,20.95201301574707,20.015316009521484
247,876.0,0.0001,0.1,131.0416717529297,101.56643676757812,178.56007385253906,128.6246337890625
248,876.0,0.0001,0.2,57.55113220214844,54.82810592651367,56.790870666503906,54.38837432861328
249,876.0,5e-05,0.0,91.12279510498047,69.2315673828125,126.221923828125,94.08016967773438
250,876.0,5e-05,0.1,53.280921936035156,44.04758071899414,58.97087860107422,47.552146911621094
251,876.0,5e-05,0.2,62.746768951416016,49.19594955444336,85.9111557006836,58.360809326171875
252,876.0,1e-05,0.0,3130.642333984375,3087.957275390625,3083.03515625,3031.03857421875
253,876.0,1e-05,0.1,3250.756591796875,3193.20556640625,3197.350830078125,3134.660400390625
254,876.0,1e-05,0.2,5388.267578125,5302.5537109375,5310.85107421875,5212.5244140625
255,877.0,0.001,0.0,32.744163513183594,27.144733428955078,38.52392578125,30.7164249420166
256,877.0,0.001,0.1,349.6775207519531,340.2725830078125,363.5939025878906,350.4120788574219
257,877.0,0.001,0.2,401.807373046875,392.90057373046875,413.8139343261719,402.17694091796875
258,877.0,0.0005,0.0,70.02706909179688,57.32280349731445,86.22329711914062,68.88134002685547
259,877.0,0.0005,0.1,174.4729766845703,162.81349182128906,185.41567993164062,167.84149169921875
260,877.0,0.0005,0.2,96.92162322998047,95.49800872802734,99.60884094238281,98.04083251953125
261,877.0,0.0001,0.0,37.13963317871094,29.86825942993164,45.10294723510742,35.86858367919922
262,877.0,0.0001,0.1,49.097843170166016,39.97145080566406,59.68879318237305,48.1559944152832
263,877.0,0.0001,0.2,33.22071838378906,27.319499969482422,39.74335861206055,32.43374252319336
264,877.0,5e-05,0.0,35.26385498046875,28.13361167907715,41.29173278808594,33.312217712402344
265,877.0,5e-05,0.1,59.60227966308594,44.287376403808594,75.26091003417969,59.10691452026367
266,877.0,5e-05,0.2,55.082496643066406,39.81163024902344,68.85980224609375,49.268341064453125
267,877.0,1e-05,0.0,4050.412841796875,3972.8984375,4121.1552734375,4031.283935546875
268,877.0,1e-05,0.1,4795.45361328125,4703.69091796875,4880.84375,4774.08203125
269,877.0,1e-05,0.2,5308.45556640625,5196.86328125,5420.62646484375,5284.1455078125
270,878.0,0.001,0.0,34.84400177001953,28.40478515625,35.45594024658203,30.811237335205078
271,878.0,0.001,0.1,223.2285614013672,210.1988525390625,219.3614044189453,207.68966674804688
272,878.0,0.001,0.2,249.37493896484375,243.9332733154297,242.1165313720703,237.3353271484375
273,878.0,0.0005,0.0,66.39583587646484,52.658203125,68.27129364013672,59.12559127807617
274,878.0,0.0005,0.1,203.10687255859375,178.7805633544922,195.3770751953125,172.86241149902344
275,878.0,0.0005,0.2,65.95207214355469,51.98003005981445,69.73079681396484,57.73219680786133
276,878.0,0.0001,0.0,141.3556365966797,116.87763977050781,134.05824279785156,114.08500671386719
277,878.0,0.0001,0.1,83.78301239013672,81.92051696777344,78.75492858886719,76.51309204101562
278,878.0,0.0001,0.2,58.859317779541016,57.43873977661133,54.50487518310547,52.650672912597656
279,878.0,5e-05,0.0,143.75332641601562,106.9288330078125,134.1167449951172,108.04402923583984
280,878.0,5e-05,0.1,86.88890838623047,77.74635314941406,75.18292236328125,62.18061447143555
281,878.0,5e-05,0.2,80.9371109008789,65.60482788085938,78.32794189453125,65.92501831054688
282,878.0,1e-05,0.0,4034.913330078125,3960.30419921875,3851.97900390625,3781.799560546875
283,878.0,1e-05,0.1,3938.31298828125,3871.30322265625,3745.92822265625,3683.141845703125
284,878.0,1e-05,0.2,5486.36328125,5387.8056640625,5226.212890625,5134.48046875
285,879.0,0.001,0.0,79.22874450683594,70.33694458007812,89.90125274658203,79.66495513916016
286,879.0,0.001,0.1,191.20352172851562,171.02027893066406,209.715576171875,187.53720092773438
287,879.0,0.001,0.2,168.80963134765625,157.84274291992188,180.64450073242188,168.79562377929688
288,879.0,0.0005,0.0,89.60491943359375,68.0100326538086,112.6517105102539,76.91157531738281
289,879.0,0.0005,0.1,189.68310546875,165.33108520507812,214.36148071289062,188.02017211914062
290,879.0,0.0005,0.2,218.9310760498047,203.4014129638672,235.84864807128906,219.11669921875
291,879.0,0.0001,0.0,135.25704956054688,108.6497573852539,174.53355407714844,118.69062805175781
292,879.0,0.0001,0.1,97.43111419677734,84.57904052734375,113.65226745605469,88.93801879882812
293,879.0,0.0001,0.2,83.5611801147461,62.608619689941406,114.87960052490234,79.9350814819336
294,879.0,5e-05,0.0,31.200822830200195,27.149826049804688,30.937244415283203,28.501087188720703
295,879.0,5e-05,0.1,83.53617095947266,64.36685180664062,106.29666137695312,76.2179946899414
296,879.0,5e-05,0.2,63.71113586425781,48.117069244384766,86.32515716552734,58.78673553466797
297,879.0,1e-05,0.0,5199.8359375,5068.12646484375,5263.9384765625,5141.1826171875
298,879.0,1e-05,0.1,3390.025390625,3312.869873046875,3426.91015625,3354.509033203125
299,879.0,1e-05,0.2,4873.8017578125,4750.95263671875,4936.85205078125,4822.61474609375
300,880.0,0.001,0.0,26.397062301635742,21.517356872558594,35.81490707397461,26.11736488342285
301,880.0,0.001,0.1,164.21595764160156,162.0177459716797,155.1064910888672,151.3065948486328
302,880.0,0.001,0.2,382.1459045410156,375.36224365234375,359.475341796875,349.2197570800781
303,880.0,0.0005,0.0,41.60151672363281,35.053428649902344,53.35201644897461,41.36045455932617
304,880.0,0.0005,0.1,274.0001525878906,254.8031768798828,271.458251953125,245.1116180419922
305,880.0,0.0005,0.2,49.87337112426758,49.66884994506836,47.74977111816406,47.303749084472656
306,880.0,0.0001,0.0,7.51497220993042,6.600841522216797,12.431705474853516,8.851568222045898
307,880.0,0.0001,0.1,26.936887741088867,20.444812774658203,38.60372543334961,32.24125289916992
308,880.0,0.0001,0.2,43.039695739746094,32.684776306152344,62.588314056396484,50.860748291015625
309,880.0,5e-05,0.0,91.72589111328125,69.13883972167969,126.97502136230469,89.52596282958984
310,880.0,5e-05,0.1,22.96163558959961,16.829601287841797,34.59370803833008,27.470504760742188
311,880.0,5e-05,0.2,50.16945266723633,39.3974723815918,67.78987121582031,55.306793212890625
312,880.0,1e-05,0.0,4637.1708984375,4576.41455078125,4284.35546875,4202.2119140625
313,880.0,1e-05,0.1,3984.475830078125,3929.567626953125,3682.411865234375,3605.442138671875
314,880.0,1e-05,0.2,1282.9813232421875,1269.097900390625,1175.37744140625,1156.294677734375
315,881.0,0.001,0.0,119.22917938232422,113.0926284790039,118.27877807617188,109.9307861328125
316,881.0,0.001,0.1,207.76026916503906,201.63990783691406,206.88050842285156,198.9954833984375
317,881.0,0.001,0.2,160.27212524414062,157.38259887695312,158.96705627441406,155.4202423095703
318,881.0,0.0005,0.0,11.288308143615723,9.236299514770508,9.9814453125,8.56986141204834
319,881.0,0.0005,0.1,160.57635498046875,144.8261260986328,187.3408203125,160.11282348632812
320,881.0,0.0005,0.2,228.21311950683594,218.3402099609375,245.13906860351562,228.1884307861328
321,881.0,0.0001,0.0,96.28614807128906,74.22129821777344,149.56130981445312,110.92646789550781
322,881.0,0.0001,0.1,117.12470245361328,95.22175598144531,164.39125061035156,124.52665710449219
323,881.0,0.0001,0.2,40.661983489990234,29.874622344970703,62.74880599975586,42.08470916748047
324,881.0,5e-05,0.0,121.92118072509766,95.33961486816406,205.7783966064453,145.05030822753906
325,881.0,5e-05,0.1,59.40938949584961,53.61558151245117,58.542232513427734,52.217811584472656
326,881.0,5e-05,0.2,46.835487365722656,33.8724250793457,74.46623229980469,50.878944396972656
327,881.0,1e-05,0.0,6308.14892578125,6172.50634765625,6146.142578125,6003.17333984375
328,881.0,1e-05,0.1,2779.724365234375,2723.527587890625,2706.61376953125,2648.42919921875
329,881.0,1e-05,0.2,5922.06103515625,5792.5966796875,5772.70849609375,5635.81787109375
330,882.0,0.001,0.0,82.16781616210938,60.36235427856445,145.9378662109375,117.0394287109375
331,882.0,0.001,0.1,147.82737731933594,145.27398681640625,145.5594482421875,141.5626983642578
332,882.0,0.001,0.2,244.757568359375,239.51004028320312,236.46315002441406,228.95547485351562
333,882.0,0.0005,0.0,38.26414108276367,32.3089485168457,63.760013580322266,49.28546905517578
334,882.0,0.0005,0.1,230.24301147460938,218.65921020507812,261.91497802734375,234.8050994873047
335,882.0,0.0005,0.2,127.61032104492188,113.98895263671875,179.6662139892578,142.63026428222656
336,882.0,0.0001,0.0,95.00531005859375,76.50901794433594,173.4490203857422,131.3179931640625
337,882.0,0.0001,0.1,64.89180755615234,52.939064025878906,133.04507446289062,99.33145904541016
338,882.0,0.0001,0.2,19.99064064025879,17.743961334228516,23.74484634399414,19.713314056396484
339,882.0,5e-05,0.0,97.79716491699219,82.66802978515625,184.3837432861328,132.162109375
340,882.0,5e-05,0.1,29.412477493286133,21.32436180114746,50.64860916137695,39.90900421142578
341,882.0,5e-05,0.2,39.48360061645508,34.713661193847656,54.883670806884766,42.07025909423828
342,882.0,1e-05,0.0,4437.90625,4340.2138671875,4067.586669921875,3941.03173828125
343,882.0,1e-05,0.1,4085.034912109375,3993.64013671875,3769.27490234375,3652.11572265625
344,882.0,1e-05,0.2,5745.92431640625,5620.40185546875,5294.33642578125,5133.94091796875
345,883.0,0.001,0.0,44.29433822631836,38.1757698059082,45.547943115234375,40.78514099121094
346,883.0,0.001,0.1,257.61322021484375,247.2889862060547,285.2051696777344,278.8765869140625
347,883.0,0.001,0.2,85.1217041015625,84.47206115722656,89.2995834350586,88.81829833984375
348,883.0,0.0005,0.0,95.9166030883789,82.32842254638672,78.23778533935547,55.26723098754883
349,883.0,0.0005,0.1,45.81297302246094,37.87100601196289,49.025482177734375,45.78424072265625
350,883.0,0.0005,0.2,281.8719482421875,273.37310791015625,304.79547119140625,299.58660888671875
351,883.0,0.0001,0.0,36.2215461730957,31.430627822875977,31.675716400146484,24.313865661621094
352,883.0,0.0001,0.1,78.36595153808594,67.70508575439453,69.14881134033203,50.564292907714844
353,883.0,0.0001,0.2,37.21944046020508,32.38127136230469,38.19820022583008,34.803524017333984
354,883.0,5e-05,0.0,178.09075927734375,149.6853485107422,147.913330078125,115.93257141113281
355,883.0,5e-05,0.1,53.95151901245117,47.41157531738281,48.413490295410156,35.65205383300781
356,883.0,5e-05,0.2,106.60472869873047,89.65718078613281,88.00542449951172,72.74597930908203
357,883.0,1e-05,0.0,3632.02978515625,3543.639892578125,4032.920166015625,3981.174560546875
358,883.0,1e-05,0.1,3850.80029296875,3759.38623046875,4266.302734375,4212.87109375
359,883.0,1e-05,0.2,4218.4775390625,4123.2353515625,4666.470703125,4609.9501953125
360,884.0,0.001,0.0,53.859825134277344,45.3585319519043,84.69827270507812,58.92530059814453
361,884.0,0.001,0.1,297.9044494628906,294.68701171875,256.226806640625,244.3507537841797
362,884.0,0.001,0.2,470.6174621582031,464.61907958984375,393.8147888183594,371.2049560546875
363,884.0,0.0005,0.0,39.78371047973633,32.362144470214844,72.28121948242188,48.66777801513672
364,884.0,0.0005,0.1,48.323734283447266,41.05885314941406,64.09654998779297,47.864891052246094
365,884.0,0.0005,0.2,72.2264175415039,59.122459411621094,74.22491455078125,57.023681640625
366,884.0,0.0001,0.0,37.21321105957031,31.495105743408203,59.798919677734375,43.213600158691406
367,884.0,0.0001,0.1,77.2257308959961,60.381935119628906,79.97746276855469,60.56459426879883
368,884.0,0.0001,0.2,53.166709899902344,44.23698806762695,66.08866882324219,48.30927276611328
369,884.0,5e-05,0.0,97.6691665649414,79.43313598632812,159.32644653320312,122.3429946899414
370,884.0,5e-05,0.1,83.802734375,71.02679443359375,112.65228271484375,88.14295196533203
371,884.0,5e-05,0.2,25.37216567993164,21.633808135986328,27.066509246826172,20.80770492553711
372,884.0,1e-05,0.0,2897.969482421875,2861.915283203125,2657.03564453125,2594.257568359375
373,884.0,1e-05,0.1,4779.94287109375,4722.5517578125,4333.8837890625,4218.79833984375
374,884.0,1e-05,0.2,4815.3505859375,4757.34228515625,4393.13427734375,4282.8603515625
375,885.0,0.001,0.0,102.35746765136719,88.45079040527344,109.10729217529297,87.75382995605469
376,885.0,0.001,0.1,278.52685546875,272.05413818359375,266.2108154296875,258.61138916015625
377,885.0,0.001,0.2,189.04644775390625,183.9387664794922,175.74449157714844,169.8844451904297
378,885.0,0.0005,0.0,9.428630828857422,8.461755752563477,8.255149841308594,6.9933953285217285
379,885.0,0.0005,0.1,113.97015380859375,96.40923309326172,98.74981689453125,87.51170349121094
380,885.0,0.0005,0.2,146.38478088378906,138.9086151123047,131.1629180908203,123.53861236572266
381,885.0,0.0001,0.0,47.519439697265625,41.44197463989258,56.119571685791016,42.31089782714844
382,885.0,0.0001,0.1,85.52079772949219,66.73876953125,66.6089096069336,52.69240188598633
383,885.0,0.0001,0.2,48.796871185302734,39.414737701416016,55.226016998291016,49.166053771972656
384,885.0,5e-05,0.0,124.91014099121094,109.83345794677734,112.21337890625,89.29588317871094
385,885.0,5e-05,0.1,37.94101333618164,33.43585968017578,42.54344177246094,36.638954162597656
386,885.0,5e-05,0.2,160.92881774902344,141.31158447265625,177.3209991455078,165.2860565185547
387,885.0,1e-05,0.0,3472.8740234375,3376.38623046875,3354.369140625,3257.56494140625
388,885.0,1e-05,0.1,5862.33544921875,5709.50341796875,5672.36474609375,5519.296875
389,885.0,1e-05,0.2,1975.47412109375,1922.0443115234375,1909.129150390625,1855.224853515625
390,886.0,0.001,0.0,30.525156021118164,22.398822784423828,28.554611206054688,24.447059631347656
391,886.0,0.001,0.1,179.66326904296875,168.23989868164062,180.16612243652344,169.8086700439453
392,886.0,0.001,0.2,310.33135986328125,302.2041015625,325.1830749511719,316.45721435546875
393,886.0,0.0005,0.0,52.514137268066406,37.53363800048828,47.532859802246094,40.589439392089844
394,886.0,0.0005,0.1,194.66943359375,173.4183349609375,191.22012329101562,168.9314727783203
395,886.0,0.0005,0.2,421.4575500488281,400.4236755371094,434.887451171875,411.37799072265625
396,886.0,0.0001,0.0,271.98419189453125,195.59375,237.06883239746094,204.07803344726562
397,886.0,0.0001,0.1,47.007869720458984,31.0331974029541,38.68110656738281,32.848304748535156
398,886.0,0.0001,0.2,73.6078109741211,44.82658004760742,56.70159149169922,47.66473388671875
399,886.0,5e-05,0.0,145.39967346191406,103.99958801269531,123.6237564086914,105.50904846191406
400,886.0,5e-05,0.1,60.41144561767578,41.398414611816406,49.906333923339844,43.450218200683594
401,886.0,5e-05,0.2,36.01238250732422,23.261432647705078,30.935932159423828,26.171545028686523
402,886.0,1e-05,0.0,4605.58740234375,4512.734375,4909.76611328125,4804.1796875
403,886.0,1e-05,0.1,4387.77001953125,4302.189453125,4690.83447265625,4595.482421875
404,886.0,1e-05,0.2,3436.97998046875,3362.421875,3665.094970703125,3581.462158203125
405,887.0,0.001,0.0,18.90346336364746,15.873605728149414,21.467037200927734,16.2644100189209
406,887.0,0.001,0.1,340.9578857421875,327.54827880859375,358.769775390625,334.1591796875
407,887.0,0.001,0.2,208.01548767089844,199.8445587158203,223.2648162841797,207.08053588867188
408,887.0,0.0005,0.0,85.33726501464844,69.11813354492188,112.52212524414062,90.42192077636719
409,887.0,0.0005,0.1,187.43531799316406,174.2537841796875,210.46075439453125,184.85499572753906
410,887.0,0.0005,0.2,146.14645385742188,140.14764404296875,153.644775390625,142.31211853027344
411,887.0,0.0001,0.0,56.9465217590332,45.927268981933594,77.21955871582031,61.510353088378906
412,887.0,0.0001,0.1,71.02666473388672,49.872989654541016,90.85369873046875,74.23113250732422
413,887.0,0.0001,0.2,42.77961730957031,38.08961868286133,51.4592399597168,41.99443817138672
414,887.0,5e-05,0.0,40.771183013916016,32.14935302734375,49.7157096862793,41.78301239013672
415,887.0,5e-05,0.1,121.94473266601562,108.88945007324219,141.94085693359375,114.03214263916016
416,887.0,5e-05,0.2,58.213016510009766,40.21355438232422,73.13577270507812,59.70983123779297
417,887.0,1e-05,0.0,3628.496337890625,3550.40234375,3730.10205078125,3661.75439453125
418,887.0,1e-05,0.1,4603.1162109375,4497.72900390625,4740.95166015625,4639.904296875
419,887.0,1e-05,0.2,2338.84228515625,2287.55712890625,2408.755126953125,2361.33251953125
420,888.0,0.001,0.0,354.5364685058594,317.6955871582031,362.0066833496094,321.7031555175781
421,888.0,0.001,0.1,232.01853942871094,225.69540405273438,232.20870971679688,225.5370635986328
422,888.0,0.001,0.2,402.36981201171875,391.8854064941406,402.0179138183594,389.91900634765625
423,888.0,0.0005,0.0,83.31005859375,61.580108642578125,58.124839782714844,48.36821746826172
424,888.0,0.0005,0.1,98.95635223388672,87.49539947509766,100.5924072265625,90.42544555664062
425,888.0,0.0005,0.2,147.73355102539062,139.95980834960938,149.5371551513672,143.72653198242188
426,888.0,0.0001,0.0,80.67440795898438,60.312461853027344,58.00137710571289,46.8477668762207
427,888.0,0.0001,0.1,52.1915283203125,41.433738708496094,42.006446838378906,37.67142868041992
428,888.0,0.0001,0.2,30.92239761352539,25.85879135131836,23.028730392456055,18.95622444152832
429,888.0,5e-05,0.0,125.96027374267578,91.26029205322266,89.03881072998047,68.05995178222656
430,888.0,5e-05,0.1,51.762474060058594,44.410335540771484,41.50209045410156,34.62281036376953
431,888.0,5e-05,0.2,13.280584335327148,11.56661605834961,11.879341125488281,8.939119338989258
432,888.0,1e-05,0.0,4243.78466796875,4186.8896484375,4194.8017578125,4090.97119140625
433,888.0,1e-05,0.1,2421.5546875,2395.92529296875,2381.91259765625,2329.291748046875
434,888.0,1e-05,0.2,3680.45556640625,3631.77197265625,3635.0419921875,3544.046875
435,889.0,0.001,0.0,48.85066604614258,40.783164978027344,61.61872100830078,49.33536911010742
436,889.0,0.001,0.1,194.1496124267578,189.14529418945312,187.8336639404297,180.9541473388672
437,889.0,0.001,0.2,143.9760284423828,140.99734497070312,140.98341369628906,136.5895233154297
438,889.0,0.0005,0.0,139.48886108398438,115.25089263916016,186.97544860839844,136.87664794921875
439,889.0,0.0005,0.1,197.40472412109375,180.6844024658203,202.587890625,178.66964721679688
440,889.0,0.0005,0.2,338.8458251953125,330.26708984375,329.17584228515625,317.2843933105469
441,889.0,0.0001,0.0,91.28868865966797,77.19923400878906,122.31590270996094,90.46578216552734
442,889.0,0.0001,0.1,128.37428283691406,104.77503967285156,184.41322326660156,123.690673828125
443,889.0,0.0001,0.2,43.42549133300781,38.56040954589844,61.469478607177734,46.50912094116211
444,889.0,5e-05,0.0,80.81221771240234,66.36479949951172,112.88897705078125,79.22360229492188
445,889.0,5e-05,0.1,91.1162338256836,76.17752075195312,127.11016845703125,91.21092987060547
446,889.0,5e-05,0.2,50.83073043823242,48.953392028808594,52.0242805480957,48.50978469848633
447,889.0,1e-05,0.0,4426.7158203125,4354.56396484375,4283.5234375,4161.5830078125
448,889.0,1e-05,0.1,2906.55712890625,2861.083740234375,2815.517333984375,2734.938720703125
449,889.0,1e-05,0.2,4151.28515625,4083.90283203125,4019.248046875,3908.45458984375
