seed,learning_rate,dropout,d_main,num_blocks,val_rmse,val_mae,rmse,mae
860.0,0.001,0.0,64.0,2.0,6.1997551918029785,5.573321342468262,5.845015525817871,5.271986961364746
860.0,0.001,0.0,64.0,4.0,2.8575825691223145,2.0315213203430176,3.1002118587493896,2.4453887939453125
860.0,0.001,0.0,256.0,2.0,2.808396816253662,1.9281070232391357,2.555929660797119,2.0902321338653564
860.0,0.001,0.0,256.0,4.0,3.9367785453796387,3.067448377609253,3.809607982635498,3.253722667694092
860.0,0.001,0.1,64.0,2.0,3.0172407627105713,2.2508130073547363,3.517789602279663,2.7123494148254395
860.0,0.001,0.1,64.0,4.0,2.958756446838379,2.0319008827209473,2.7139453887939453,1.9921619892120361
860.0,0.001,0.1,256.0,2.0,2.9888482093811035,1.790055513381958,3.5436136722564697,2.433497190475464
860.0,0.001,0.1,256.0,4.0,3.569195032119751,2.7364156246185303,3.6489200592041016,2.890606164932251
860.0,0.0005,0.0,64.0,2.0,3.3620526790618896,2.8963546752929688,4.585759162902832,3.5785579681396484
860.0,0.0005,0.0,64.0,4.0,2.611562967300415,2.1037440299987793,3.0898523330688477,2.4137978553771973
860.0,0.0005,0.0,256.0,2.0,2.9631876945495605,1.8041026592254639,3.634270668029785,2.493379592895508
860.0,0.0005,0.0,256.0,4.0,3.1325244903564453,2.457291841506958,3.1713380813598633,2.774076461791992
860.0,0.0005,0.1,64.0,2.0,3.0835347175598145,2.4090776443481445,3.833897829055786,3.1226658821105957
860.0,0.0005,0.1,64.0,4.0,3.7794790267944336,3.2797698974609375,4.423059463500977,3.5674691200256348
860.0,0.0005,0.1,256.0,2.0,2.9619829654693604,1.7949209213256836,2.963613510131836,2.128958225250244
860.0,0.0005,0.1,256.0,4.0,2.8491430282592773,1.9653065204620361,2.3978261947631836,1.7923285961151123
860.0,0.0001,0.0,64.0,2.0,13.629743576049805,13.289624214172363,15.37415885925293,14.6455078125
860.0,0.0001,0.0,64.0,4.0,13.88375473022461,13.609102249145508,15.396406173706055,14.800956726074219
860.0,0.0001,0.0,256.0,2.0,4.688851356506348,4.391288757324219,5.660975933074951,4.863471031188965
860.0,0.0001,0.0,256.0,4.0,6.6996169090271,6.320273399353027,7.181366920471191,6.4845380783081055
860.0,0.0001,0.1,64.0,2.0,13.331820487976074,12.946844100952148,15.434335708618164,14.500162124633789
860.0,0.0001,0.1,64.0,4.0,6.808485507965088,6.302730560302734,8.212419509887695,7.444964408874512
860.0,0.0001,0.1,256.0,2.0,2.9320311546325684,1.9231083393096924,3.1921370029449463,2.5190861225128174
860.0,0.0001,0.1,256.0,4.0,2.767864942550659,2.3626163005828857,3.8584702014923096,2.961130142211914
861.0,0.001,0.0,64.0,2.0,3.629786491394043,3.1588597297668457,3.6461288928985596,2.8221535682678223
861.0,0.001,0.0,64.0,4.0,2.0361058712005615,1.5894112586975098,2.47087025642395,1.7560231685638428
861.0,0.001,0.0,256.0,2.0,1.956936240196228,1.5533711910247803,2.9854321479797363,2.3560826778411865
861.0,0.001,0.0,256.0,4.0,3.476139783859253,3.1414895057678223,3.2357277870178223,2.4671390056610107
861.0,0.001,0.1,64.0,2.0,1.901343822479248,1.5222046375274658,2.085704803466797,1.587158441543579
861.0,0.001,0.1,64.0,4.0,2.5051958560943604,1.9464175701141357,2.663400173187256,2.057910680770874
861.0,0.001,0.1,256.0,2.0,2.38112473487854,2.0013046264648438,3.0905954837799072,2.3950765132904053
861.0,0.001,0.1,256.0,4.0,2.5357155799865723,2.233551502227783,2.557692527770996,1.9960216283798218
861.0,0.0005,0.0,64.0,2.0,1.964511752128601,1.51790189743042,2.607292652130127,1.985637903213501
861.0,0.0005,0.0,64.0,4.0,1.6348247528076172,1.3468214273452759,2.1800570487976074,1.733258605003357
861.0,0.0005,0.0,256.0,2.0,2.121340036392212,1.575021505355835,2.8578386306762695,2.448173999786377
861.0,0.0005,0.0,256.0,4.0,1.860063910484314,1.443870186805725,2.551396369934082,1.7992498874664307
861.0,0.0005,0.1,64.0,2.0,3.404268980026245,2.7150185108184814,2.9466845989227295,2.1416351795196533
861.0,0.0005,0.1,64.0,4.0,5.356530666351318,5.151860237121582,6.339828014373779,5.952234745025635
861.0,0.0005,0.1,256.0,2.0,1.798704981803894,1.4274911880493164,2.3943915367126465,1.8117353916168213
861.0,0.0005,0.1,256.0,4.0,2.3332793712615967,1.7671902179718018,3.0280508995056152,2.128206968307495
861.0,0.0001,0.0,64.0,2.0,12.873671531677246,12.475335121154785,13.441688537597656,12.94322395324707
861.0,0.0001,0.0,64.0,4.0,7.668660640716553,7.466867923736572,8.023165702819824,7.510721683502197
861.0,0.0001,0.0,256.0,2.0,5.881402492523193,5.540798187255859,6.396937847137451,5.915865898132324
861.0,0.0001,0.0,256.0,4.0,2.689115285873413,2.3028812408447266,3.7242343425750732,3.370511293411255
861.0,0.0001,0.1,64.0,2.0,11.526544570922852,11.344615936279297,11.793156623840332,11.55724048614502
861.0,0.0001,0.1,64.0,4.0,8.566181182861328,8.152950286865234,8.944117546081543,8.537869453430176
861.0,0.0001,0.1,256.0,2.0,3.126035213470459,2.2195961475372314,3.90016770362854,3.1244523525238037
861.0,0.0001,0.1,256.0,4.0,2.486567258834839,1.9235858917236328,3.422975540161133,2.753713369369507
862.0,0.001,0.0,64.0,2.0,4.270147323608398,3.5762715339660645,6.049737930297852,5.032669544219971
862.0,0.001,0.0,64.0,4.0,2.129542827606201,1.6435539722442627,2.4800503253936768,1.5833609104156494
862.0,0.001,0.0,256.0,2.0,7.008308410644531,6.6000213623046875,5.993528842926025,5.738126754760742
862.0,0.001,0.0,256.0,4.0,3.1354572772979736,2.6541898250579834,4.191701412200928,3.176408052444458
862.0,0.001,0.1,64.0,2.0,2.4108307361602783,2.0914618968963623,3.0529022216796875,2.4186692237854004
862.0,0.001,0.1,64.0,4.0,3.306107759475708,3.0195860862731934,3.3543899059295654,2.9095606803894043
862.0,0.001,0.1,256.0,2.0,2.819227695465088,2.3546853065490723,3.9693994522094727,2.9905014038085938
862.0,0.001,0.1,256.0,4.0,2.7412185668945312,2.2673239707946777,4.384868621826172,3.3814196586608887
862.0,0.0005,0.0,64.0,2.0,3.2561237812042236,2.9911985397338867,3.6564669609069824,3.285093307495117
862.0,0.0005,0.0,64.0,4.0,5.688079357147217,5.5098371505737305,5.575602054595947,5.399891376495361
862.0,0.0005,0.0,256.0,2.0,1.6729283332824707,1.3713113069534302,3.1136488914489746,2.108130693435669
862.0,0.0005,0.0,256.0,4.0,3.3605337142944336,3.0386385917663574,3.7740113735198975,3.0950183868408203
862.0,0.0005,0.1,64.0,2.0,1.8802859783172607,1.5086100101470947,3.669466733932495,2.3346500396728516
862.0,0.0005,0.1,64.0,4.0,7.307615756988525,7.059327125549316,7.044375896453857,6.750083923339844
862.0,0.0005,0.1,256.0,2.0,4.974738121032715,4.741265773773193,5.685328960418701,5.126659393310547
862.0,0.0005,0.1,256.0,4.0,1.554539680480957,1.3430778980255127,3.0456738471984863,1.7032802104949951
862.0,0.0001,0.0,64.0,2.0,13.409684181213379,12.428911209106445,14.757055282592773,13.473355293273926
862.0,0.0001,0.0,64.0,4.0,14.754392623901367,14.192914009094238,15.46582317352295,14.753436088562012
862.0,0.0001,0.0,256.0,2.0,5.400631427764893,5.117770195007324,4.835991859436035,4.53519868850708
862.0,0.0001,0.0,256.0,4.0,3.6615545749664307,3.309605121612549,3.4190609455108643,3.15153169631958
862.0,0.0001,0.1,64.0,2.0,14.417581558227539,13.843931198120117,15.017176628112793,14.294715881347656
862.0,0.0001,0.1,64.0,4.0,14.687146186828613,13.952112197875977,15.86389446258545,14.88744831085205
862.0,0.0001,0.1,256.0,2.0,1.7224634885787964,1.3859153985977173,2.8224499225616455,1.7267372608184814
862.0,0.0001,0.1,256.0,4.0,1.930598258972168,1.656867265701294,2.5324342250823975,1.8572604656219482
863.0,0.001,0.0,64.0,2.0,3.981180429458618,2.870582103729248,4.243710994720459,2.795480966567993
863.0,0.001,0.0,64.0,4.0,2.417646884918213,1.839403510093689,3.1470425128936768,2.0840206146240234
863.0,0.001,0.0,256.0,2.0,3.0374345779418945,2.2109971046447754,4.103743553161621,2.908966064453125
863.0,0.001,0.0,256.0,4.0,2.988582134246826,2.413097858428955,3.5447471141815186,2.081139326095581
863.0,0.001,0.1,64.0,2.0,4.445674896240234,3.8700504302978516,4.48454475402832,3.6643033027648926
863.0,0.001,0.1,64.0,4.0,3.4113168716430664,2.1671738624572754,3.8797097206115723,2.246248245239258
863.0,0.001,0.1,256.0,2.0,4.837496757507324,3.62776517868042,5.086275100708008,3.8135781288146973
863.0,0.001,0.1,256.0,4.0,3.0272576808929443,2.0837361812591553,3.2282960414886475,2.148930549621582
863.0,0.0005,0.0,64.0,2.0,2.5872654914855957,2.078057050704956,3.135326862335205,2.269646406173706
863.0,0.0005,0.0,64.0,4.0,4.47359561920166,3.115098237991333,5.141838550567627,3.516469955444336
863.0,0.0005,0.0,256.0,2.0,3.3893210887908936,2.7988476753234863,4.017191410064697,3.054354429244995
863.0,0.0005,0.0,256.0,4.0,2.952970266342163,2.033205509185791,2.993656635284424,2.22529935836792
863.0,0.0005,0.1,64.0,2.0,3.057069778442383,2.5662643909454346,3.379983901977539,2.2143757343292236
863.0,0.0005,0.1,64.0,4.0,3.131649971008301,2.6810405254364014,2.9042906761169434,2.07914662361145
863.0,0.0005,0.1,256.0,2.0,3.0350048542022705,2.0943408012390137,3.120818853378296,2.0427937507629395
863.0,0.0005,0.1,256.0,4.0,3.9408159255981445,2.9223453998565674,4.388369560241699,2.9814107418060303
863.0,0.0001,0.0,64.0,2.0,8.235523223876953,7.747764587402344,8.891883850097656,8.328036308288574
863.0,0.0001,0.0,64.0,4.0,13.628250122070312,13.114709854125977,13.830108642578125,13.193867683410645
863.0,0.0001,0.0,256.0,2.0,2.951228380203247,2.1696701049804688,3.0855929851531982,2.1243178844451904
863.0,0.0001,0.0,256.0,4.0,8.811070442199707,8.123152732849121,9.098705291748047,8.282853126525879
863.0,0.0001,0.1,64.0,2.0,9.296391487121582,8.802881240844727,10.132246017456055,9.361701965332031
863.0,0.0001,0.1,64.0,4.0,14.557031631469727,14.007487297058105,14.49116325378418,13.758867263793945
863.0,0.0001,0.1,256.0,2.0,3.0365397930145264,2.2785117626190186,3.5359044075012207,2.457857847213745
863.0,0.0001,0.1,256.0,4.0,3.8751580715179443,2.950294256210327,4.5983147621154785,3.350027084350586
864.0,0.001,0.0,64.0,2.0,3.4453744888305664,2.189620018005371,2.5909807682037354,1.8766237497329712
864.0,0.001,0.0,64.0,4.0,3.0309972763061523,2.1659669876098633,1.711519718170166,1.4230291843414307
864.0,0.001,0.0,256.0,2.0,3.518181800842285,2.34283185005188,1.8338258266448975,1.3439512252807617
864.0,0.001,0.0,256.0,4.0,2.9378695487976074,2.005819797515869,2.245546579360962,1.649125099182129
864.0,0.001,0.1,64.0,2.0,3.536541223526001,2.40259051322937,1.9901373386383057,1.6769638061523438
864.0,0.001,0.1,64.0,4.0,2.793757677078247,1.8435113430023193,1.6119359731674194,1.3267079591751099
864.0,0.001,0.1,256.0,2.0,3.5493087768554688,2.621248722076416,2.387221336364746,2.0880322456359863
864.0,0.001,0.1,256.0,4.0,2.651123285293579,1.9820749759674072,2.063077688217163,1.562366247177124
864.0,0.0005,0.0,64.0,2.0,3.1403567790985107,1.8333473205566406,2.4587929248809814,1.9167979955673218
864.0,0.0005,0.0,64.0,4.0,2.9178736209869385,2.25430965423584,2.6969499588012695,2.1543211936950684
864.0,0.0005,0.0,256.0,2.0,3.236103057861328,2.5473885536193848,3.1032159328460693,2.4564781188964844
864.0,0.0005,0.0,256.0,4.0,3.497488260269165,1.957790732383728,1.7402125597000122,1.3205214738845825
864.0,0.0005,0.1,64.0,2.0,2.7070834636688232,1.8681596517562866,2.2356250286102295,1.7012256383895874
864.0,0.0005,0.1,64.0,4.0,3.240849256515503,2.3711419105529785,2.698617458343506,2.153684616088867
864.0,0.0005,0.1,256.0,2.0,3.683364152908325,2.2677149772644043,2.2360992431640625,1.5787155628204346
864.0,0.0005,0.1,256.0,4.0,3.5943148136138916,2.5234084129333496,1.855289340019226,1.5613969564437866
864.0,0.0001,0.0,64.0,2.0,9.287627220153809,8.755343437194824,10.364313125610352,10.161375045776367
864.0,0.0001,0.0,64.0,4.0,13.850590705871582,13.560958862304688,14.287766456604004,13.851119995117188
864.0,0.0001,0.0,256.0,2.0,3.6961114406585693,3.3164474964141846,3.903987407684326,3.53535532951355
864.0,0.0001,0.0,256.0,4.0,6.699045181274414,6.336504936218262,7.265625,6.9612298011779785
864.0,0.0001,0.1,64.0,2.0,10.696425437927246,10.12305736541748,11.876694679260254,11.550286293029785
864.0,0.0001,0.1,64.0,4.0,14.182944297790527,13.82457160949707,14.785649299621582,14.18858528137207
864.0,0.0001,0.1,256.0,2.0,3.6389005184173584,2.9602267742156982,3.5280094146728516,2.905087947845459
864.0,0.0001,0.1,256.0,4.0,6.463402271270752,6.141015529632568,6.948237895965576,6.665257930755615
865.0,0.001,0.0,64.0,2.0,3.850431442260742,3.409208297729492,4.542481422424316,3.675621747970581
865.0,0.001,0.0,64.0,4.0,2.3055927753448486,1.7254383563995361,3.7348928451538086,3.025695323944092
865.0,0.001,0.0,256.0,2.0,2.638500213623047,2.1418099403381348,3.820721387863159,2.237079620361328
865.0,0.001,0.0,256.0,4.0,2.593175172805786,2.085042715072632,3.0940463542938232,2.420639991760254
865.0,0.001,0.1,64.0,2.0,2.48679518699646,1.831880807876587,2.8504905700683594,1.9611387252807617
865.0,0.001,0.1,64.0,4.0,3.0330657958984375,2.577127456665039,2.7325456142425537,2.0394864082336426
865.0,0.001,0.1,256.0,2.0,3.8471457958221436,3.5327086448669434,4.7551798820495605,4.128325462341309
865.0,0.001,0.1,256.0,4.0,3.0376954078674316,2.261754035949707,2.514894962310791,1.738128662109375
865.0,0.0005,0.0,64.0,2.0,3.317397356033325,2.897280216217041,3.44173526763916,3.0436172485351562
865.0,0.0005,0.0,64.0,4.0,3.3030476570129395,2.8117244243621826,2.9596471786499023,2.442256212234497
865.0,0.0005,0.0,256.0,2.0,2.3396315574645996,1.6634330749511719,2.9433176517486572,1.9303897619247437
865.0,0.0005,0.0,256.0,4.0,2.355142116546631,1.7289518117904663,3.258319139480591,2.2304463386535645
865.0,0.0005,0.1,64.0,2.0,3.9157373905181885,3.5344130992889404,3.6688554286956787,3.092139720916748
865.0,0.0005,0.1,64.0,4.0,2.056259870529175,1.601881980895996,3.178581476211548,2.1165614128112793
865.0,0.0005,0.1,256.0,2.0,2.4160614013671875,2.0897738933563232,3.540297031402588,2.665086269378662
865.0,0.0005,0.1,256.0,4.0,3.1257264614105225,2.6649863719940186,3.7214362621307373,3.0279083251953125
865.0,0.0001,0.0,64.0,2.0,15.137136459350586,14.789555549621582,12.504650115966797,12.094435691833496
865.0,0.0001,0.0,64.0,4.0,9.340438842773438,8.814311027526855,6.992438316345215,6.611662864685059
865.0,0.0001,0.0,256.0,2.0,3.0940935611724854,2.5328168869018555,2.8370537757873535,2.1497554779052734
865.0,0.0001,0.0,256.0,4.0,7.336267471313477,6.946473121643066,5.260411262512207,4.636214733123779
865.0,0.0001,0.1,64.0,2.0,9.908967018127441,9.792150497436523,8.513542175292969,8.034144401550293
865.0,0.0001,0.1,64.0,4.0,9.410099029541016,8.976968765258789,7.332928657531738,6.961789131164551
865.0,0.0001,0.1,256.0,2.0,2.9459238052368164,2.249446392059326,2.857558488845825,2.0617966651916504
865.0,0.0001,0.1,256.0,4.0,2.909818410873413,2.207548141479492,2.437185764312744,1.8661667108535767
866.0,0.001,0.0,64.0,2.0,2.3542532920837402,1.7385518550872803,3.8174099922180176,2.702493906021118
866.0,0.001,0.0,64.0,4.0,2.034644842147827,1.5352994203567505,3.5708630084991455,2.6693339347839355
866.0,0.001,0.0,256.0,2.0,2.7977206707000732,2.236607789993286,3.3776016235351562,2.449239730834961
866.0,0.001,0.0,256.0,4.0,2.452382802963257,2.0782265663146973,3.7161104679107666,2.5517144203186035
866.0,0.001,0.1,64.0,2.0,3.057860851287842,1.9304323196411133,3.6027002334594727,2.4824092388153076
866.0,0.001,0.1,64.0,4.0,4.084702968597412,3.635401487350464,4.63938045501709,3.9122281074523926
866.0,0.001,0.1,256.0,2.0,3.050532341003418,2.6117794513702393,4.499180793762207,3.447401523590088
866.0,0.001,0.1,256.0,4.0,2.427412271499634,1.667541265487671,3.63405442237854,2.7962265014648438
866.0,0.0005,0.0,64.0,2.0,3.6581859588623047,2.291004180908203,3.9610533714294434,2.477064371109009
866.0,0.0005,0.0,64.0,4.0,4.452367305755615,4.096787929534912,4.965672492980957,4.344529628753662
866.0,0.0005,0.0,256.0,2.0,2.3615193367004395,1.6939700841903687,3.2571184635162354,2.304421901702881
866.0,0.0005,0.0,256.0,4.0,2.3492093086242676,1.7043936252593994,3.731137752532959,2.806429386138916
866.0,0.0005,0.1,64.0,2.0,3.808871269226074,3.432715892791748,4.399429798126221,3.5179309844970703
866.0,0.0005,0.1,64.0,4.0,2.276517868041992,1.6651397943496704,3.316065549850464,2.348876953125
866.0,0.0005,0.1,256.0,2.0,2.330911636352539,1.6154582500457764,3.3733131885528564,2.4290378093719482
866.0,0.0005,0.1,256.0,4.0,3.1863505840301514,2.4255733489990234,3.682018995285034,2.464237928390503
866.0,0.0001,0.0,64.0,2.0,16.45041275024414,15.213602066040039,15.681729316711426,14.922721862792969
866.0,0.0001,0.0,64.0,4.0,15.15693187713623,14.20341682434082,14.664521217346191,14.025158882141113
866.0,0.0001,0.0,256.0,2.0,4.593879222869873,3.68312406539917,4.49089241027832,3.1189956665039062
866.0,0.0001,0.0,256.0,4.0,3.2619569301605225,2.880409002304077,4.066165924072266,2.9349327087402344
866.0,0.0001,0.1,64.0,2.0,5.975353717803955,5.583258628845215,6.649029731750488,5.640000343322754
866.0,0.0001,0.1,64.0,4.0,7.619853973388672,7.313847541809082,7.734918117523193,7.010263919830322
866.0,0.0001,0.1,256.0,2.0,3.3370361328125,2.273099422454834,3.541166067123413,2.3204803466796875
866.0,0.0001,0.1,256.0,4.0,7.119780540466309,6.5374436378479,6.513489246368408,5.562779426574707
867.0,0.001,0.0,64.0,2.0,2.8725838661193848,2.479356050491333,4.232360363006592,3.739222288131714
867.0,0.001,0.0,64.0,4.0,3.2671189308166504,2.8560969829559326,3.9593136310577393,3.162503719329834
867.0,0.001,0.0,256.0,2.0,4.186382293701172,3.8274452686309814,5.523981094360352,4.912763595581055
867.0,0.001,0.0,256.0,4.0,1.9968147277832031,1.7514498233795166,4.134487152099609,2.9699220657348633
867.0,0.001,0.1,64.0,2.0,1.6692394018173218,1.3047144412994385,3.6673429012298584,2.4013588428497314
867.0,0.001,0.1,64.0,4.0,3.1159517765045166,2.4735422134399414,4.766321182250977,3.396076202392578
867.0,0.001,0.1,256.0,2.0,2.621439218521118,2.1781883239746094,4.165297031402588,3.4829609394073486
867.0,0.001,0.1,256.0,4.0,2.075230836868286,1.6087758541107178,3.526583194732666,2.6332614421844482
867.0,0.0005,0.0,64.0,2.0,2.032349109649658,1.4398863315582275,3.247410535812378,2.223439931869507
867.0,0.0005,0.0,64.0,4.0,3.41351580619812,3.057554244995117,3.9215285778045654,2.995863199234009
867.0,0.0005,0.0,256.0,2.0,2.2964515686035156,1.9832937717437744,3.406373977661133,2.642285108566284
867.0,0.0005,0.0,256.0,4.0,1.9790536165237427,1.414412260055542,3.2852511405944824,2.345952272415161
867.0,0.0005,0.1,64.0,2.0,2.55910325050354,2.194457530975342,4.635534286499023,3.223007917404175
867.0,0.0005,0.1,64.0,4.0,3.039114236831665,2.746039390563965,3.655848503112793,3.0307538509368896
867.0,0.0005,0.1,256.0,2.0,1.7058117389678955,1.2915103435516357,3.293121337890625,2.140244960784912
867.0,0.0005,0.1,256.0,4.0,2.4752814769744873,2.2143239974975586,3.892850399017334,2.8683059215545654
867.0,0.0001,0.0,64.0,2.0,12.215349197387695,11.935785293579102,12.091809272766113,11.57092571258545
867.0,0.0001,0.0,64.0,4.0,15.025742530822754,14.490124702453613,14.681010246276855,14.04560375213623
867.0,0.0001,0.0,256.0,2.0,3.258655071258545,2.718705415725708,3.7783946990966797,2.9522464275360107
867.0,0.0001,0.0,256.0,4.0,8.965950012207031,8.680540084838867,8.864519119262695,8.215238571166992
867.0,0.0001,0.1,64.0,2.0,11.641525268554688,11.441386222839355,11.314262390136719,10.808110237121582
867.0,0.0001,0.1,64.0,4.0,5.112496376037598,4.7323737144470215,4.712273597717285,3.988511323928833
867.0,0.0001,0.1,256.0,2.0,1.9301849603652954,1.5345269441604614,3.382866859436035,2.4716851711273193
867.0,0.0001,0.1,256.0,4.0,3.2181811332702637,2.736481189727783,3.8335328102111816,2.8341050148010254
868.0,0.001,0.0,64.0,2.0,3.896257162094116,3.52620005607605,4.7314043045043945,3.878582715988159
868.0,0.001,0.0,64.0,4.0,2.5512356758117676,1.788144826889038,3.7219655513763428,2.3702101707458496
868.0,0.001,0.0,256.0,2.0,2.785712480545044,2.1519150733947754,4.110897541046143,2.666567325592041
868.0,0.001,0.0,256.0,4.0,2.358128786087036,1.7614166736602783,4.09954833984375,2.327446937561035
868.0,0.001,0.1,64.0,2.0,2.7048466205596924,1.7986125946044922,4.209234237670898,2.597832202911377
868.0,0.001,0.1,64.0,4.0,2.3873696327209473,2.0351693630218506,3.83345365524292,2.7332839965820312
868.0,0.001,0.1,256.0,2.0,2.1990139484405518,1.6444346904754639,3.4831552505493164,2.420593738555908
868.0,0.001,0.1,256.0,4.0,4.536880016326904,3.102328062057495,5.143590927124023,4.030190467834473
868.0,0.0005,0.0,64.0,2.0,4.636179447174072,4.3882832527160645,5.425266742706299,4.597097873687744
868.0,0.0005,0.0,64.0,4.0,4.248319625854492,3.894850492477417,5.2234601974487305,4.290209770202637
868.0,0.0005,0.0,256.0,2.0,2.765216112136841,2.2849574089050293,4.047509670257568,2.7858598232269287
868.0,0.0005,0.0,256.0,4.0,2.3102879524230957,1.7874071598052979,3.9377355575561523,2.5067455768585205
868.0,0.0005,0.1,64.0,2.0,5.610976696014404,5.058006763458252,6.649491310119629,5.537740707397461
868.0,0.0005,0.1,64.0,4.0,2.3878324031829834,2.0019371509552,3.0743014812469482,2.170515537261963
868.0,0.0005,0.1,256.0,2.0,3.9414539337158203,3.4364051818847656,4.806906700134277,3.9485580921173096
868.0,0.0005,0.1,256.0,4.0,2.2963013648986816,1.7190793752670288,3.676795721054077,2.5633420944213867
868.0,0.0001,0.0,64.0,2.0,14.478564262390137,13.867738723754883,15.40972900390625,14.253623962402344
868.0,0.0001,0.0,64.0,4.0,14.53928279876709,14.020367622375488,15.927351951599121,14.820394515991211
868.0,0.0001,0.0,256.0,2.0,5.986105442047119,5.411489009857178,6.247460842132568,5.260775089263916
868.0,0.0001,0.0,256.0,4.0,7.695618629455566,7.3369317054748535,8.320572853088379,7.599709510803223
868.0,0.0001,0.1,64.0,2.0,4.175755977630615,3.757061719894409,4.983556747436523,4.086127281188965
868.0,0.0001,0.1,64.0,4.0,15.651411056518555,15.129922866821289,16.903913497924805,15.879673957824707
868.0,0.0001,0.1,256.0,2.0,3.6005969047546387,2.880122661590576,4.407740592956543,3.2066543102264404
868.0,0.0001,0.1,256.0,4.0,6.528104782104492,6.069421768188477,6.930776119232178,6.195708751678467
869.0,0.001,0.0,64.0,2.0,3.1596181392669678,2.821831703186035,4.2984747886657715,3.898244857788086
869.0,0.001,0.0,64.0,4.0,3.0958964824676514,2.8234431743621826,2.3725039958953857,2.004026412963867
869.0,0.001,0.0,256.0,2.0,2.8321244716644287,2.1104745864868164,2.298017978668213,1.9144706726074219
869.0,0.001,0.0,256.0,4.0,1.8145971298217773,1.3560724258422852,1.3176201581954956,0.9203152656555176
869.0,0.001,0.1,64.0,2.0,2.066420793533325,1.5950645208358765,1.5574668645858765,1.133054494857788
869.0,0.001,0.1,64.0,4.0,2.63708233833313,2.3285789489746094,2.1439990997314453,1.9130871295928955
869.0,0.001,0.1,256.0,2.0,3.6705076694488525,3.3020172119140625,3.1256096363067627,2.7544572353363037
869.0,0.001,0.1,256.0,4.0,2.123948097229004,1.574130654335022,1.3595384359359741,0.9989548921585083
869.0,0.0005,0.0,64.0,2.0,1.9654759168624878,1.4730699062347412,2.0655531883239746,1.6334375143051147
869.0,0.0005,0.0,64.0,4.0,5.540726184844971,5.355936527252197,4.890371799468994,4.590903282165527
869.0,0.0005,0.0,256.0,2.0,3.290356159210205,2.937877655029297,3.6893093585968018,3.339778423309326
869.0,0.0005,0.0,256.0,4.0,2.8094916343688965,2.495112895965576,2.508455991744995,2.3205084800720215
869.0,0.0005,0.1,64.0,2.0,8.823467254638672,8.529701232910156,8.055510520935059,7.866392612457275
869.0,0.0005,0.1,64.0,4.0,2.0295987129211426,1.4938783645629883,1.8089163303375244,1.4370803833007812
869.0,0.0005,0.1,256.0,2.0,2.762413263320923,2.530550718307495,2.994758367538452,2.5681440830230713
869.0,0.0005,0.1,256.0,4.0,2.0555260181427,1.6775226593017578,1.36591637134552,1.0291087627410889
869.0,0.0001,0.0,64.0,2.0,11.712687492370605,11.398270606994629,11.499983787536621,11.311639785766602
869.0,0.0001,0.0,64.0,4.0,14.715084075927734,14.232325553894043,13.37132453918457,13.267972946166992
869.0,0.0001,0.0,256.0,2.0,2.9852685928344727,2.4912238121032715,2.431847095489502,2.088369131088257
869.0,0.0001,0.0,256.0,4.0,3.66477108001709,3.3443679809570312,2.9033310413360596,2.6466403007507324
869.0,0.0001,0.1,64.0,2.0,3.8350980281829834,3.446800708770752,3.6102359294891357,3.267117977142334
869.0,0.0001,0.1,64.0,4.0,9.41982364654541,8.997244834899902,8.424955368041992,8.259511947631836
869.0,0.0001,0.1,256.0,2.0,2.0125017166137695,1.5159403085708618,1.546580195426941,1.1937541961669922
869.0,0.0001,0.1,256.0,4.0,3.8057384490966797,3.2925381660461426,2.6458985805511475,2.441641330718994
870.0,0.001,0.0,64.0,2.0,5.989865303039551,4.923961639404297,5.072965145111084,4.315052509307861
870.0,0.001,0.0,64.0,4.0,2.7029917240142822,2.009105920791626,2.4675419330596924,1.9713656902313232
870.0,0.001,0.0,256.0,2.0,2.4906527996063232,2.022742748260498,2.517409324645996,1.9611694812774658
870.0,0.001,0.0,256.0,4.0,3.5497970581054688,3.3172593116760254,4.0952982902526855,3.693896770477295
870.0,0.001,0.1,64.0,2.0,2.1534743309020996,1.7969887256622314,2.5188405513763428,1.8929834365844727
870.0,0.001,0.1,64.0,4.0,2.5060877799987793,2.0633981227874756,2.2082014083862305,1.7130905389785767
870.0,0.001,0.1,256.0,2.0,1.8903687000274658,1.4366642236709595,2.2273242473602295,1.6367050409317017
870.0,0.001,0.1,256.0,4.0,4.510895729064941,3.870694637298584,4.89605188369751,4.280393123626709
870.0,0.0005,0.0,64.0,2.0,2.615102529525757,1.9654932022094727,1.728920817375183,1.3364101648330688
870.0,0.0005,0.0,64.0,4.0,2.0753026008605957,1.4568976163864136,1.8148016929626465,1.332472324371338
870.0,0.0005,0.0,256.0,2.0,2.947397232055664,2.0673630237579346,1.9449151754379272,1.5823994874954224
870.0,0.0005,0.0,256.0,4.0,2.5380196571350098,1.9686214923858643,2.3528637886047363,1.925143837928772
870.0,0.0005,0.1,64.0,2.0,2.651475191116333,1.8505427837371826,2.0416674613952637,1.6794373989105225
870.0,0.0005,0.1,64.0,4.0,2.524718999862671,1.978524923324585,1.8586688041687012,1.4971271753311157
870.0,0.0005,0.1,256.0,2.0,4.532296180725098,3.935633897781372,4.941916465759277,4.5352582931518555
870.0,0.0005,0.1,256.0,4.0,2.838014841079712,2.0880398750305176,2.3250768184661865,1.879960060119629
870.0,0.0001,0.0,64.0,2.0,11.943687438964844,11.340341567993164,10.017597198486328,9.843464851379395
870.0,0.0001,0.0,64.0,4.0,9.680323600769043,9.496160507202148,10.155543327331543,9.87446403503418
870.0,0.0001,0.0,256.0,2.0,3.3230369091033936,2.6478052139282227,2.798874855041504,2.3887813091278076
870.0,0.0001,0.0,256.0,4.0,3.018394708633423,2.2308812141418457,1.6582494974136353,1.3717026710510254
870.0,0.0001,0.1,64.0,2.0,3.0601646900177,2.2605772018432617,2.4659438133239746,2.1534030437469482
870.0,0.0001,0.1,64.0,4.0,8.8397798538208,8.483741760253906,8.363502502441406,8.0648832321167
870.0,0.0001,0.1,256.0,2.0,3.8721764087677,3.0436322689056396,2.925426483154297,2.529259204864502
870.0,0.0001,0.1,256.0,4.0,2.6947076320648193,1.9432563781738281,1.9534164667129517,1.618220567703247
871.0,0.001,0.0,64.0,2.0,3.2925610542297363,1.94277822971344,3.244643211364746,2.069890260696411
871.0,0.001,0.0,64.0,4.0,4.825253963470459,4.251932144165039,5.27993631362915,4.26029634475708
871.0,0.001,0.0,256.0,2.0,3.1040406227111816,2.1870408058166504,3.2179977893829346,2.0701797008514404
871.0,0.001,0.0,256.0,4.0,3.1566410064697266,2.6243231296539307,3.7166788578033447,2.9312477111816406
871.0,0.001,0.1,64.0,2.0,2.7541701793670654,2.1904354095458984,3.6633059978485107,2.745889186859131
871.0,0.001,0.1,64.0,4.0,2.3476479053497314,1.9502639770507812,3.6838431358337402,2.5135879516601562
871.0,0.001,0.1,256.0,2.0,1.6369003057479858,1.3976194858551025,4.271770477294922,2.8751883506774902
871.0,0.001,0.1,256.0,4.0,1.9058600664138794,1.5193753242492676,3.284421443939209,2.1073241233825684
871.0,0.0005,0.0,64.0,2.0,1.784353494644165,1.5765068531036377,3.40773868560791,2.5954110622406006
871.0,0.0005,0.0,64.0,4.0,3.6214284896850586,3.169128894805908,4.59376335144043,3.921266555786133
871.0,0.0005,0.0,256.0,2.0,2.108412504196167,1.5380256175994873,3.158977746963501,2.1949429512023926
871.0,0.0005,0.0,256.0,4.0,2.4279744625091553,1.8992245197296143,3.2253549098968506,2.3404541015625
871.0,0.0005,0.1,64.0,2.0,2.2173123359680176,1.8639123439788818,4.431072235107422,3.0249810218811035
871.0,0.0005,0.1,64.0,4.0,2.219484567642212,1.6713931560516357,3.0573244094848633,2.1909573078155518
871.0,0.0005,0.1,256.0,2.0,1.9953376054763794,1.6063750982284546,3.501112222671509,2.3378987312316895
871.0,0.0005,0.1,256.0,4.0,2.0879762172698975,1.6561262607574463,3.212148427963257,2.255566358566284
871.0,0.0001,0.0,64.0,2.0,14.193986892700195,13.657539367675781,16.96649932861328,15.321527481079102
871.0,0.0001,0.0,64.0,4.0,13.667440414428711,13.386713027954102,16.167478561401367,15.012031555175781
871.0,0.0001,0.0,256.0,2.0,3.44557523727417,3.2330658435821533,4.733461380004883,3.8956618309020996
871.0,0.0001,0.0,256.0,4.0,6.740227699279785,6.399379730224609,8.594223022460938,7.87612247467041
871.0,0.0001,0.1,64.0,2.0,13.843149185180664,13.47936725616455,16.37751007080078,15.09907054901123
871.0,0.0001,0.1,64.0,4.0,13.379012107849121,12.95580005645752,16.165433883666992,14.70599365234375
871.0,0.0001,0.1,256.0,2.0,3.042788028717041,2.6220016479492188,4.488332748413086,3.5938632488250732
871.0,0.0001,0.1,256.0,4.0,2.358898401260376,1.946298360824585,4.0520124435424805,3.174576997756958
872.0,0.001,0.0,64.0,2.0,3.5469884872436523,2.4655678272247314,4.187378406524658,3.103630542755127
872.0,0.001,0.0,64.0,4.0,3.2583296298980713,2.510711908340454,4.309572696685791,3.357635498046875
872.0,0.001,0.0,256.0,2.0,3.6999335289001465,2.8617188930511475,4.0474653244018555,3.2008540630340576
872.0,0.001,0.0,256.0,4.0,2.561460494995117,1.6888606548309326,3.1593852043151855,1.847874641418457
872.0,0.001,0.1,64.0,2.0,2.699587106704712,1.648077368736267,3.8699138164520264,2.6032662391662598
872.0,0.001,0.1,64.0,4.0,3.807644844055176,2.966106414794922,5.049528121948242,3.9181697368621826
872.0,0.001,0.1,256.0,2.0,2.65612530708313,1.8666763305664062,3.662872552871704,2.574418783187866
872.0,0.001,0.1,256.0,4.0,2.81935977935791,1.8823306560516357,3.9057910442352295,2.272059440612793
872.0,0.0005,0.0,64.0,2.0,3.477705478668213,2.416834592819214,4.514848232269287,3.0330750942230225
872.0,0.0005,0.0,64.0,4.0,10.787188529968262,10.45722484588623,10.191362380981445,9.598937034606934
872.0,0.0005,0.0,256.0,2.0,2.9763619899749756,2.352004051208496,3.7397265434265137,2.7162909507751465
872.0,0.0005,0.0,256.0,4.0,2.813318967819214,1.8243306875228882,3.9134998321533203,2.65813946723938
872.0,0.0005,0.1,64.0,2.0,2.819645404815674,2.1785597801208496,3.6822638511657715,2.744084119796753
872.0,0.0005,0.1,64.0,4.0,5.1634721755981445,4.877734184265137,5.225002765655518,4.925472736358643
872.0,0.0005,0.1,256.0,2.0,3.239990472793579,2.425475597381592,3.76839542388916,2.840745449066162
872.0,0.0005,0.1,256.0,4.0,2.526857614517212,1.5134629011154175,3.241464376449585,2.0832631587982178
872.0,0.0001,0.0,64.0,2.0,14.681270599365234,14.080625534057617,14.860676765441895,14.111547470092773
872.0,0.0001,0.0,64.0,4.0,13.164268493652344,12.832776069641113,13.508858680725098,12.834904670715332
872.0,0.0001,0.0,256.0,2.0,4.2594895362854,3.352473020553589,4.610839366912842,3.7934460639953613
872.0,0.0001,0.0,256.0,4.0,9.735320091247559,9.453263282775879,10.418127059936523,9.517894744873047
872.0,0.0001,0.1,64.0,2.0,16.931983947753906,15.969400405883789,18.719877243041992,17.490447998046875
872.0,0.0001,0.1,64.0,4.0,10.646860122680664,10.201688766479492,10.696601867675781,10.096755981445312
872.0,0.0001,0.1,256.0,2.0,3.3166818618774414,2.6149086952209473,3.9889492988586426,2.942390203475952
872.0,0.0001,0.1,256.0,4.0,6.193900108337402,5.58359432220459,6.2369890213012695,5.667442798614502
873.0,0.001,0.0,64.0,2.0,14.332908630371094,14.082679748535156,14.275876998901367,13.854543685913086
873.0,0.001,0.0,64.0,4.0,2.362480640411377,1.9952080249786377,3.1399405002593994,2.324005126953125
873.0,0.001,0.0,256.0,2.0,3.3910772800445557,2.9503164291381836,4.064016819000244,3.4522290229797363
873.0,0.001,0.0,256.0,4.0,2.9232711791992188,2.1197826862335205,4.15260648727417,3.113248109817505
873.0,0.001,0.1,64.0,2.0,3.5900654792785645,3.142859935760498,4.5489044189453125,4.025895118713379
873.0,0.001,0.1,64.0,4.0,1.911830186843872,1.4039530754089355,2.1257569789886475,1.4498939514160156
873.0,0.001,0.1,256.0,2.0,3.3349010944366455,2.876901865005493,4.192667484283447,3.747685194015503
873.0,0.001,0.1,256.0,4.0,2.7851309776306152,2.224318742752075,2.360630750656128,1.972881555557251
873.0,0.0005,0.0,64.0,2.0,2.3828117847442627,1.7935959100723267,2.324826240539551,1.8235552310943604
873.0,0.0005,0.0,64.0,4.0,8.31956672668457,8.167813301086426,7.638598442077637,7.268414497375488
873.0,0.0005,0.0,256.0,2.0,2.4295825958251953,1.7193431854248047,3.469402313232422,2.3538951873779297
873.0,0.0005,0.0,256.0,4.0,4.341848850250244,3.6015257835388184,6.082442283630371,5.145144939422607
873.0,0.0005,0.1,64.0,2.0,2.1396005153656006,1.6458017826080322,2.1597347259521484,1.5463701486587524
873.0,0.0005,0.1,64.0,4.0,1.870273232460022,1.4411522150039673,2.906703233718872,1.8905881643295288
873.0,0.0005,0.1,256.0,2.0,2.62302303314209,2.0642261505126953,3.7325472831726074,2.8299694061279297
873.0,0.0005,0.1,256.0,4.0,2.260921001434326,1.6456434726715088,2.594581365585327,2.0425150394439697
873.0,0.0001,0.0,64.0,2.0,11.82682991027832,11.431904792785645,10.642317771911621,10.33693790435791
873.0,0.0001,0.0,64.0,4.0,15.43505573272705,14.517311096191406,15.079119682312012,14.378801345825195
873.0,0.0001,0.0,256.0,2.0,3.7610926628112793,3.2713236808776855,3.300508975982666,2.8074073791503906
873.0,0.0001,0.0,256.0,4.0,1.9999386072158813,1.4577006101608276,2.2427289485931396,1.4839837551116943
873.0,0.0001,0.1,64.0,2.0,13.858458518981934,13.22057819366455,13.245025634765625,12.794570922851562
873.0,0.0001,0.1,64.0,4.0,6.799605846405029,6.333393096923828,6.187234401702881,5.70381498336792
873.0,0.0001,0.1,256.0,2.0,2.8556995391845703,2.199655532836914,2.7858994007110596,2.0978598594665527
873.0,0.0001,0.1,256.0,4.0,4.5030293464660645,4.076157569885254,3.4247653484344482,3.0274293422698975
874.0,0.001,0.0,64.0,2.0,3.0884242057800293,2.272827386856079,2.6557490825653076,2.1823439598083496
874.0,0.001,0.0,64.0,4.0,3.362990617752075,2.825848340988159,2.315721035003662,1.7424437999725342
874.0,0.001,0.0,256.0,2.0,3.688521146774292,3.3144919872283936,3.2172117233276367,2.748591899871826
874.0,0.001,0.0,256.0,4.0,3.363584280014038,2.4827518463134766,3.1526083946228027,2.2998175621032715
874.0,0.001,0.1,64.0,2.0,3.348466157913208,2.428375005722046,2.9957337379455566,2.435011386871338
874.0,0.001,0.1,64.0,4.0,4.962761878967285,4.515358924865723,5.531036853790283,5.240050315856934
874.0,0.001,0.1,256.0,2.0,2.8002912998199463,2.0223639011383057,1.8129478693008423,1.4592679738998413
874.0,0.001,0.1,256.0,4.0,2.8254425525665283,2.2126455307006836,2.364490509033203,1.6767536401748657
874.0,0.0005,0.0,64.0,2.0,2.2905309200286865,1.8665889501571655,2.613250255584717,1.9947547912597656
874.0,0.0005,0.0,64.0,4.0,5.300361156463623,3.69305157661438,3.3452696800231934,2.888233184814453
874.0,0.0005,0.0,256.0,2.0,3.2239530086517334,2.3761792182922363,1.884718418121338,1.5550261735916138
874.0,0.0005,0.0,256.0,4.0,2.778019905090332,2.0880064964294434,1.8699722290039062,1.398110270500183
874.0,0.0005,0.1,64.0,2.0,2.6690051555633545,1.9336382150650024,1.9532883167266846,1.5223803520202637
874.0,0.0005,0.1,64.0,4.0,4.056448936462402,3.442723035812378,4.4357123374938965,4.1409406661987305
874.0,0.0005,0.1,256.0,2.0,2.7609217166900635,2.0273821353912354,1.6011590957641602,1.3112565279006958
874.0,0.0005,0.1,256.0,4.0,3.250087022781372,2.5211429595947266,1.9499462842941284,1.4599299430847168
874.0,0.0001,0.0,64.0,2.0,12.237957954406738,11.728058815002441,10.798287391662598,10.634295463562012
874.0,0.0001,0.0,64.0,4.0,12.284292221069336,11.83032512664795,11.325797080993652,11.173836708068848
874.0,0.0001,0.0,256.0,2.0,3.3526556491851807,2.351682424545288,2.48856782913208,2.020535707473755
874.0,0.0001,0.0,256.0,4.0,2.936269521713257,2.330742835998535,1.9099512100219727,1.5399729013442993
874.0,0.0001,0.1,64.0,2.0,3.7959697246551514,3.0224688053131104,3.4437596797943115,3.105196714401245
874.0,0.0001,0.1,64.0,4.0,11.727896690368652,11.372552871704102,10.921886444091797,10.70764446258545
874.0,0.0001,0.1,256.0,2.0,3.1634044647216797,2.6487367153167725,2.719130039215088,2.4331729412078857
874.0,0.0001,0.1,256.0,4.0,3.9693405628204346,3.3329977989196777,3.6679067611694336,3.3618125915527344
875.0,0.001,0.0,64.0,2.0,3.431302309036255,2.369215488433838,3.934042453765869,2.839891195297241
875.0,0.001,0.0,64.0,4.0,3.763120651245117,2.972243070602417,3.105478525161743,2.0806992053985596
875.0,0.001,0.0,256.0,2.0,3.698162317276001,3.0092060565948486,4.4951558113098145,3.923161268234253
875.0,0.001,0.0,256.0,4.0,3.19166898727417,2.4800829887390137,3.5285041332244873,2.8073129653930664
875.0,0.001,0.1,64.0,2.0,3.013824462890625,2.5849242210388184,3.0255537033081055,2.266197919845581
875.0,0.001,0.1,64.0,4.0,4.3105621337890625,3.1595845222473145,3.5328543186187744,2.6724085807800293
875.0,0.001,0.1,256.0,2.0,3.720273733139038,3.11804461479187,3.091445207595825,2.083024501800537
875.0,0.001,0.1,256.0,4.0,3.8188979625701904,3.024134397506714,4.109439849853516,3.5247714519500732
875.0,0.0005,0.0,64.0,2.0,3.222785472869873,2.2387261390686035,3.517897129058838,2.483394145965576
875.0,0.0005,0.0,64.0,4.0,3.5222249031066895,3.028766632080078,3.2469630241394043,2.546682357788086
875.0,0.0005,0.0,256.0,2.0,3.719099521636963,2.8904776573181152,2.8773813247680664,1.9763987064361572
875.0,0.0005,0.0,256.0,4.0,2.8670451641082764,2.2885677814483643,2.6945912837982178,1.69692063331604
875.0,0.0005,0.1,64.0,2.0,2.807851552963257,2.1294357776641846,3.211345911026001,2.2974770069122314
875.0,0.0005,0.1,64.0,4.0,3.064553737640381,2.3164799213409424,2.9455857276916504,2.163759708404541
875.0,0.0005,0.1,256.0,2.0,3.4549880027770996,2.729076623916626,3.1973702907562256,1.5660710334777832
875.0,0.0005,0.1,256.0,4.0,3.4599668979644775,2.5814309120178223,3.7099742889404297,2.8178870677948
875.0,0.0001,0.0,64.0,2.0,12.879633903503418,12.454069137573242,11.432504653930664,11.102965354919434
875.0,0.0001,0.0,64.0,4.0,14.424351692199707,13.9733304977417,12.830768585205078,12.54560661315918
875.0,0.0001,0.0,256.0,2.0,3.7004151344299316,3.1776976585388184,2.966623544692993,2.217860698699951
875.0,0.0001,0.0,256.0,4.0,4.48123836517334,3.869040012359619,3.321866273880005,2.5046539306640625
875.0,0.0001,0.1,64.0,2.0,14.566583633422852,13.958041191101074,12.360013008117676,11.950468063354492
875.0,0.0001,0.1,64.0,4.0,11.169468879699707,10.708786964416504,9.810391426086426,9.4666748046875
875.0,0.0001,0.1,256.0,2.0,5.52320671081543,4.806699275970459,4.364468097686768,3.9069740772247314
875.0,0.0001,0.1,256.0,4.0,3.1504087448120117,2.510462522506714,2.299290180206299,1.5649785995483398
876.0,0.001,0.0,64.0,2.0,3.332751989364624,1.8903459310531616,2.2758657932281494,1.671139121055603
876.0,0.001,0.0,64.0,4.0,4.2311811447143555,3.680497407913208,4.843180179595947,4.1757025718688965
876.0,0.001,0.0,256.0,2.0,3.0626220703125,2.0231151580810547,2.8815062046051025,1.736758828163147
876.0,0.001,0.0,256.0,4.0,3.4090404510498047,2.1807780265808105,2.0402183532714844,1.4420859813690186
876.0,0.001,0.1,64.0,2.0,4.153195381164551,2.5397160053253174,2.655165433883667,1.799149751663208
876.0,0.001,0.1,64.0,4.0,3.7821731567382812,2.316331624984741,2.8193745613098145,1.7405002117156982
876.0,0.001,0.1,256.0,2.0,4.1462249755859375,3.724578857421875,3.697704792022705,3.185192584991455
876.0,0.001,0.1,256.0,4.0,3.4658451080322266,2.177905321121216,2.540987968444824,1.8499187231063843
876.0,0.0005,0.0,64.0,2.0,3.8439009189605713,2.8372278213500977,2.690958261489868,2.226303815841675
876.0,0.0005,0.0,64.0,4.0,3.8201417922973633,2.5619750022888184,2.575657606124878,1.9553903341293335
876.0,0.0005,0.0,256.0,2.0,3.582662343978882,2.428393840789795,2.5735042095184326,2.1342344284057617
876.0,0.0005,0.0,256.0,4.0,3.352966547012329,2.2838215827941895,2.306108236312866,1.915673017501831
876.0,0.0005,0.1,64.0,2.0,3.4723360538482666,2.3974661827087402,2.4803919792175293,1.898685097694397
876.0,0.0005,0.1,64.0,4.0,3.799473524093628,2.358330249786377,2.494253635406494,1.9265317916870117
876.0,0.0005,0.1,256.0,2.0,3.4909751415252686,2.6080245971679688,2.937129497528076,2.029021739959717
876.0,0.0005,0.1,256.0,4.0,3.2809033393859863,2.1284279823303223,2.128049850463867,1.6057922840118408
876.0,0.0001,0.0,64.0,2.0,10.892278671264648,9.88524341583252,9.965087890625,9.526540756225586
876.0,0.0001,0.0,64.0,4.0,13.793560981750488,12.770792007446289,13.070169448852539,12.67153549194336
876.0,0.0001,0.0,256.0,2.0,5.967213153839111,4.986496448516846,4.9737548828125,4.340180397033691
876.0,0.0001,0.0,256.0,4.0,3.8216819763183594,2.3660712242126465,2.473904609680176,1.7905337810516357
876.0,0.0001,0.1,64.0,2.0,5.748433589935303,4.738255500793457,4.840708255767822,4.2514967918396
876.0,0.0001,0.1,64.0,4.0,11.555145263671875,10.839699745178223,10.78092098236084,10.30275821685791
876.0,0.0001,0.1,256.0,2.0,4.353464126586914,2.856619358062744,2.7645134925842285,2.075831890106201
876.0,0.0001,0.1,256.0,4.0,3.52567195892334,2.380159378051758,2.2182369232177734,1.7298790216445923
877.0,0.001,0.0,64.0,2.0,4.421293258666992,2.8895063400268555,3.4265894889831543,2.435474395751953
877.0,0.001,0.0,64.0,4.0,3.2728021144866943,2.2324059009552,2.440314292907715,1.7439594268798828
877.0,0.001,0.0,256.0,2.0,3.7068140506744385,2.514359951019287,3.5162715911865234,2.5117201805114746
877.0,0.001,0.0,256.0,4.0,4.2379841804504395,3.168386459350586,3.229705572128296,2.5558550357818604
877.0,0.001,0.1,64.0,2.0,3.018425464630127,2.0827279090881348,3.1467478275299072,2.6303696632385254
877.0,0.001,0.1,64.0,4.0,3.399172306060791,2.0992050170898438,3.280198812484741,2.4569082260131836
877.0,0.001,0.1,256.0,2.0,3.635078191757202,2.5073416233062744,3.0771708488464355,2.564328670501709
877.0,0.001,0.1,256.0,4.0,4.216208457946777,3.094999074935913,3.582167387008667,2.7931952476501465
877.0,0.0005,0.0,64.0,2.0,4.725429058074951,3.4133248329162598,4.135337829589844,2.8554248809814453
877.0,0.0005,0.0,64.0,4.0,3.5227019786834717,2.938173770904541,3.9463675022125244,3.340528964996338
877.0,0.0005,0.0,256.0,2.0,3.3370115756988525,2.0523781776428223,2.3890774250030518,1.699048399925232
877.0,0.0005,0.0,256.0,4.0,3.8337295055389404,3.001650810241699,3.4389841556549072,2.698776960372925
877.0,0.0005,0.1,64.0,2.0,3.564469575881958,2.7875685691833496,2.6534595489501953,1.7908031940460205
877.0,0.0005,0.1,64.0,4.0,6.760327339172363,5.968297004699707,6.370169639587402,5.952685356140137
877.0,0.0005,0.1,256.0,2.0,4.0205230712890625,2.88891339302063,3.7957754135131836,2.975978374481201
877.0,0.0005,0.1,256.0,4.0,3.275211811065674,2.2132210731506348,2.8534977436065674,2.318495750427246
877.0,0.0001,0.0,64.0,2.0,16.882009506225586,16.265241622924805,15.307571411132812,14.304727554321289
877.0,0.0001,0.0,64.0,4.0,15.975444793701172,15.643257141113281,15.133294105529785,14.634733200073242
877.0,0.0001,0.0,256.0,2.0,3.5965371131896973,2.429614782333374,2.7385759353637695,1.9205000400543213
877.0,0.0001,0.0,256.0,4.0,7.970815181732178,7.431585788726807,7.471044540405273,6.950634956359863
877.0,0.0001,0.1,64.0,2.0,6.11794376373291,5.529984951019287,5.040555477142334,4.365060329437256
877.0,0.0001,0.1,64.0,4.0,16.80069351196289,16.367279052734375,15.617451667785645,14.94618034362793
877.0,0.0001,0.1,256.0,2.0,3.451274871826172,2.3725593090057373,2.7763125896453857,2.208726406097412
877.0,0.0001,0.1,256.0,4.0,3.9751362800598145,2.7649827003479004,2.93790340423584,2.182117462158203
878.0,0.001,0.0,64.0,2.0,3.502842664718628,2.579127788543701,3.2895443439483643,2.9162845611572266
878.0,0.001,0.0,64.0,4.0,3.361630439758301,2.4320356845855713,2.9129838943481445,2.541388988494873
878.0,0.001,0.0,256.0,2.0,3.207721710205078,2.176833152770996,2.419903516769409,2.013075590133667
878.0,0.001,0.0,256.0,4.0,3.80289363861084,2.8956565856933594,3.242311954498291,2.712491750717163
878.0,0.001,0.1,64.0,2.0,3.290344476699829,2.3649020195007324,2.932708978652954,2.371537685394287
878.0,0.001,0.1,64.0,4.0,3.1241614818573,2.2015671730041504,2.619188070297241,2.2732722759246826
878.0,0.001,0.1,256.0,2.0,3.201892137527466,2.8581626415252686,2.9288790225982666,2.4962971210479736
878.0,0.001,0.1,256.0,4.0,3.329561233520508,2.9643588066101074,3.185222625732422,2.7269539833068848
878.0,0.0005,0.0,64.0,2.0,4.171849250793457,3.6817405223846436,3.731590747833252,3.2309844493865967
878.0,0.0005,0.0,64.0,4.0,7.581256866455078,7.141173362731934,7.738104820251465,7.508092403411865
878.0,0.0005,0.0,256.0,2.0,2.518336057662964,2.0702717304229736,1.8657547235488892,1.4781149625778198
878.0,0.0005,0.0,256.0,4.0,2.4308156967163086,1.7046549320220947,1.7762587070465088,1.302979826927185
878.0,0.0005,0.1,64.0,2.0,3.1586532592773438,2.47711443901062,2.924022912979126,2.5273361206054688
878.0,0.0005,0.1,64.0,4.0,2.365616798400879,1.750382661819458,2.0554277896881104,1.6336023807525635
878.0,0.0005,0.1,256.0,2.0,4.4272141456604,3.5438480377197266,4.8253045082092285,4.307312488555908
878.0,0.0005,0.1,256.0,4.0,3.1578726768493652,2.781158208847046,2.8092291355133057,2.380715847015381
878.0,0.0001,0.0,64.0,2.0,14.44034194946289,13.580370903015137,15.674158096313477,15.039105415344238
878.0,0.0001,0.0,64.0,4.0,14.403753280639648,13.794062614440918,15.431929588317871,14.933130264282227
878.0,0.0001,0.0,256.0,2.0,5.54895544052124,4.886800289154053,5.348926067352295,5.118638515472412
878.0,0.0001,0.0,256.0,4.0,5.012702941894531,4.494383811950684,5.111025333404541,4.739869594573975
878.0,0.0001,0.1,64.0,2.0,12.478754997253418,11.986501693725586,13.269051551818848,12.96484088897705
878.0,0.0001,0.1,64.0,4.0,14.062561988830566,13.53857707977295,15.26552963256836,14.876955032348633
878.0,0.0001,0.1,256.0,2.0,3.9350385665893555,3.089754104614258,3.9883432388305664,3.5792670249938965
878.0,0.0001,0.1,256.0,4.0,3.0733766555786133,2.2545690536499023,2.3299665451049805,2.024510145187378
879.0,0.001,0.0,64.0,2.0,4.476290702819824,3.7436957359313965,4.260880470275879,3.254976272583008
879.0,0.001,0.0,64.0,4.0,3.2846102714538574,2.400083541870117,3.352396249771118,2.3488821983337402
879.0,0.001,0.0,256.0,2.0,2.905158758163452,2.1979994773864746,2.9014744758605957,1.8106956481933594
879.0,0.001,0.0,256.0,4.0,3.717158794403076,3.1618101596832275,3.1634361743927,2.643587589263916
879.0,0.001,0.1,64.0,2.0,2.5256173610687256,1.9582557678222656,3.0588433742523193,2.0684921741485596
879.0,0.001,0.1,64.0,4.0,3.775397300720215,3.3792355060577393,3.736323833465576,3.0275559425354004
879.0,0.001,0.1,256.0,2.0,2.4371275901794434,1.683233618736267,3.904770851135254,2.2235894203186035
879.0,0.001,0.1,256.0,4.0,2.486915111541748,1.9845483303070068,3.226574659347534,1.973811149597168
879.0,0.0005,0.0,64.0,2.0,2.9415502548217773,2.643233299255371,3.584376335144043,2.850282907485962
879.0,0.0005,0.0,64.0,4.0,3.5635199546813965,3.0109572410583496,3.7171595096588135,3.12973952293396
879.0,0.0005,0.0,256.0,2.0,2.544119358062744,2.1482291221618652,3.424711227416992,2.412060499191284
879.0,0.0005,0.0,256.0,4.0,3.1857964992523193,2.489135980606079,3.4534192085266113,2.7244956493377686
879.0,0.0005,0.1,64.0,2.0,2.612360715866089,1.9523570537567139,3.051117181777954,2.0327420234680176
879.0,0.0005,0.1,64.0,4.0,2.8133432865142822,2.4944489002227783,3.194992780685425,2.6234588623046875
879.0,0.0005,0.1,256.0,2.0,3.581479072570801,2.7832508087158203,4.178098201751709,3.305751323699951
879.0,0.0005,0.1,256.0,4.0,2.681513547897339,2.0097827911376953,3.047591209411621,2.199754476547241
879.0,0.0001,0.0,64.0,2.0,6.959258556365967,6.665892124176025,6.411186695098877,5.880785942077637
879.0,0.0001,0.0,64.0,4.0,7.118175029754639,6.8388471603393555,6.738826751708984,6.4104461669921875
879.0,0.0001,0.0,256.0,2.0,7.009171962738037,6.369725227355957,5.74278450012207,5.46931266784668
879.0,0.0001,0.0,256.0,4.0,4.709549903869629,4.12319803237915,4.148365497589111,3.8132195472717285
879.0,0.0001,0.1,64.0,2.0,6.875124931335449,6.231159210205078,6.193168640136719,5.923682689666748
879.0,0.0001,0.1,64.0,4.0,3.670196294784546,3.082958698272705,3.1404507160186768,2.8596320152282715
879.0,0.0001,0.1,256.0,2.0,3.0603957176208496,2.3916397094726562,3.4624032974243164,2.3865692615509033
879.0,0.0001,0.1,256.0,4.0,5.973240852355957,5.327183246612549,4.98397970199585,4.686486721038818
880.0,0.001,0.0,64.0,2.0,3.0195839405059814,2.209876298904419,3.607595205307007,2.4207077026367188
880.0,0.001,0.0,64.0,4.0,3.411928176879883,2.658493757247925,3.6141560077667236,2.4968371391296387
880.0,0.001,0.0,256.0,2.0,2.670884609222412,1.9128471612930298,2.6583971977233887,1.4950964450836182
880.0,0.001,0.0,256.0,4.0,2.4084036350250244,2.089616060256958,2.6700997352600098,1.8323348760604858
880.0,0.001,0.1,64.0,2.0,3.407412052154541,2.2697818279266357,2.9867806434631348,1.7838008403778076
880.0,0.001,0.1,64.0,4.0,3.277735710144043,2.1634106636047363,3.7405948638916016,2.4428887367248535
880.0,0.001,0.1,256.0,2.0,3.027986526489258,2.6645560264587402,3.247452735900879,2.553062915802002
880.0,0.001,0.1,256.0,4.0,2.2337584495544434,1.6343090534210205,2.8053195476531982,1.6057361364364624
880.0,0.0005,0.0,64.0,2.0,2.9510998725891113,2.0810084342956543,2.868959903717041,1.6488497257232666
880.0,0.0005,0.0,64.0,4.0,3.393205404281616,2.89746356010437,3.2692372798919678,2.2775540351867676
880.0,0.0005,0.0,256.0,2.0,4.3314313888549805,3.9643006324768066,4.179656028747559,3.6690735816955566
880.0,0.0005,0.0,256.0,4.0,2.3756771087646484,1.5655494928359985,2.6500604152679443,1.5966771841049194
880.0,0.0005,0.1,64.0,2.0,2.4676382541656494,1.7228333950042725,3.002256393432617,1.7018671035766602
880.0,0.0005,0.1,64.0,4.0,3.0079896450042725,1.9368493556976318,2.7998459339141846,1.6280529499053955
880.0,0.0005,0.1,256.0,2.0,3.475710153579712,2.243192672729492,3.4440927505493164,1.9483213424682617
880.0,0.0005,0.1,256.0,4.0,2.8236658573150635,1.8608248233795166,2.648543119430542,1.4441828727722168
880.0,0.0001,0.0,64.0,2.0,6.639847278594971,6.4032464027404785,6.807675361633301,6.306513786315918
880.0,0.0001,0.0,64.0,4.0,13.388461112976074,13.043609619140625,13.513060569763184,13.097085952758789
880.0,0.0001,0.0,256.0,2.0,7.563518524169922,7.152539253234863,7.412786960601807,6.931612968444824
880.0,0.0001,0.0,256.0,4.0,6.746755123138428,5.8484296798706055,6.379807472229004,5.639337539672852
880.0,0.0001,0.1,64.0,2.0,12.617179870605469,12.291786193847656,12.47580623626709,12.074958801269531
880.0,0.0001,0.1,64.0,4.0,7.796135902404785,7.385893821716309,8.5047607421875,7.868798732757568
880.0,0.0001,0.1,256.0,2.0,3.599318742752075,2.501382827758789,3.52695631980896,2.175591230392456
880.0,0.0001,0.1,256.0,4.0,3.01759672164917,2.0565185546875,3.008368968963623,2.180528163909912
881.0,0.001,0.0,64.0,2.0,3.488605260848999,2.44529128074646,3.8276355266571045,2.8821091651916504
881.0,0.001,0.0,64.0,4.0,4.156763553619385,3.1168479919433594,3.1968653202056885,2.8808674812316895
881.0,0.001,0.0,256.0,2.0,2.905928611755371,2.203866720199585,2.9120092391967773,1.9058845043182373
881.0,0.001,0.0,256.0,4.0,3.80230975151062,2.899632215499878,4.33249568939209,2.883913516998291
881.0,0.001,0.1,64.0,2.0,3.445430040359497,3.030982494354248,3.7922298908233643,2.7620511054992676
881.0,0.001,0.1,64.0,4.0,2.9489755630493164,2.145918607711792,2.991079092025757,1.9145190715789795
881.0,0.001,0.1,256.0,2.0,3.2221176624298096,2.669469118118286,3.977400541305542,2.895805835723877
881.0,0.001,0.1,256.0,4.0,3.5781121253967285,2.7270641326904297,4.279674530029297,2.9270880222320557
881.0,0.0005,0.0,64.0,2.0,3.740314483642578,3.254824161529541,3.716282844543457,2.8075010776519775
881.0,0.0005,0.0,64.0,4.0,3.4990670680999756,2.3627190589904785,3.141237497329712,1.862807035446167
881.0,0.0005,0.0,256.0,2.0,3.551464796066284,2.5839133262634277,3.908381938934326,2.7413573265075684
881.0,0.0005,0.0,256.0,4.0,3.002868890762329,2.2938427925109863,3.1957013607025146,2.220768690109253
881.0,0.0005,0.1,64.0,2.0,3.22617244720459,2.5858473777770996,3.9569056034088135,2.812460422515869
881.0,0.0005,0.1,64.0,4.0,3.2667343616485596,2.5859856605529785,3.0828680992126465,2.2350516319274902
881.0,0.0005,0.1,256.0,2.0,3.1944942474365234,2.552082061767578,3.3879640102386475,2.497464656829834
881.0,0.0005,0.1,256.0,4.0,3.3044373989105225,2.479120969772339,3.3455100059509277,2.4807791709899902
881.0,0.0001,0.0,64.0,2.0,9.606857299804688,9.215333938598633,9.459493637084961,8.982900619506836
881.0,0.0001,0.0,64.0,4.0,14.01241397857666,13.284296989440918,13.694931030273438,13.118066787719727
881.0,0.0001,0.0,256.0,2.0,3.7560250759124756,3.0341620445251465,4.096060752868652,3.1435022354125977
881.0,0.0001,0.0,256.0,4.0,4.157895565032959,3.7242794036865234,4.09141731262207,3.528719663619995
881.0,0.0001,0.1,64.0,2.0,3.1378188133239746,2.617501735687256,3.6188864707946777,2.943713665008545
881.0,0.0001,0.1,64.0,4.0,4.149740695953369,3.465597629547119,4.466790676116943,4.10732889175415
881.0,0.0001,0.1,256.0,2.0,3.1465048789978027,2.302987575531006,3.609149217605591,2.307215929031372
881.0,0.0001,0.1,256.0,4.0,3.308642864227295,2.694072723388672,3.3508236408233643,2.653059959411621
882.0,0.001,0.0,64.0,2.0,2.9345309734344482,2.5111467838287354,3.8220927715301514,2.973532199859619
882.0,0.001,0.0,64.0,4.0,5.919094562530518,5.497344017028809,6.17828893661499,5.565566062927246
882.0,0.001,0.0,256.0,2.0,2.322096109390259,1.8845325708389282,3.007249116897583,1.9852783679962158
882.0,0.001,0.0,256.0,4.0,2.6780991554260254,2.2578372955322266,3.4776432514190674,2.7719337940216064
882.0,0.001,0.1,64.0,2.0,2.3536617755889893,1.8118482828140259,3.829127550125122,2.621572971343994
882.0,0.001,0.1,64.0,4.0,3.903754711151123,3.5412757396698,5.0101189613342285,4.283633232116699
882.0,0.001,0.1,256.0,2.0,2.3279128074645996,1.8339706659317017,3.9284160137176514,2.521594524383545
882.0,0.001,0.1,256.0,4.0,2.7649505138397217,2.284838914871216,4.239315032958984,3.288050413131714
882.0,0.0005,0.0,64.0,2.0,1.8114700317382812,1.4896873235702515,3.3452999591827393,1.980072021484375
882.0,0.0005,0.0,64.0,4.0,6.396444320678711,6.167784690856934,7.292648792266846,6.704036712646484
882.0,0.0005,0.0,256.0,2.0,2.9956133365631104,2.456761121749878,5.032302379608154,3.9691078662872314
882.0,0.0005,0.0,256.0,4.0,3.2667298316955566,2.58052921295166,4.722980499267578,3.5528786182403564
882.0,0.0005,0.1,64.0,2.0,2.4991745948791504,2.0002338886260986,3.863983154296875,2.8760766983032227
882.0,0.0005,0.1,64.0,4.0,2.273935079574585,1.6495857238769531,3.8812673091888428,2.5367839336395264
882.0,0.0005,0.1,256.0,2.0,1.864290475845337,1.4126920700073242,3.4189014434814453,2.2378036975860596
882.0,0.0005,0.1,256.0,4.0,2.3178489208221436,1.7401907444000244,3.9710886478424072,2.529001474380493
882.0,0.0001,0.0,64.0,2.0,15.193243980407715,14.553155899047852,19.952322006225586,18.354440689086914
882.0,0.0001,0.0,64.0,4.0,11.630473136901855,11.432899475097656,13.545619010925293,13.078592300415039
882.0,0.0001,0.0,256.0,2.0,9.440241813659668,9.04997444152832,12.108682632446289,10.924032211303711
882.0,0.0001,0.0,256.0,4.0,3.057410478591919,2.555555820465088,4.816142559051514,3.8557727336883545
882.0,0.0001,0.1,64.0,2.0,14.38467788696289,13.822306632995605,18.550186157226562,17.13473129272461
882.0,0.0001,0.1,64.0,4.0,13.385100364685059,13.078473091125488,16.915616989135742,15.874711990356445
882.0,0.0001,0.1,256.0,2.0,4.893359184265137,4.348374843597412,6.218656063079834,5.212318420410156
882.0,0.0001,0.1,256.0,4.0,4.542205333709717,4.1652302742004395,6.565982818603516,5.618412017822266
883.0,0.001,0.0,64.0,2.0,4.215165138244629,3.189807415008545,2.5038342475891113,1.9145784378051758
883.0,0.001,0.0,64.0,4.0,4.642140865325928,3.359250545501709,2.6261980533599854,2.1858205795288086
883.0,0.001,0.0,256.0,2.0,3.8659615516662598,2.677189826965332,2.654170513153076,2.0770819187164307
883.0,0.001,0.0,256.0,4.0,3.3849895000457764,2.5582187175750732,2.7519829273223877,2.066124677658081
883.0,0.001,0.1,64.0,2.0,6.012211799621582,5.082172393798828,3.996314287185669,3.5410685539245605
883.0,0.001,0.1,64.0,4.0,3.4193668365478516,2.5748796463012695,2.4307990074157715,1.8977091312408447
883.0,0.001,0.1,256.0,2.0,4.489203929901123,3.6849074363708496,3.5420117378234863,2.990744113922119
883.0,0.001,0.1,256.0,4.0,3.825178861618042,2.8005008697509766,2.576910972595215,1.9548492431640625
883.0,0.0005,0.0,64.0,2.0,3.972742795944214,2.8306140899658203,1.916137456893921,1.515589952468872
883.0,0.0005,0.0,64.0,4.0,4.993636608123779,3.442232608795166,3.028528928756714,2.526001453399658
883.0,0.0005,0.0,256.0,2.0,5.009372234344482,3.5715160369873047,2.9742698669433594,2.3882622718811035
883.0,0.0005,0.0,256.0,4.0,3.2068686485290527,2.2611515522003174,2.565673828125,1.5896908044815063
883.0,0.0005,0.1,64.0,2.0,4.935110569000244,3.6000161170959473,2.511115550994873,2.026524066925049
883.0,0.0005,0.1,64.0,4.0,4.723875045776367,3.209275007247925,2.5845937728881836,2.0031814575195312
883.0,0.0005,0.1,256.0,2.0,4.009118556976318,2.681953191757202,3.138263702392578,2.553849697113037
883.0,0.0005,0.1,256.0,4.0,3.682471752166748,2.734717607498169,2.666776657104492,2.043488025665283
883.0,0.0001,0.0,64.0,2.0,6.98412561416626,5.995589256286621,5.58778190612793,5.175646781921387
883.0,0.0001,0.0,64.0,4.0,8.888630867004395,8.16267204284668,7.225001335144043,6.873960971832275
883.0,0.0001,0.0,256.0,2.0,7.837218761444092,6.605727195739746,5.668312072753906,4.8909807205200195
883.0,0.0001,0.0,256.0,4.0,4.614408493041992,3.0272605419158936,3.0714824199676514,2.0346083641052246
883.0,0.0001,0.1,64.0,2.0,8.564994812011719,7.397769927978516,6.407785415649414,5.926690578460693
883.0,0.0001,0.1,64.0,4.0,13.661029815673828,12.904345512390137,11.31762981414795,10.985843658447266
883.0,0.0001,0.1,256.0,2.0,4.412295818328857,2.8835787773132324,2.4190673828125,1.7412300109863281
883.0,0.0001,0.1,256.0,4.0,6.065772533416748,4.973200798034668,3.9807896614074707,3.6668803691864014
884.0,0.001,0.0,64.0,2.0,2.546663522720337,1.973070740699768,2.2878334522247314,1.8106456995010376
884.0,0.001,0.0,64.0,4.0,3.569305658340454,2.3558595180511475,2.9521679878234863,2.3576183319091797
884.0,0.001,0.0,256.0,2.0,2.7746164798736572,1.897610068321228,2.701169490814209,2.024796724319458
884.0,0.001,0.0,256.0,4.0,2.8199074268341064,1.9410362243652344,2.4583487510681152,1.8942062854766846
884.0,0.001,0.1,64.0,2.0,2.654026508331299,2.053260087966919,4.171184539794922,2.733938694000244
884.0,0.001,0.1,64.0,4.0,2.3696374893188477,1.9600540399551392,2.5725302696228027,2.141754627227783
884.0,0.001,0.1,256.0,2.0,3.041005849838257,2.0691418647766113,3.0449535846710205,2.565920829772949
884.0,0.001,0.1,256.0,4.0,3.0283336639404297,2.0151207447052,2.79453182220459,2.288510799407959
884.0,0.0005,0.0,64.0,2.0,4.713028907775879,3.94035267829895,4.735974311828613,4.361802101135254
884.0,0.0005,0.0,64.0,4.0,2.758577823638916,1.992527723312378,2.1716620922088623,1.6866298913955688
884.0,0.0005,0.0,256.0,2.0,2.9266459941864014,2.352109432220459,3.057952880859375,2.3669493198394775
884.0,0.0005,0.0,256.0,4.0,2.8680355548858643,2.29931378364563,2.6602678298950195,2.0002694129943848
884.0,0.0005,0.1,64.0,2.0,2.4669597148895264,1.887487769126892,2.237316131591797,1.752804160118103
884.0,0.0005,0.1,64.0,4.0,3.60129976272583,2.6465816497802734,2.9237756729125977,2.4773030281066895
884.0,0.0005,0.1,256.0,2.0,2.5326664447784424,1.9755465984344482,2.555049419403076,2.0576224327087402
884.0,0.0005,0.1,256.0,4.0,2.3809971809387207,1.9256470203399658,2.564225196838379,1.8087470531463623
884.0,0.0001,0.0,64.0,2.0,13.404994010925293,12.825894355773926,13.717303276062012,13.33337116241455
884.0,0.0001,0.0,64.0,4.0,14.584501266479492,13.823020935058594,15.051098823547363,14.569717407226562
884.0,0.0001,0.0,256.0,2.0,2.7914516925811768,2.1585028171539307,2.624330997467041,2.096085786819458
884.0,0.0001,0.0,256.0,4.0,3.3086068630218506,2.1280837059020996,3.015073537826538,2.608259916305542
884.0,0.0001,0.1,64.0,2.0,8.132113456726074,7.827945709228516,7.618434906005859,7.340069770812988
884.0,0.0001,0.1,64.0,4.0,14.263270378112793,13.28742504119873,14.775477409362793,14.184831619262695
884.0,0.0001,0.1,256.0,2.0,2.609945058822632,1.7777483463287354,3.031583786010742,2.560596466064453
884.0,0.0001,0.1,256.0,4.0,2.8805840015411377,1.882967233657837,2.7244644165039062,2.3709464073181152
885.0,0.001,0.0,64.0,2.0,2.9909110069274902,2.275104522705078,2.9863533973693848,2.167015790939331
885.0,0.001,0.0,64.0,4.0,2.7982189655303955,2.3489699363708496,3.2022104263305664,2.7101738452911377
885.0,0.001,0.0,256.0,2.0,2.398383378982544,1.8578357696533203,2.521695137023926,1.5112478733062744
885.0,0.001,0.0,256.0,4.0,2.4801976680755615,1.9315742254257202,2.1848413944244385,1.4862427711486816
885.0,0.001,0.1,64.0,2.0,3.028233289718628,2.192326068878174,2.9779601097106934,1.9954338073730469
885.0,0.001,0.1,64.0,4.0,2.244523525238037,1.8304882049560547,3.0876123905181885,2.1485867500305176
885.0,0.001,0.1,256.0,2.0,4.313591003417969,3.8940138816833496,5.169660568237305,4.159859657287598
885.0,0.001,0.1,256.0,4.0,3.1728603839874268,2.799373149871826,3.9979331493377686,3.2768726348876953
885.0,0.0005,0.0,64.0,2.0,3.1025915145874023,2.3416907787323,2.9047958850860596,2.340012311935425
885.0,0.0005,0.0,64.0,4.0,2.467529296875,1.9213454723358154,2.3340187072753906,1.3577029705047607
885.0,0.0005,0.0,256.0,2.0,2.495077610015869,1.9890873432159424,2.9007229804992676,2.2459819316864014
885.0,0.0005,0.0,256.0,4.0,2.5851902961730957,1.9201068878173828,2.6689610481262207,1.8327419757843018
885.0,0.0005,0.1,64.0,2.0,2.539583444595337,2.021730899810791,2.9181528091430664,2.1997861862182617
885.0,0.0005,0.1,64.0,4.0,2.671400785446167,1.9840033054351807,2.6726746559143066,1.906551718711853
885.0,0.0005,0.1,256.0,2.0,3.2190022468566895,2.4149081707000732,2.5408942699432373,1.5144493579864502
885.0,0.0005,0.1,256.0,4.0,2.8062479496002197,2.0749003887176514,2.0285158157348633,1.4625358581542969
885.0,0.0001,0.0,64.0,2.0,8.841561317443848,8.660871505737305,8.139175415039062,7.88538122177124
885.0,0.0001,0.0,64.0,4.0,15.574445724487305,14.913850784301758,13.513542175292969,13.106637954711914
885.0,0.0001,0.0,256.0,2.0,6.610914707183838,5.816561222076416,4.991944789886475,4.838222503662109
885.0,0.0001,0.0,256.0,4.0,3.5707929134368896,2.8427577018737793,3.094001531600952,2.4729952812194824
885.0,0.0001,0.1,64.0,2.0,9.373618125915527,9.069501876831055,8.383267402648926,7.9814019203186035
885.0,0.0001,0.1,64.0,4.0,8.956587791442871,8.634504318237305,7.848029136657715,7.490013122558594
885.0,0.0001,0.1,256.0,2.0,4.727556228637695,3.8546440601348877,3.4089841842651367,3.09867262840271
885.0,0.0001,0.1,256.0,4.0,2.5308003425598145,1.952094316482544,2.6813888549804688,2.1103739738464355
886.0,0.001,0.0,64.0,2.0,2.0912976264953613,1.5749937295913696,3.598133087158203,2.7495479583740234
886.0,0.001,0.0,64.0,4.0,1.791560173034668,1.3059120178222656,3.3136913776397705,2.5017428398132324
886.0,0.001,0.0,256.0,2.0,4.502418518066406,3.5844082832336426,4.945253372192383,3.9085514545440674
886.0,0.001,0.0,256.0,4.0,1.9154750108718872,1.3884098529815674,3.097217082977295,2.3174519538879395
886.0,0.001,0.1,64.0,2.0,2.3120052814483643,1.8341569900512695,3.429664134979248,2.753066301345825
886.0,0.001,0.1,64.0,4.0,2.532139539718628,2.156432628631592,3.575636625289917,2.89369797706604
886.0,0.001,0.1,256.0,2.0,3.153563976287842,2.2844040393829346,3.471466541290283,2.675240993499756
886.0,0.001,0.1,256.0,4.0,2.3475253582000732,1.7881498336791992,2.845612049102783,2.2545344829559326
886.0,0.0005,0.0,64.0,2.0,2.900122880935669,2.5743789672851562,3.2556939125061035,2.851217746734619
886.0,0.0005,0.0,64.0,4.0,4.509520053863525,4.182113170623779,4.402099132537842,4.001972675323486
886.0,0.0005,0.0,256.0,2.0,2.8050599098205566,1.9907159805297852,3.515314817428589,2.8012497425079346
886.0,0.0005,0.0,256.0,4.0,2.164444923400879,1.6862919330596924,3.22491455078125,2.3451602458953857
886.0,0.0005,0.1,64.0,2.0,2.130358934402466,1.7058188915252686,3.75996994972229,2.992300033569336
886.0,0.0005,0.1,64.0,4.0,1.8139399290084839,1.525024175643921,2.495863676071167,1.8716341257095337
886.0,0.0005,0.1,256.0,2.0,2.1411969661712646,1.4308686256408691,3.6147444248199463,2.937260389328003
886.0,0.0005,0.1,256.0,4.0,1.8669828176498413,1.2545216083526611,2.8759210109710693,2.2277495861053467
886.0,0.0001,0.0,64.0,2.0,13.28986930847168,12.823826789855957,15.193018913269043,14.089319229125977
886.0,0.0001,0.0,64.0,4.0,5.258568286895752,5.053695201873779,5.987884521484375,5.367002010345459
886.0,0.0001,0.0,256.0,2.0,5.379064559936523,5.170668125152588,6.758729934692383,5.850255012512207
886.0,0.0001,0.0,256.0,4.0,3.7701287269592285,3.292236328125,4.10623025894165,3.437943935394287
886.0,0.0001,0.1,64.0,2.0,7.5973219871521,7.222637176513672,7.71570348739624,7.199456691741943
886.0,0.0001,0.1,64.0,4.0,13.12259292602539,12.873258590698242,14.337335586547852,13.7387056350708
886.0,0.0001,0.1,256.0,2.0,3.7948765754699707,3.6155123710632324,4.8079962730407715,4.071556568145752
886.0,0.0001,0.1,256.0,4.0,4.015381813049316,3.670727252960205,5.1662983894348145,4.353029251098633
887.0,0.001,0.0,64.0,2.0,3.841968059539795,2.5414116382598877,4.578994274139404,3.089120864868164
887.0,0.001,0.0,64.0,4.0,3.7426905632019043,2.568803310394287,3.978890895843506,2.518620014190674
887.0,0.001,0.0,256.0,2.0,4.242636680603027,3.4409842491149902,3.5780155658721924,2.6815826892852783
887.0,0.001,0.0,256.0,4.0,3.101332187652588,1.9209849834442139,2.8008430004119873,1.7475292682647705
887.0,0.001,0.1,64.0,2.0,3.953508138656616,3.1785006523132324,4.424245834350586,2.882218837738037
887.0,0.001,0.1,64.0,4.0,3.129021644592285,1.9120372533798218,2.7938387393951416,1.8415031433105469
887.0,0.001,0.1,256.0,2.0,3.9779775142669678,3.1799583435058594,3.3426895141601562,2.6869826316833496
887.0,0.001,0.1,256.0,4.0,3.0823843479156494,2.09814453125,3.5567197799682617,2.587222099304199
887.0,0.0005,0.0,64.0,2.0,3.1488583087921143,2.2022414207458496,3.1294474601745605,1.9666637182235718
887.0,0.0005,0.0,64.0,4.0,5.889876842498779,5.230559349060059,7.022675514221191,6.259530067443848
887.0,0.0005,0.0,256.0,2.0,3.4526097774505615,2.4559903144836426,3.729861259460449,2.5750720500946045
887.0,0.0005,0.0,256.0,4.0,5.462768077850342,4.860731601715088,5.261117935180664,4.887913703918457
887.0,0.0005,0.1,64.0,2.0,4.446442127227783,3.398036241531372,5.8624372482299805,4.21550989151001
887.0,0.0005,0.1,64.0,4.0,3.7169809341430664,3.1170105934143066,4.443732261657715,3.605909824371338
887.0,0.0005,0.1,256.0,2.0,3.172654390335083,2.393409013748169,2.98803448677063,1.9150750637054443
887.0,0.0005,0.1,256.0,4.0,3.6418416500091553,2.804915428161621,3.4519388675689697,2.339280605316162
887.0,0.0001,0.0,64.0,2.0,10.605569839477539,9.755762100219727,11.608526229858398,10.883676528930664
887.0,0.0001,0.0,64.0,4.0,8.302727699279785,7.799904823303223,9.259127616882324,8.569174766540527
887.0,0.0001,0.0,256.0,2.0,5.611622333526611,4.966227054595947,6.664292812347412,5.710063934326172
887.0,0.0001,0.0,256.0,4.0,5.940091133117676,5.584619998931885,6.892995834350586,5.997091293334961
887.0,0.0001,0.1,64.0,2.0,14.543509483337402,13.72710132598877,15.457772254943848,14.693387031555176
887.0,0.0001,0.1,64.0,4.0,4.884176254272461,4.395047187805176,6.059935569763184,5.111888885498047
887.0,0.0001,0.1,256.0,2.0,3.606531858444214,2.648885726928711,3.773689031600952,2.588688373565674
