,seed,v,source_tree_size,target_tree_size,k,m_0,epochs,val_rmse,val_mae,rmse,mae
0,850.0,0.1,1.0,1.0,0.0,0.1,400.0,3.4944741547648586,2.5057655175615126,1.547459721019787,1.274042565780822
1,850.0,0.1,1.0,1.0,0.0,0.5,400.0,3.381839489646718,2.3742366196553397,1.7364632027056597,1.3913221770910773
2,850.0,0.1,1.0,1.0,0.01,0.1,400.0,3.4974959101350187,2.4904498644970396,1.5313457788019331,1.2546385625751577
3,850.0,0.1,1.0,1.0,0.01,0.5,400.0,3.347828135453675,2.3890907462138222,1.60351974912294,1.2717305591165844
4,850.0,0.1,1.0,1.0,0.01,0.9,400.0,3.0714809010723276,2.235917195535157,1.6565327512569739,1.3748700108561265
5,850.0,0.1,1.0,1.0,0.05,0.1,400.0,3.405757126190391,2.4136965432299906,1.534202545844901,1.2390487974237236
6,850.0,0.1,1.0,1.0,0.05,0.5,400.0,3.706523825839079,2.6863631960067345,1.8807261124079921,1.5967043522842383
7,850.0,0.1,1.0,1.0,0.05,0.9,400.0,3.3241792499056633,2.4572681546285553,1.596663338301941,1.2785216482430026
8,850.0,0.1,1.0,2.0,0.0,0.1,400.0,3.123331728909462,2.379763547562091,1.7503029305398048,1.5400982325562385
9,850.0,0.1,1.0,2.0,0.0,0.5,400.0,3.1578741636754857,2.1353390132143026,2.017352025073898,1.5760399353158954
10,850.0,0.1,1.0,2.0,0.01,0.1,400.0,3.2390835076589717,2.4437917659722332,1.687047345364665,1.5085288159081476
11,850.0,0.1,1.0,2.0,0.01,0.5,400.0,3.237609516350306,2.437736859211283,1.8579410085155617,1.518083280760873
12,850.0,0.1,1.0,2.0,0.01,0.9,400.0,3.18286955111658,2.3025586452736393,1.9438972131269125,1.5373221598707052
13,850.0,0.1,1.0,2.0,0.05,0.1,400.0,3.2050126104001655,2.449516636036655,1.7959111153600464,1.589780974150356
14,850.0,0.1,1.0,2.0,0.05,0.5,400.0,3.3388945334846145,2.5115965982101596,1.7274585303554257,1.5235098201143116
15,850.0,0.1,1.0,2.0,0.05,0.9,400.0,3.1783509084029826,2.4360694088640056,1.7557076610261584,1.530890521202387
16,850.0,0.1,1.0,3.0,0.0,0.1,400.0,2.81943408146891,2.3578322828002585,2.1276437719126693,1.697002426819175
17,850.0,0.1,1.0,3.0,0.0,0.5,400.0,2.9041136076069054,2.141171947218748,2.400230007683011,1.756792216809912
18,850.0,0.1,1.0,3.0,0.01,0.1,400.0,2.811244823543818,2.263625758989568,1.930302343319662,1.6143146572240135
19,850.0,0.1,1.0,3.0,0.01,0.5,400.0,2.898392118796937,2.213638114496004,1.9276863878018275,1.5812400013617538
20,850.0,0.1,1.0,3.0,0.01,0.9,400.0,2.9574235352872886,2.207252372706829,2.099674730182437,1.6268610478250969
21,850.0,0.1,1.0,3.0,0.05,0.1,400.0,2.9208109419487323,2.321616791265685,1.9061632775991444,1.5941482485512297
22,850.0,0.1,1.0,3.0,0.05,0.5,400.0,2.942282008627061,2.381598960252024,2.0089727030342504,1.6047042030256367
23,850.0,0.1,1.0,3.0,0.05,0.9,400.0,2.9562727741267127,2.292525497116017,1.728877274035555,1.507441503287993
24,850.0,0.1,2.0,1.0,0.0,0.1,400.0,3.1550064936132816,2.2363269666468995,1.69668179144223,1.3979282486863607
25,850.0,0.1,2.0,1.0,0.0,0.5,400.0,2.4897627520302783,1.8544988411627152,2.183685281135496,1.6605692336702351
26,850.0,0.1,2.0,1.0,0.01,0.1,400.0,3.162538334110106,2.2548341788202344,1.7288468115458153,1.4056292638831513
27,850.0,0.1,2.0,1.0,0.01,0.5,400.0,2.652962843672657,1.9975096262731322,1.965401873297487,1.6264506491423114
28,850.0,0.1,2.0,1.0,0.01,0.9,400.0,2.1708128178565187,1.7416631161017675,1.7985539687233563,1.4464621607990569
29,850.0,0.1,2.0,1.0,0.05,0.1,400.0,3.20038971465895,2.335394439953713,1.6637070384729515,1.3659943225652162
30,850.0,0.1,2.0,1.0,0.05,0.5,400.0,2.7258516359485343,2.0400507047768968,1.9569221336491738,1.5849663542683998
31,850.0,0.1,2.0,1.0,0.05,0.9,400.0,2.4956317345655976,1.9709966341781,1.8690184273740222,1.504690261530023
32,850.0,0.1,2.0,2.0,0.0,0.1,400.0,3.186491113880398,2.3257328508434028,1.7907805747639836,1.4823086052444283
33,850.0,0.1,2.0,2.0,0.0,0.5,400.0,2.5943831570876332,1.9790674740675682,2.3077608196097303,1.7346018067901408
34,850.0,0.1,2.0,2.0,0.01,0.1,400.0,3.185063457449205,2.344883436302027,1.7557855781846299,1.4802123134250726
35,850.0,0.1,2.0,2.0,0.01,0.5,400.0,2.6408217157244596,2.0613578984850753,2.078877558150669,1.6163294789692182
36,850.0,0.1,2.0,2.0,0.01,0.9,400.0,2.3927303404516924,1.870957196744483,2.2101636467198875,1.7559928167130596
37,850.0,0.1,2.0,2.0,0.05,0.1,400.0,3.2075703768427157,2.3545047270217894,1.7915653916105356,1.526711970225554
38,850.0,0.1,2.0,2.0,0.05,0.5,400.0,2.8470446405601235,2.2431279058925475,1.934970509878378,1.5752157246806544
39,850.0,0.1,2.0,2.0,0.05,0.9,400.0,2.61725391429692,2.080757485884182,2.0597387935864093,1.6297106299293076
40,850.0,0.1,2.0,3.0,0.0,0.1,400.0,2.794631827163892,2.128455944946837,2.252436574639249,1.7551042116728737
41,850.0,0.1,2.0,3.0,0.0,0.5,400.0,2.342056454442841,1.841329048494367,2.4346202341108745,1.806055761690678
42,850.0,0.1,2.0,3.0,0.01,0.1,400.0,2.8295525269586195,2.191542150948013,2.1155632174206698,1.6729325661713415
43,850.0,0.1,2.0,3.0,0.01,0.5,400.0,2.467195482815406,2.0019332873696025,2.276866024831848,1.7594780683475917
44,850.0,0.1,2.0,3.0,0.01,0.9,400.0,2.281319258575584,1.8428917325907916,2.1768692520231743,1.6625279190227702
45,850.0,0.1,2.0,3.0,0.05,0.1,400.0,2.6404616513823402,2.077460697018845,2.2927879015562365,1.782230879108967
46,850.0,0.1,2.0,3.0,0.05,0.5,400.0,2.4499498987671573,1.9655985322539287,2.2065173166633203,1.7641382247939155
47,850.0,0.1,2.0,3.0,0.05,0.9,400.0,2.3026843672285793,2.0656965305790367,2.163144316202661,1.675558009280197
48,850.0,0.1,3.0,1.0,0.0,0.1,400.0,3.378607116448058,2.423843018714418,1.940694479296393,1.6332278016887316
49,850.0,0.1,3.0,1.0,0.0,0.5,400.0,2.631788359486697,2.003817462651605,1.8911350808545764,1.5127229626703875
50,850.0,0.1,3.0,1.0,0.01,0.1,400.0,3.203857940185646,2.2435261868785887,1.7790329332540453,1.4486883088038134
51,850.0,0.1,3.0,1.0,0.01,0.5,400.0,2.66963002885804,1.9679172454935248,1.9459630036988078,1.558350488975498
52,850.0,0.1,3.0,1.0,0.01,0.9,400.0,2.125190438967799,1.6976873808068547,1.3781763309878763,1.1625050146985494
53,850.0,0.1,3.0,1.0,0.05,0.1,400.0,3.211605004906045,2.2425029273507304,1.718809895574697,1.400337881731798
54,850.0,0.1,3.0,1.0,0.05,0.5,400.0,2.735952155967411,2.0048541310343295,1.944526544367777,1.5854963322524536
55,850.0,0.1,3.0,1.0,0.05,0.9,400.0,2.336897608944384,1.7153819016782013,1.7561041469331888,1.475026353609401
56,850.0,0.1,3.0,2.0,0.0,0.1,400.0,2.9215825738353702,2.139052788225509,1.933299533113117,1.4990953824902102
57,850.0,0.1,3.0,2.0,0.0,0.5,400.0,2.9033243061108127,2.1064453961625493,2.0900076610464304,1.572547132476786
58,850.0,0.1,3.0,2.0,0.01,0.1,400.0,2.9629389815073703,2.1679520753971437,1.9910755491306813,1.530984650826164
59,850.0,0.1,3.0,2.0,0.01,0.5,400.0,2.8757950286034633,2.1326870979753227,2.0625622861997184,1.5762519022238934
60,850.0,0.1,3.0,2.0,0.01,0.9,400.0,2.750123148987086,1.9809683521902741,1.8767638149100971,1.560260555805172
61,850.0,0.1,3.0,2.0,0.05,0.1,400.0,3.1016186788126507,2.2484049384087146,1.9425138485691633,1.5391898929978634
62,850.0,0.1,3.0,2.0,0.05,0.5,400.0,2.7928378136245415,2.050823976529737,1.9007813828949698,1.5039895528499347
63,850.0,0.1,3.0,2.0,0.05,0.9,400.0,2.655075628390722,2.0452192151966826,1.9266632028870314,1.5510596111146033
64,850.0,0.1,3.0,3.0,0.0,0.1,400.0,2.8621159127615576,2.1936897778811195,1.9289315922253385,1.5335066506701638
65,850.0,0.1,3.0,3.0,0.0,0.5,400.0,3.0917769052817086,2.2279384780151954,1.9875929846555347,1.5359053306003463
66,850.0,0.1,3.0,3.0,0.01,0.1,400.0,2.7817502705431165,2.1370803636577502,1.8123267499920148,1.4803708665011845
67,850.0,0.1,3.0,3.0,0.01,0.5,400.0,2.8249229714935957,2.089500347738878,1.889550488526325,1.4979396021848939
68,850.0,0.1,3.0,3.0,0.01,0.9,400.0,3.207179239790225,2.242228825570381,1.6603133913161514,1.3672767887112738
69,850.0,0.1,3.0,3.0,0.05,0.1,400.0,2.844442378399843,2.162420836714451,1.8038159885537555,1.4808937413971506
70,850.0,0.1,3.0,3.0,0.05,0.5,400.0,2.684059213233476,2.0795222601373795,1.8398947839230675,1.5119734786635806
71,850.0,0.1,3.0,3.0,0.05,0.9,400.0,2.728839740848876,2.122103888372011,1.782313246568949,1.4737864907217215
72,851.0,0.1,1.0,1.0,0.0,0.1,400.0,3.6721711710548233,2.3412481909223835,1.8003889873841383,1.293315688602201
73,851.0,0.1,1.0,1.0,0.0,0.5,400.0,3.384393015824837,2.246691952591327,1.65622846361379,1.1674472902986917
74,851.0,0.1,1.0,1.0,0.01,0.1,400.0,3.6741413896499333,2.369043746718817,1.7956950432227268,1.2828382025706961
75,851.0,0.1,1.0,1.0,0.01,0.5,400.0,3.6351116810443496,2.353765329295562,1.590907546278197,1.167287988900844
76,851.0,0.1,1.0,1.0,0.01,0.9,400.0,4.254181128724889,2.9309631163084333,1.7222627572552909,1.355071915566046
77,851.0,0.1,1.0,1.0,0.05,0.1,400.0,3.62913413463639,2.333784356009913,1.8006781574770314,1.2448332251274379
78,851.0,0.1,1.0,1.0,0.05,0.5,400.0,3.671766710401276,2.3700314411812466,1.674626432188605,1.2507096219577576
79,851.0,0.1,1.0,1.0,0.05,0.9,400.0,3.664353266860306,2.4206403644152146,1.466660687178211,1.1361319315020009
80,851.0,0.1,1.0,2.0,0.0,0.1,400.0,3.3707871630289348,2.0867769120122666,1.6093934023844974,1.1745474041663582
81,851.0,0.1,1.0,2.0,0.0,0.5,400.0,3.7408373037236737,2.231404240632545,1.5331612284206644,1.1446170944015697
82,851.0,0.1,1.0,2.0,0.01,0.1,400.0,3.418164704627565,2.080097640511011,1.604088136792029,1.2103227421606804
83,851.0,0.1,1.0,2.0,0.01,0.5,400.0,3.4267112623267306,1.978115549736109,1.5263674793710797,1.2234780821064692
84,851.0,0.1,1.0,2.0,0.01,0.9,400.0,3.638611835288412,2.198462190296375,1.519222675368671,1.1349375405913988
85,851.0,0.1,1.0,2.0,0.05,0.1,400.0,3.7483186658400367,2.30456736732495,1.6695310647681019,1.2686698724105132
86,851.0,0.1,1.0,2.0,0.05,0.5,400.0,3.5729108089459967,2.1633380556327304,1.7161443862022525,1.2920869182223986
87,851.0,0.1,1.0,2.0,0.05,0.9,400.0,3.3539852316497085,2.0574689702070703,1.509564125025083,1.0963783261238345
88,851.0,0.1,1.0,3.0,0.0,0.1,400.0,4.1278022981429965,2.579650682395932,1.70674080898457,1.3561980107435903
89,851.0,0.1,1.0,3.0,0.0,0.5,400.0,3.926011053154647,2.3789577570501597,1.5771323502352985,1.3292789406531578
90,851.0,0.1,1.0,3.0,0.01,0.1,400.0,4.06746337121676,2.527772923453925,1.872795371842886,1.420057595900682
91,851.0,0.1,1.0,3.0,0.01,0.5,400.0,3.8582571462812187,2.3686945539015816,1.564337238466725,1.315764998684808
92,851.0,0.1,1.0,3.0,0.01,0.9,400.0,4.037737431498563,2.6339733503309506,1.5713417204274815,1.3212570170785625
93,851.0,0.1,1.0,3.0,0.05,0.1,400.0,4.237542058498716,2.670752674087051,1.814971181408227,1.3870678265309766
94,851.0,0.1,1.0,3.0,0.05,0.5,400.0,3.581921773265783,2.301789775942401,1.5630086843006714,1.3239681169976787
95,851.0,0.1,1.0,3.0,0.05,0.9,400.0,3.68959594854844,2.239882001358272,1.451584370041507,1.248617497636072
96,851.0,0.1,2.0,1.0,0.0,0.1,400.0,3.5357922426940234,2.301820538718673,1.771081373093529,1.2208992836744823
97,851.0,0.1,2.0,1.0,0.0,0.5,400.0,4.992368369803689,2.9331317004089286,1.7039435663004794,1.4372687321985753
98,851.0,0.1,2.0,1.0,0.01,0.1,400.0,3.5813479012484324,2.32861424464684,1.7897725749434552,1.278783285070397
99,851.0,0.1,2.0,1.0,0.01,0.5,400.0,3.939521693087398,2.3834467883786514,1.6880553010866781,1.3306883464891694
100,851.0,0.1,2.0,1.0,0.01,0.9,400.0,5.979445285823071,3.083246519566598,1.354697956155706,1.1038780750138886
101,851.0,0.1,2.0,1.0,0.05,0.1,400.0,3.526340781561281,2.306499977340511,1.7654078892878584,1.2390340143541816
102,851.0,0.1,2.0,1.0,0.05,0.5,400.0,3.6175508923957658,2.277757810732377,1.7440810255697072,1.3372595616318212
103,851.0,0.1,2.0,1.0,0.05,0.9,400.0,3.807868517672419,2.416386962717802,1.667455409121289,1.295951400861173
104,851.0,0.1,2.0,2.0,0.0,0.1,400.0,3.833763800910229,2.253245063059523,1.5831810041355039,1.2237207366350251
105,851.0,0.1,2.0,2.0,0.0,0.5,400.0,3.62334787504399,2.1003586001737466,1.7930491411751226,1.3959127242728282
106,851.0,0.1,2.0,2.0,0.01,0.1,400.0,3.295737707840454,2.007683683588517,1.5837260431325455,1.2221016904448203
107,851.0,0.1,2.0,2.0,0.01,0.5,400.0,3.288376916651965,1.996372883267826,1.6189376949111571,1.2664660436935584
108,851.0,0.1,2.0,2.0,0.01,0.9,400.0,3.8158447170367475,2.2903428681594544,1.6228781123985787,1.291282643072394
109,851.0,0.1,2.0,2.0,0.05,0.1,400.0,3.7880660958267907,2.3068397689244087,1.5151246179492661,1.1925421430058283
110,851.0,0.1,2.0,2.0,0.05,0.5,400.0,3.151962298862086,1.9596165817780793,1.7068628283387113,1.2681779934482478
111,851.0,0.1,2.0,2.0,0.05,0.9,400.0,3.268420549572576,2.067401988585925,1.6518338659808747,1.2138014506069303
112,851.0,0.1,2.0,3.0,0.0,0.1,400.0,4.365525911795662,2.840015392087539,1.6935128431263127,1.3555201187800772
113,851.0,0.1,2.0,3.0,0.0,0.5,400.0,4.0366347240542195,2.486317932801422,1.679430976741037,1.4260519467173638
114,851.0,0.1,2.0,3.0,0.01,0.1,400.0,4.312249984339971,2.757680500859504,1.8133530257427928,1.4199591403679828
115,851.0,0.1,2.0,3.0,0.01,0.5,400.0,4.103578614735253,2.68419665205629,1.792812151386255,1.4537984439626581
116,851.0,0.1,2.0,3.0,0.01,0.9,400.0,4.128802316541656,2.5435463687367172,1.5902200683088121,1.3919937580426556
117,851.0,0.1,2.0,3.0,0.05,0.1,400.0,4.505461139537642,2.9277746406957044,1.7668065518291436,1.3407489011270441
118,851.0,0.1,2.0,3.0,0.05,0.5,400.0,4.381516092853047,2.94237826267063,1.7409069988885029,1.3876956021649351
119,851.0,0.1,2.0,3.0,0.05,0.9,400.0,3.8949132270633773,2.5109176110763936,1.7338106357730785,1.4446134465906597
120,851.0,0.1,3.0,1.0,0.0,0.1,400.0,3.7149116282700883,2.3534466657150888,1.7305325590217406,1.2640300760607168
121,851.0,0.1,3.0,1.0,0.0,0.5,400.0,5.723025933117978,3.504383253380645,1.8832566563478548,1.5745814626802874
122,851.0,0.1,3.0,1.0,0.01,0.1,400.0,3.6050655058645504,2.3100797489925067,1.7079847906869088,1.2184978676640053
123,851.0,0.1,3.0,1.0,0.01,0.5,400.0,3.95547354598464,2.3500054101782433,1.6738736778099466,1.3428457333395947
124,851.0,0.1,3.0,1.0,0.01,0.9,400.0,6.298429542688742,3.466669421303292,1.216031133847168,1.0484400795485818
125,851.0,0.1,3.0,1.0,0.05,0.1,400.0,3.5889694933232463,2.2932053847957743,1.7750148680718194,1.220948529439894
126,851.0,0.1,3.0,1.0,0.05,0.5,400.0,3.527138284565549,2.2749912622274384,1.675148048393885,1.2819896672576043
127,851.0,0.1,3.0,1.0,0.05,0.9,400.0,4.3365333937547925,2.7707183244640725,1.4689559662515712,1.2584887164113303
128,851.0,0.1,3.0,2.0,0.0,0.1,400.0,3.5891934811630217,2.146215689774893,1.6398874375458734,1.2197255878556188
129,851.0,0.1,3.0,2.0,0.0,0.5,400.0,3.7711237828334863,2.2704929119022994,1.7900919525167325,1.4772942718175486
130,851.0,0.1,3.0,2.0,0.01,0.1,400.0,3.597029968015235,2.1910276788628065,1.6691991662686287,1.2836898558251526
131,851.0,0.1,3.0,2.0,0.01,0.5,400.0,3.7351903220668152,2.3140630369565307,1.834152163856413,1.426714811156827
132,851.0,0.1,3.0,2.0,0.01,0.9,400.0,4.220864471921561,2.695393864128649,1.918222382611578,1.4703754946480279
133,851.0,0.1,3.0,2.0,0.05,0.1,400.0,3.645546782313616,2.2022014131069727,1.705630972867441,1.2570555870005256
134,851.0,0.1,3.0,2.0,0.05,0.5,400.0,3.411177446257323,2.0843224140472394,1.7689342236091996,1.2963024039574305
135,851.0,0.1,3.0,2.0,0.05,0.9,400.0,3.6018766577370642,2.2617037231463377,1.797668558613475,1.418624160353559
136,851.0,0.1,3.0,3.0,0.0,0.1,400.0,4.416847302763387,2.9823245772308566,1.687587796367073,1.386254051764973
137,851.0,0.1,3.0,3.0,0.0,0.5,400.0,4.121879412571808,2.7265453155967827,2.0220495631632254,1.5929971715669853
138,851.0,0.1,3.0,3.0,0.01,0.1,400.0,4.52333971926981,3.064117578529409,1.7296262614142568,1.4084190719295215
139,851.0,0.1,3.0,3.0,0.01,0.5,400.0,4.245027657309643,2.8310561727073957,1.957945083299513,1.5647231605260836
140,851.0,0.1,3.0,3.0,0.01,0.9,400.0,4.165477269696301,2.7433948698114414,2.3782854384019023,1.752149980709138
141,851.0,0.1,3.0,3.0,0.05,0.1,400.0,4.362688835480035,2.9471888314875465,1.6700067655173718,1.3496685714611938
142,851.0,0.1,3.0,3.0,0.05,0.5,400.0,4.361268148049358,2.9426720200031795,1.848092621043961,1.4792905895660768
143,851.0,0.1,3.0,3.0,0.05,0.9,400.0,4.025438491469817,2.7856451683088443,2.065132513305685,1.6365410000327028
144,852.0,0.1,1.0,1.0,0.0,0.1,400.0,3.5452547567673713,2.588713992861299,2.950716111552846,2.0399694787401677
145,852.0,0.1,1.0,1.0,0.0,0.5,400.0,3.1699690379729573,2.249921148748079,2.964154694417603,2.0835715480800236
146,852.0,0.1,1.0,1.0,0.01,0.1,400.0,4.138793277651653,3.0576763759490375,2.7838857107198187,1.9438796102984461
147,852.0,0.1,1.0,1.0,0.01,0.5,400.0,3.178430229342939,2.2952545070600863,2.742509316650746,1.901283402553195
148,852.0,0.1,1.0,1.0,0.01,0.9,400.0,3.586347941065261,2.581713249795572,2.775998118375046,1.9048297432140635
149,852.0,0.1,1.0,1.0,0.05,0.1,400.0,3.647753985464731,2.656187902650949,3.0457733714212196,2.1346931101840805
150,852.0,0.1,1.0,1.0,0.05,0.5,400.0,3.309259611748026,2.3618510789119687,2.98056807367455,2.0653814781482285
151,852.0,0.1,1.0,1.0,0.05,0.9,400.0,3.435074072445157,2.4172150769630343,2.708751741307124,1.9051029953924814
152,852.0,0.1,1.0,2.0,0.0,0.1,400.0,3.7599709439490803,2.760406663848808,3.0498970444546787,2.1804835676153953
153,852.0,0.1,1.0,2.0,0.0,0.5,400.0,3.5900995484201284,2.547664100873727,3.0445461739456015,2.128243157105222
154,852.0,0.1,1.0,2.0,0.01,0.1,400.0,3.8136540014797737,2.794682137196737,3.0214513582587696,2.1521166915452477
155,852.0,0.1,1.0,2.0,0.01,0.5,400.0,3.9271422094762483,2.8659379265469105,2.883136009447583,1.9904418920877938
156,852.0,0.1,1.0,2.0,0.01,0.9,400.0,3.7893427386862792,2.6606099171867927,2.7458882783101095,1.897481679171093
157,852.0,0.1,1.0,2.0,0.05,0.1,400.0,4.010438626328467,2.9624143202081226,3.0424845337774777,2.2555095802015885
158,852.0,0.1,1.0,2.0,0.05,0.5,400.0,4.207949123194423,3.0979142508327655,2.9753003748829117,2.1359716992810642
159,852.0,0.1,1.0,2.0,0.05,0.9,400.0,4.0515961939952305,2.9369487220039896,2.7926826199448898,1.9348200109646576
160,852.0,0.1,1.0,3.0,0.0,0.1,400.0,4.154279998375474,2.9735678369617715,2.9025949132627393,2.1107742622051746
161,852.0,0.1,1.0,3.0,0.0,0.5,400.0,3.923930001091525,2.750051813225404,2.842704997619426,2.1031068046126524
162,852.0,0.1,1.0,3.0,0.01,0.1,400.0,4.0791208201339,2.836351000246532,3.0236139435767178,2.2919617316954253
163,852.0,0.1,1.0,3.0,0.01,0.5,400.0,4.154549782809433,3.01330093798172,2.8015278756921194,1.9620000674222169
164,852.0,0.1,1.0,3.0,0.01,0.9,400.0,4.026819275353566,2.8678508295514793,2.746733510628206,1.9558559561226811
165,852.0,0.1,1.0,3.0,0.05,0.1,400.0,4.407672802454152,3.2735402085420957,3.0226950320014834,2.175154794571065
166,852.0,0.1,1.0,3.0,0.05,0.5,400.0,4.620388583773685,3.5007784582309074,3.0088914002660383,2.3240406671101743
167,852.0,0.1,1.0,3.0,0.05,0.9,400.0,4.353204972239788,3.1770977849899875,2.7851469314255914,1.9963564751309855
168,852.0,0.1,2.0,1.0,0.0,0.1,400.0,3.3420078046958857,2.3874867822134855,2.9834219233498502,2.105218073635533
169,852.0,0.1,2.0,1.0,0.0,0.5,400.0,3.146595435253456,2.285537347185478,2.8173162078483833,1.9938064616004236
170,852.0,0.1,2.0,1.0,0.01,0.1,400.0,4.022031367558213,2.9525724928583976,2.883359250553255,1.9405723750837285
171,852.0,0.1,2.0,1.0,0.01,0.5,400.0,3.111265946289199,2.253321184579706,2.7699831157999713,1.9506919248273633
172,852.0,0.1,2.0,1.0,0.01,0.9,400.0,3.326395264113997,2.3222507274669386,2.545899152311297,1.8282618866431597
173,852.0,0.1,2.0,1.0,0.05,0.1,400.0,3.6333925448197144,2.64810988517876,2.9868346155605927,2.0663449559033817
174,852.0,0.1,2.0,1.0,0.05,0.5,400.0,3.8493182466946405,2.8505550287408403,2.677587870358654,1.7280419236713385
175,852.0,0.1,2.0,1.0,0.05,0.9,400.0,3.2004877963950142,2.222792921343356,2.679370101702795,1.8837524681381488
176,852.0,0.1,2.0,2.0,0.0,0.1,400.0,3.8230101095765896,2.738330657004757,2.9793798224805625,2.070375342102187
177,852.0,0.1,2.0,2.0,0.0,0.5,400.0,3.5515904927532587,2.467564553080145,2.919116301451533,1.9134584086306787
178,852.0,0.1,2.0,2.0,0.01,0.1,400.0,3.9674277443592985,2.9215192332835738,2.9586091829146506,2.069670413095132
179,852.0,0.1,2.0,2.0,0.01,0.5,400.0,3.470819462374454,2.5059095316061897,2.9600760274510063,1.9981142668042353
180,852.0,0.1,2.0,2.0,0.01,0.9,400.0,3.4852263738573654,2.4332223661288572,2.724573666441257,1.9143758795195462
181,852.0,0.1,2.0,2.0,0.05,0.1,400.0,3.835973297147388,2.753111132583578,3.034689197345307,2.0767998992401364
182,852.0,0.1,2.0,2.0,0.05,0.5,400.0,3.9065271691618846,2.846982201574095,2.923324480977422,2.032702741787621
183,852.0,0.1,2.0,2.0,0.05,0.9,400.0,3.767485981681982,2.743318274374561,2.870648592111563,1.9696043198764912
184,852.0,0.1,2.0,3.0,0.0,0.1,400.0,3.9537131591532897,2.8226352777248773,2.93530938231711,2.2248821705451296
185,852.0,0.1,2.0,3.0,0.0,0.5,400.0,3.804514847673562,2.620811422514891,2.801004158761611,2.025885452832813
186,852.0,0.1,2.0,3.0,0.01,0.1,400.0,4.02092975293689,2.865232400820639,2.870496506981499,2.159790826607646
187,852.0,0.1,2.0,3.0,0.01,0.5,400.0,3.989079543691293,2.8304110385899914,2.8113729808365884,1.9875671019253285
188,852.0,0.1,2.0,3.0,0.01,0.9,400.0,3.6739051394040008,2.4270770079799306,2.763117819504335,1.9585524548392164
189,852.0,0.1,2.0,3.0,0.05,0.1,400.0,4.104055369421452,2.8907088179511753,2.9337495239174167,2.2226212091915234
190,852.0,0.1,2.0,3.0,0.05,0.5,400.0,4.280332665571494,3.1443257360308787,2.85632969338711,1.9845679895838326
191,852.0,0.1,2.0,3.0,0.05,0.9,400.0,4.08793549478391,2.9234932952757666,2.8421753249379815,1.9158178348302448
192,852.0,0.1,3.0,1.0,0.0,0.1,400.0,3.3143001811927864,2.379278702477879,2.8778477640646583,2.0741831851380086
193,852.0,0.1,3.0,1.0,0.0,0.5,400.0,2.854255785654404,2.1200540843264637,3.04692008487769,2.1417069015885284
194,852.0,0.1,3.0,1.0,0.01,0.1,400.0,3.4454751587043453,2.4881660896991327,2.939177952937081,2.113510484202194
195,852.0,0.1,3.0,1.0,0.01,0.5,400.0,2.9784565226157156,2.225617236170296,2.928512432785659,2.0613052057847923
196,852.0,0.1,3.0,1.0,0.01,0.9,400.0,3.297167918067294,2.1213572448163145,2.7064220638327594,2.126481537885208
197,852.0,0.1,3.0,1.0,0.05,0.1,400.0,4.022268845859665,2.9287902195526456,2.9389459733536127,1.9817433893477883
198,852.0,0.1,3.0,1.0,0.05,0.5,400.0,3.8768887747057827,2.8829710159876885,2.785759027951671,1.7964375438221876
199,852.0,0.1,3.0,1.0,0.05,0.9,400.0,3.798389660451247,2.73821895048083,2.535560923794759,1.7031567068714835
200,852.0,0.1,3.0,2.0,0.0,0.1,400.0,3.858579444614706,2.793018078756033,2.9082949119804353,2.0255672372796805
201,852.0,0.1,3.0,2.0,0.0,0.5,400.0,3.2230369678751587,2.2707692599997222,3.0663020873402758,2.097115324729749
202,852.0,0.1,3.0,2.0,0.01,0.1,400.0,3.7395639498060884,2.692531256358697,2.951777061691812,2.0229894927382
203,852.0,0.1,3.0,2.0,0.01,0.5,400.0,3.422299040844691,2.432548973377097,3.05456649813804,2.073347916550105
204,852.0,0.1,3.0,2.0,0.01,0.9,400.0,3.4874960335191028,2.471513330262793,2.8745245365197496,1.9843700457621094
205,852.0,0.1,3.0,2.0,0.05,0.1,400.0,3.731935580911432,2.73660337745212,2.94668939126976,2.0265492618290986
206,852.0,0.1,3.0,2.0,0.05,0.5,400.0,3.663195819768662,2.6493194234382487,3.0546981586844537,2.119253337023911
207,852.0,0.1,3.0,2.0,0.05,0.9,400.0,3.849575887053324,2.819000626219428,2.8671320607937822,2.071603513281677
208,852.0,0.1,3.0,3.0,0.0,0.1,400.0,3.9486293167532343,2.8216143101860305,2.85653017955328,2.1414005269283627
209,852.0,0.1,3.0,3.0,0.0,0.5,400.0,3.596154345960271,2.553731984444512,2.839735800548181,2.0459528583791875
210,852.0,0.1,3.0,3.0,0.01,0.1,400.0,3.884580135449919,2.8212483422850654,2.868652140630802,2.132834477123039
211,852.0,0.1,3.0,3.0,0.01,0.5,400.0,3.737213623635993,2.673372765484892,2.8830733828201884,2.1744654909844847
212,852.0,0.1,3.0,3.0,0.01,0.9,400.0,3.5668164305651953,2.5012107623063535,2.7520047771692266,1.9170379914350633
213,852.0,0.1,3.0,3.0,0.05,0.1,400.0,4.042422028066371,2.854398504314927,2.885887478076651,2.1408249285490752
214,852.0,0.1,3.0,3.0,0.05,0.5,400.0,3.933764355635949,2.8019717740384014,2.8727867538903054,2.1215286216295666
215,852.0,0.1,3.0,3.0,0.05,0.9,400.0,3.983316444165236,2.8398660054274143,2.7661896270875443,1.9325042727427129
216,853.0,0.1,1.0,1.0,0.0,0.1,400.0,2.669055789169737,2.2729893101993883,3.4750212461972922,2.551200241969134
217,853.0,0.1,1.0,1.0,0.0,0.5,400.0,2.049120391340373,1.5893153072612354,3.08784795053846,2.2911624905952297
218,853.0,0.1,1.0,1.0,0.01,0.1,400.0,2.6845234770595545,2.290955880398016,3.4862087948516334,2.559747045528624
219,853.0,0.1,1.0,1.0,0.01,0.5,400.0,2.563546199425904,2.136684813142761,3.2597384423242963,2.368293804725276
220,853.0,0.1,1.0,1.0,0.01,0.9,400.0,2.503874942354608,2.093547604289246,3.156542312341319,2.269808430568099
221,853.0,0.1,1.0,1.0,0.05,0.1,400.0,2.6352404848993682,2.258052500259334,3.5212144440141633,2.5567110642692343
222,853.0,0.1,1.0,1.0,0.05,0.5,400.0,2.6684790632442623,2.2641914112412773,3.470990321767788,2.535031410873862
223,853.0,0.1,1.0,1.0,0.05,0.9,400.0,2.5401227174799175,2.1465068464183346,3.226314543108801,2.318013597911759
224,853.0,0.1,1.0,2.0,0.0,0.1,400.0,3.3470520506967163,2.95950001688654,3.8762992774540677,2.875688864654466
225,853.0,0.1,1.0,2.0,0.0,0.5,400.0,1.9406118554068061,1.4339505870766427,3.1428107145160826,2.2573879055248587
226,853.0,0.1,1.0,2.0,0.01,0.1,400.0,3.4571721955433623,3.0670559054293656,3.9519075952839784,2.9902421746495036
227,853.0,0.1,1.0,2.0,0.01,0.5,400.0,2.6107504559001256,2.1734720318106575,3.384653373622768,2.443337286716845
228,853.0,0.1,1.0,2.0,0.01,0.9,400.0,2.1865422220937143,1.7612518946779818,3.102193775636281,2.2787325379023486
229,853.0,0.1,1.0,2.0,0.05,0.1,400.0,3.583625401039978,3.2436278311328706,4.064166775599483,3.008131021314001
230,853.0,0.1,1.0,2.0,0.05,0.5,400.0,3.110642289727108,2.6812207229038805,3.7252996807760606,2.7174963032700257
231,853.0,0.1,1.0,2.0,0.05,0.9,400.0,2.8851267941645373,2.451749901859155,3.571286118273267,2.596256347316891
232,853.0,0.1,1.0,3.0,0.0,0.1,400.0,2.0262163314875408,1.6215961050478989,3.2078405338745206,2.262169123652534
233,853.0,0.1,1.0,3.0,0.0,0.5,400.0,1.8026799349607547,1.4719089876911362,3.101906014485441,2.235995327340173
234,853.0,0.1,1.0,3.0,0.01,0.1,400.0,2.0393247770734875,1.6548344335971577,3.2616802737989605,2.2564833044352093
235,853.0,0.1,1.0,3.0,0.01,0.5,400.0,1.9450567327362427,1.576950915916725,3.33888856195905,2.3809916462015637
236,853.0,0.1,1.0,3.0,0.01,0.9,400.0,2.1162272827998403,1.705278246277187,3.149635424644613,2.2744365442130516
237,853.0,0.1,1.0,3.0,0.05,0.1,400.0,2.1417329247747734,1.737207468153887,3.335958333223769,2.2791000189220965
238,853.0,0.1,1.0,3.0,0.05,0.5,400.0,3.316432956628592,2.9831116927816237,3.8988053595516203,2.8611613846312287
239,853.0,0.1,1.0,3.0,0.05,0.9,400.0,2.8516350970854085,2.45513595608637,3.5970512842688827,2.583037801433096
240,853.0,0.1,2.0,1.0,0.0,0.1,400.0,2.333456906486593,1.9771250213394367,3.3242381124070017,2.359330106755471
241,853.0,0.1,2.0,1.0,0.0,0.5,400.0,1.979718995621502,1.5440023944463508,3.241630642078466,2.2145651764931604
242,853.0,0.1,2.0,1.0,0.01,0.1,400.0,2.2923029005864173,1.950685967990372,3.279188454834941,2.3468256147540254
243,853.0,0.1,2.0,1.0,0.01,0.5,400.0,2.6801529919487894,2.248096537491403,3.3760756915745,2.3963697630085017
244,853.0,0.1,2.0,1.0,0.01,0.9,400.0,2.4422251880174928,2.0969914269442964,2.8963241391947823,2.0140637166630824
245,853.0,0.1,2.0,1.0,0.05,0.1,400.0,2.1742212681367783,1.8744494522150352,3.1744265432503544,2.322223852549718
246,853.0,0.1,2.0,1.0,0.05,0.5,400.0,2.450612256863257,2.089934248055082,3.2756868811887556,2.3090020063656715
247,853.0,0.1,2.0,1.0,0.05,0.9,400.0,2.5105638623438837,2.0796081577453958,3.1242088188927317,2.191159422770949
248,853.0,0.1,2.0,2.0,0.0,0.1,400.0,2.9222122323562303,2.454443822966621,3.675644479676315,2.6137578574179545
249,853.0,0.1,2.0,2.0,0.0,0.5,400.0,1.982021800512818,1.5898292946447459,3.366509574196027,2.315730964288194
250,853.0,0.1,2.0,2.0,0.01,0.1,400.0,2.9541109955099762,2.5057543120873667,3.696227509801538,2.606409696897507
251,853.0,0.1,2.0,2.0,0.01,0.5,400.0,2.929073119391255,2.3491048084846513,3.580359931917703,2.4446944795891388
252,853.0,0.1,2.0,2.0,0.01,0.9,400.0,2.448243521918396,2.0035914656311284,3.1631920920218883,2.182302058547731
253,853.0,0.1,2.0,2.0,0.05,0.1,400.0,2.9209451709598313,2.4586002743007103,3.7132785566498683,2.6349680093003824
254,853.0,0.1,2.0,2.0,0.05,0.5,400.0,3.1049955537516136,2.599531007931349,3.709760920272248,2.5653156740518375
255,853.0,0.1,2.0,2.0,0.05,0.9,400.0,3.065427923696802,2.536295733262004,3.7095681168042733,2.5810264354076184
256,853.0,0.1,2.0,3.0,0.0,0.1,400.0,2.1255446810676792,1.705628571106379,3.3205680495053955,2.2228341102689435
257,853.0,0.1,2.0,3.0,0.0,0.5,400.0,1.8966381212205548,1.510927922989109,3.2721482304122764,2.218237603866012
258,853.0,0.1,2.0,3.0,0.01,0.1,400.0,2.772457965080661,2.3308758010401083,3.547143419006803,2.5095303760290166
259,853.0,0.1,2.0,3.0,0.01,0.5,400.0,2.4861356466110553,1.9930983213798024,3.5304092382979766,2.389609336594035
260,853.0,0.1,2.0,3.0,0.01,0.9,400.0,2.331665292426655,1.8906439879096109,3.355154681571359,2.307701656339655
261,853.0,0.1,2.0,3.0,0.05,0.1,400.0,2.191181621229019,1.7535373036414776,3.4060655450495108,2.3552265796323084
262,853.0,0.1,2.0,3.0,0.05,0.5,400.0,2.7010632969280164,2.24660758731278,3.5920927538255554,2.509050553260656
263,853.0,0.1,2.0,3.0,0.05,0.9,400.0,2.802524864622644,2.2811657301122286,3.6690796070075793,2.4994304794791335
264,853.0,0.1,3.0,1.0,0.0,0.1,400.0,2.1591927775364037,1.8768035070463815,3.178152005243024,2.290064456613077
265,853.0,0.1,3.0,1.0,0.0,0.5,400.0,1.966271281035919,1.5761415575964266,3.257033205091597,2.378142449136015
266,853.0,0.1,3.0,1.0,0.01,0.1,400.0,2.1649212280704986,1.8773837555574893,3.124911540888967,2.2798393243040214
267,853.0,0.1,3.0,1.0,0.01,0.5,400.0,2.5549641984657425,2.152587808305109,3.3212912743618728,2.43496747998832
268,853.0,0.1,3.0,1.0,0.01,0.9,400.0,2.049994234957524,1.859342104249727,2.3824324568898065,1.893976251724863
269,853.0,0.1,3.0,1.0,0.05,0.1,400.0,2.0714246559986247,1.807660262319521,3.0960879585226193,2.3044065399759837
270,853.0,0.1,3.0,1.0,0.05,0.5,400.0,2.426566418757148,2.0705648683366307,3.258482266227955,2.267703822122546
271,853.0,0.1,3.0,1.0,0.05,0.9,400.0,2.4189593071377335,2.1224067758962497,3.0049684305584767,2.2583576256734923
272,853.0,0.1,3.0,2.0,0.0,0.1,400.0,2.5818004038219056,2.1214968219870203,3.456769900045143,2.443824484604439
273,853.0,0.1,3.0,2.0,0.0,0.5,400.0,2.123453094267077,1.6933340152079082,3.015401741663615,2.084034120597585
274,853.0,0.1,3.0,2.0,0.01,0.1,400.0,2.604448563190651,2.1584004765802045,3.4529940120537463,2.440031121414992
275,853.0,0.1,3.0,2.0,0.01,0.5,400.0,2.566595865429515,2.1007169869574573,3.194768561717714,2.2182594553032544
276,853.0,0.1,3.0,2.0,0.01,0.9,400.0,2.2779897073282958,1.8424557373380628,3.1201485389197052,2.251740660723413
277,853.0,0.1,3.0,2.0,0.05,0.1,400.0,2.597441451663581,2.167273506271935,3.381443056266153,2.389419525442914
278,853.0,0.1,3.0,2.0,0.05,0.5,400.0,2.5681462451390833,2.0623051770776004,3.371938782852037,2.322936277769437
279,853.0,0.1,3.0,2.0,0.05,0.9,400.0,2.5862308650330044,2.176752239772557,3.2498287042263905,2.227078605024983
280,853.0,0.1,3.0,3.0,0.0,0.1,400.0,1.9208936611658272,1.5911116081865175,3.1332618108630768,2.2284864614760322
281,853.0,0.1,3.0,3.0,0.0,0.5,400.0,1.896051970982068,1.5399917760753858,2.9176382876542895,2.125018012166933
282,853.0,0.1,3.0,3.0,0.01,0.1,400.0,1.9702866647365247,1.6050320633194095,3.266944668853141,2.3263374011119717
283,853.0,0.1,3.0,3.0,0.01,0.5,400.0,2.3113638922468716,1.8321649802019297,3.261906318306465,2.2386699059911352
284,853.0,0.1,3.0,3.0,0.01,0.9,400.0,2.1225469069707965,1.7375548332940876,2.9417206999080103,2.1112714154021712
285,853.0,0.1,3.0,3.0,0.05,0.1,400.0,2.461473744762381,1.9637693394700013,3.412728765044552,2.3694973428550434
286,853.0,0.1,3.0,3.0,0.05,0.5,400.0,2.5911694027107703,2.064206196639303,3.3541527161267988,2.358252104087563
287,853.0,0.1,3.0,3.0,0.05,0.9,400.0,2.2473672357889023,1.7982073395590001,3.0756359802515743,2.2502349846578023
288,854.0,0.1,1.0,1.0,0.0,0.1,400.0,2.6426904541423033,1.9771128326276184,3.467114657505256,2.697860951874419
289,854.0,0.1,1.0,1.0,0.0,0.5,400.0,2.8427852843934422,2.228206876360472,3.0050976724907326,2.430748998593387
290,854.0,0.1,1.0,1.0,0.01,0.1,400.0,2.641109320036553,1.9762625154360471,3.461048347537651,2.6956307666087347
291,854.0,0.1,1.0,1.0,0.01,0.5,400.0,2.7949608708664386,2.158888305022978,3.078324729967455,2.4615222579829705
292,854.0,0.1,1.0,1.0,0.01,0.9,400.0,2.5728148303939777,1.8242037702199687,2.0565558672357627,1.7290313946538807
293,854.0,0.1,1.0,1.0,0.05,0.1,400.0,2.634449843280257,1.9700399414045056,3.446402421992846,2.6907497100316666
294,854.0,0.1,1.0,1.0,0.05,0.5,400.0,2.5581651203489884,1.9076956713881836,3.018216501297734,2.4434272656020646
295,854.0,0.1,1.0,1.0,0.05,0.9,400.0,2.8150634900762626,2.1565259268843655,3.068242483375971,2.424343851572878
296,854.0,0.1,1.0,2.0,0.0,0.1,400.0,2.4967861621359324,1.7511272977006664,2.8559487709914424,2.2281846391527482
297,854.0,0.1,1.0,2.0,0.0,0.5,400.0,2.562878494993748,1.848099081247976,2.5524709157828407,2.0085089807186387
298,854.0,0.1,1.0,2.0,0.01,0.1,400.0,2.4986184766064006,1.761291408725017,2.8593575423161317,2.2450052465535033
299,854.0,0.1,1.0,2.0,0.01,0.5,400.0,2.492362534875022,1.792764674590264,2.9296917827093476,2.249198032551126
300,854.0,0.1,1.0,2.0,0.01,0.9,400.0,2.470889403903963,1.6269320246668537,2.059056597355262,1.466570198743455
301,854.0,0.1,1.0,2.0,0.05,0.1,400.0,2.3715108830978675,1.6827350595835684,2.4855681266835132,2.0897283463384384
302,854.0,0.1,1.0,2.0,0.05,0.5,400.0,2.4853603484146594,1.7681317193290067,2.76347769472154,2.1652994139310966
303,854.0,0.1,1.0,2.0,0.05,0.9,400.0,2.3983914932983055,1.6203578209868283,2.4030678184610657,1.8578802421130978
304,854.0,0.1,1.0,3.0,0.0,0.1,400.0,2.7903548880759326,2.1683240969029183,2.9306268255117986,2.114936839613758
305,854.0,0.1,1.0,3.0,0.0,0.5,400.0,2.87700305893229,1.9966015506192611,2.7221781144829333,1.9639756743375243
306,854.0,0.1,1.0,3.0,0.01,0.1,400.0,2.905075318538152,2.3142877893272833,2.8883158748938556,2.06413228807806
307,854.0,0.1,1.0,3.0,0.01,0.5,400.0,2.7490626164194354,1.9424830772458497,2.7592539018700317,1.9774351753553974
308,854.0,0.1,1.0,3.0,0.01,0.9,400.0,2.8215682808028304,1.8792344910853738,2.346351501427305,1.6413643604693224
309,854.0,0.1,1.0,3.0,0.05,0.1,400.0,2.8436625004063356,2.3527285478313886,2.874636961209867,1.9881382034854749
310,854.0,0.1,1.0,3.0,0.05,0.5,400.0,2.7101792597789873,2.125367951274228,2.9583952392656303,2.2233808451790082
311,854.0,0.1,1.0,3.0,0.05,0.9,400.0,2.558314837205511,1.916695638768391,2.477858803831308,1.9090406332958083
312,854.0,0.1,2.0,1.0,0.0,0.1,400.0,2.874073910503929,2.305694413088985,3.302498809773282,2.671187865603892
313,854.0,0.1,2.0,1.0,0.0,0.5,400.0,2.414077277499971,1.9866240188036046,2.706637518677243,2.267961706280505
314,854.0,0.1,2.0,1.0,0.01,0.1,400.0,2.9404540816457727,2.2364626479414933,3.052843414626287,2.474892826949117
315,854.0,0.1,2.0,1.0,0.01,0.5,400.0,2.5806183188688943,2.171437694972712,2.9872623940569683,2.470101219459841
316,854.0,0.1,2.0,1.0,0.01,0.9,400.0,2.185620639796707,1.632349445725972,2.2308886651291884,1.8341390292729496
317,854.0,0.1,2.0,1.0,0.05,0.1,400.0,2.79599972475189,1.8764487406361414,2.8929239339475363,2.3242403258198387
318,854.0,0.1,2.0,1.0,0.05,0.5,400.0,2.6573274757215444,2.1857651130787827,3.1174645743804272,2.552763712385082
319,854.0,0.1,2.0,1.0,0.05,0.9,400.0,2.3862304487112276,1.9297813202464174,2.6673024969409234,2.2137525960843973
320,854.0,0.1,2.0,2.0,0.0,0.1,400.0,2.3955256011196253,1.6026242172563185,2.59686338122765,2.0098387002317954
321,854.0,0.1,2.0,2.0,0.0,0.5,400.0,2.3359586006097968,1.8646003706510286,2.5932474230249687,2.067657218851763
322,854.0,0.1,2.0,2.0,0.01,0.1,400.0,2.413007808168105,1.6574725418812521,2.7545444645285855,2.1339095904617325
323,854.0,0.1,2.0,2.0,0.01,0.5,400.0,2.3120997715187,1.7831996221102917,2.5495330963765115,2.008219706250783
324,854.0,0.1,2.0,2.0,0.01,0.9,400.0,2.197365343619924,1.6460588158230565,2.0778041546878794,1.60649999645576
325,854.0,0.1,2.0,2.0,0.05,0.1,400.0,2.481219372599281,1.763458374951523,2.7868781670662273,2.186134540928839
326,854.0,0.1,2.0,2.0,0.05,0.5,400.0,2.1812981755206895,1.6411073734496506,2.6975163264778983,2.06634828384107
327,854.0,0.1,2.0,2.0,0.05,0.9,400.0,1.9689139184451214,1.5258227231351296,2.250803721480553,1.7579225304407977
328,854.0,0.1,2.0,3.0,0.0,0.1,400.0,2.968508516192651,2.2925627298743967,3.667334834698388,2.4923845870809584
329,854.0,0.1,2.0,3.0,0.0,0.5,400.0,2.7024787748926884,1.9740731535711238,2.6571978568147823,1.9431636568661648
330,854.0,0.1,2.0,3.0,0.01,0.1,400.0,3.0433769598500975,2.3588613109491163,3.690396240327939,2.5256269064478234
331,854.0,0.1,2.0,3.0,0.01,0.5,400.0,2.7660025927641274,2.042489060451526,2.8165117605543726,1.981191428418404
332,854.0,0.1,2.0,3.0,0.01,0.9,400.0,2.6173731158942477,1.8727764110744165,2.5994003966106076,1.867359521070745
333,854.0,0.1,2.0,3.0,0.05,0.1,400.0,2.900650107236407,2.1420215950820967,2.881901617412581,2.0716843034074723
334,854.0,0.1,2.0,3.0,0.05,0.5,400.0,2.7099714936857042,2.020640563900244,2.807770300127081,2.0271272383055208
335,854.0,0.1,2.0,3.0,0.05,0.9,400.0,2.6200111672876427,1.9969446394127404,2.7625061039330108,1.996036871121658
336,854.0,0.1,3.0,1.0,0.0,0.1,400.0,2.772219766042713,1.9004987297474674,2.545841250347436,2.0768919863005273
337,854.0,0.1,3.0,1.0,0.0,0.5,400.0,2.457916510094819,2.0227716583832183,3.269041187014773,2.46431608457438
338,854.0,0.1,3.0,1.0,0.01,0.1,400.0,3.000722526243767,2.173279261933688,2.891264912262412,2.3477657030424846
339,854.0,0.1,3.0,1.0,0.01,0.5,400.0,2.489764626173792,2.0796775481167287,3.2232042399234606,2.5104517277474825
340,854.0,0.1,3.0,1.0,0.01,0.9,400.0,2.1522907938967184,1.558136269795549,2.2189222429177047,1.6625126829579788
341,854.0,0.1,3.0,1.0,0.05,0.1,400.0,3.65655856703113,3.0298763448633044,4.532472757397011,3.729342222297917
342,854.0,0.1,3.0,1.0,0.05,0.5,400.0,2.7051452952460844,2.269713696619652,3.1094425832545007,2.4956669217054706
343,854.0,0.1,3.0,1.0,0.05,0.9,400.0,2.54744323415051,2.0356568423614876,2.8293179492027316,2.3076856543226367
344,854.0,0.1,3.0,2.0,0.0,0.1,400.0,2.6145949411559406,1.887296917198838,2.9791683543609433,2.290354261412378
345,854.0,0.1,3.0,2.0,0.0,0.5,400.0,2.337746680095093,1.7310151971398486,3.1010237629735107,2.328267077350372
346,854.0,0.1,3.0,2.0,0.01,0.1,400.0,2.593286080181361,1.782096462112385,2.6649509435627126,2.0607230796021283
347,854.0,0.1,3.0,2.0,0.01,0.5,400.0,2.315894303907248,1.726640719402768,2.9739839776836297,2.2662519307149394
348,854.0,0.1,3.0,2.0,0.01,0.9,400.0,2.2039036458306214,1.6044926682741398,2.6754433608619377,2.0008625215620044
349,854.0,0.1,3.0,2.0,0.05,0.1,400.0,2.5344232063710854,1.7646664422908167,2.7877654108755228,2.1606507356549662
350,854.0,0.1,3.0,2.0,0.05,0.5,400.0,2.3520137546095587,1.7117242744145142,2.8097719918303485,2.1712335470831756
351,854.0,0.1,3.0,2.0,0.05,0.9,400.0,2.125532067155949,1.577344179158365,2.799454038153554,2.1233701396456754
352,854.0,0.1,3.0,3.0,0.0,0.1,400.0,2.8249027252303387,2.051936098996458,3.0101959291338374,2.0953097576418855
353,854.0,0.1,3.0,3.0,0.0,0.5,400.0,3.1383598709347087,2.2622647111649576,3.227590944843174,2.294946608459939
354,854.0,0.1,3.0,3.0,0.01,0.1,400.0,2.8145594235182316,2.052121232786629,2.986584026593175,2.1028321200383697
355,854.0,0.1,3.0,3.0,0.01,0.5,400.0,3.0775451027068605,2.2024355721347963,3.151699017774726,2.2116577790646343
356,854.0,0.1,3.0,3.0,0.01,0.9,400.0,3.0107593277759133,2.1294912011739657,3.2354768975666675,2.3386079555857804
357,854.0,0.1,3.0,3.0,0.05,0.1,400.0,2.7892521882566927,2.041026392248813,3.0730728128974243,2.134094012546396
358,854.0,0.1,3.0,3.0,0.05,0.5,400.0,2.8544027378759442,2.0423491285046045,2.764706890680575,2.0076223560903403
359,854.0,0.1,3.0,3.0,0.05,0.9,400.0,2.8861234460323426,2.0791360191670285,3.154122483184413,2.239459447807868
360,855.0,0.1,1.0,1.0,0.0,0.1,400.0,2.959817021433862,2.279425701121602,2.6258942023148863,1.9073421731677536
361,855.0,0.1,1.0,1.0,0.0,0.5,400.0,2.7763688899963412,2.207891243716904,2.552033304339336,1.8044144395870632
362,855.0,0.1,1.0,1.0,0.01,0.1,400.0,3.0063325656863586,2.301626006694093,2.5857374615933115,1.8209958142590081
363,855.0,0.1,1.0,1.0,0.01,0.5,400.0,2.7687597745212162,2.1442811975260905,2.4946577931627587,1.7659907608840335
364,855.0,0.1,1.0,1.0,0.01,0.9,400.0,2.714398516015968,2.070151050100396,2.218646411927981,1.654810365148284
365,855.0,0.1,1.0,1.0,0.05,0.1,400.0,3.015719629804242,2.2854547489330352,2.5771368689864347,1.7542623643421404
366,855.0,0.1,1.0,1.0,0.05,0.5,400.0,2.829829708952785,2.212644246960697,2.5257820221793366,1.8414098080698575
367,855.0,0.1,1.0,1.0,0.05,0.9,400.0,2.7687660122953495,2.1197949056898224,2.4769602363611165,1.8219374091897262
368,855.0,0.1,1.0,2.0,0.0,0.1,400.0,2.7313113058409755,2.10169250875899,2.485801516678181,1.7558399709449326
369,855.0,0.1,1.0,2.0,0.0,0.5,400.0,2.5043057034614975,2.1400000714608303,2.5016949378550994,1.7607170682611992
370,855.0,0.1,1.0,2.0,0.01,0.1,400.0,2.8292295572650437,2.0950100655083066,2.507374237224355,1.7688020388877312
371,855.0,0.1,1.0,2.0,0.01,0.5,400.0,2.604513703970494,2.2200276824811813,2.619168009308799,1.8732764481248243
372,855.0,0.1,1.0,2.0,0.01,0.9,400.0,2.3541906262015564,1.9786232237648889,2.49989340870692,1.8389963345326883
373,855.0,0.1,1.0,2.0,0.05,0.1,400.0,2.834636185982482,2.0547993378335203,2.550206518263819,1.754492912600785
374,855.0,0.1,1.0,2.0,0.05,0.5,400.0,2.66952223064139,2.171034048698598,2.368177474282068,1.747804648159713
375,855.0,0.1,1.0,2.0,0.05,0.9,400.0,2.5139036395132752,2.0880806406811163,2.410871259589018,1.7693558433949244
376,855.0,0.1,1.0,3.0,0.0,0.1,400.0,2.2521566270550624,1.870947518275985,2.607856302714601,1.9343854249881678
377,855.0,0.1,1.0,3.0,0.0,0.5,400.0,2.4744796088642347,2.2153502113652825,2.9895426956174416,2.2534644137436532
378,855.0,0.1,1.0,3.0,0.01,0.1,400.0,2.869996014874963,2.231497980997489,2.3433509735493256,1.877212146568992
379,855.0,0.1,1.0,3.0,0.01,0.5,400.0,2.390537516572208,2.0496138598636757,2.6430963918563464,1.918182670816961
380,855.0,0.1,1.0,3.0,0.01,0.9,400.0,2.5343256153930063,2.1499465628125787,2.8732138438481614,2.1464507451213715
381,855.0,0.1,1.0,3.0,0.05,0.1,400.0,2.525191438548775,2.014869946836027,2.2349965752028518,1.8677955055949964
382,855.0,0.1,1.0,3.0,0.05,0.5,400.0,2.4236846457210373,1.966953118424834,2.778688302152498,2.0226789118282524
383,855.0,0.1,1.0,3.0,0.05,0.9,400.0,2.5076878548074815,2.1345553592064395,3.238818703272905,2.40634186896941
384,855.0,0.1,2.0,1.0,0.0,0.1,400.0,3.0333995473574316,2.533383633937533,3.104821698444634,2.337234547080012
385,855.0,0.1,2.0,1.0,0.0,0.5,400.0,2.6253507477220412,2.079603733611584,2.5303705737798508,1.9345487743353966
386,855.0,0.1,2.0,1.0,0.01,0.1,400.0,3.078729867120592,2.590363698642903,3.1536954387175924,2.3943793621976104
387,855.0,0.1,2.0,1.0,0.01,0.5,400.0,2.649878434762715,2.1200678095907337,2.4369146175212353,1.8001163447062096
388,855.0,0.1,2.0,1.0,0.01,0.9,400.0,2.3605220241920866,1.9420142186549725,2.13928880384283,1.7160577736984075
389,855.0,0.1,2.0,1.0,0.05,0.1,400.0,3.004510424535304,2.5397284218873843,3.1233236173132024,2.328138970830888
390,855.0,0.1,2.0,1.0,0.05,0.5,400.0,2.6824593092380495,2.1354134098024535,2.4276727511678287,1.788983768470985
391,855.0,0.1,2.0,1.0,0.05,0.9,400.0,2.552970384042929,2.0468895294064873,2.4104869381894996,1.8771554127401864
392,855.0,0.1,2.0,2.0,0.0,0.1,400.0,2.968920771066351,2.4396670246937777,2.7278324682442534,1.9673551817007688
393,855.0,0.1,2.0,2.0,0.0,0.5,400.0,2.694353332492468,2.2679504041942358,2.489674026817416,1.9454626591971969
394,855.0,0.1,2.0,2.0,0.01,0.1,400.0,2.887347254833197,2.3783348376603892,2.5949416294353425,1.7837017896701195
395,855.0,0.1,2.0,2.0,0.01,0.5,400.0,2.648987125208268,2.2463389656121397,2.4556926026248873,1.9328352048652542
396,855.0,0.1,2.0,2.0,0.01,0.9,400.0,2.6201815445138465,2.249280801119079,2.5170462790522836,1.9823628133969708
397,855.0,0.1,2.0,2.0,0.05,0.1,400.0,2.9777409889957878,2.3638117679076713,2.8199698025715976,1.9583190225480125
398,855.0,0.1,2.0,2.0,0.05,0.5,400.0,2.5482808434647155,2.176826920972056,2.4085568673413964,1.8270444316788155
399,855.0,0.1,2.0,2.0,0.05,0.9,400.0,2.621677582945408,2.2356462865653612,2.4329809743562083,1.9323246543098758
400,855.0,0.1,2.0,3.0,0.0,0.1,400.0,2.2768959879633224,1.9842390191169166,2.817496823627687,2.0887305072947404
401,855.0,0.1,2.0,3.0,0.0,0.5,400.0,2.3732081564296337,2.0856246151198072,2.708964124800687,2.1505778326302853
402,855.0,0.1,2.0,3.0,0.01,0.1,400.0,2.327830682199929,2.0319413059094074,2.821174207244844,2.0570963684105332
403,855.0,0.1,2.0,3.0,0.01,0.5,400.0,2.3322189502610096,2.023329740787743,2.7029240623346196,2.148417119623478
404,855.0,0.1,2.0,3.0,0.01,0.9,400.0,2.3179060600192813,2.0015760314179305,2.570956091547167,2.059782867930847
405,855.0,0.1,2.0,3.0,0.05,0.1,400.0,2.265708480245388,1.9877932721070082,2.760471705164882,2.0403663622895203
406,855.0,0.1,2.0,3.0,0.05,0.5,400.0,2.2193959155291165,1.9457587116745145,2.5347782706211306,1.9598460901174235
407,855.0,0.1,2.0,3.0,0.05,0.9,400.0,2.320465855934365,2.0233089340073662,2.4653561541621034,1.9686344362331702
408,855.0,0.1,3.0,1.0,0.0,0.1,400.0,2.943713356180886,2.3948746015339424,2.8927270095403674,2.096521011058949
409,855.0,0.1,3.0,1.0,0.0,0.5,400.0,2.6925554508143135,2.192223206352096,2.671284284602852,2.113591926271273
410,855.0,0.1,3.0,1.0,0.01,0.1,400.0,2.7688761988392168,2.2354108839377997,2.6224898369574157,1.81335477808233
411,855.0,0.1,3.0,1.0,0.01,0.5,400.0,2.8806889659660455,2.275984333048168,2.5616773207912327,1.98105924224159
412,855.0,0.1,3.0,1.0,0.01,0.9,400.0,2.1205259311036713,1.9440387885885329,2.588479084625911,1.9842982217793264
413,855.0,0.1,3.0,1.0,0.05,0.1,400.0,2.7241168069277366,2.231767752264767,2.6706434576416163,1.91549176067435
414,855.0,0.1,3.0,1.0,0.05,0.5,400.0,2.842836601512668,2.205437724857368,2.512884031029352,1.8226539209684975
415,855.0,0.1,3.0,1.0,0.05,0.9,400.0,2.2349802965496415,1.893666264524831,2.770680251225787,2.1945757207970793
416,855.0,0.1,3.0,2.0,0.0,0.1,400.0,2.504387130264654,2.1801063389717936,2.5343818942770424,1.8054014285061408
417,855.0,0.1,3.0,2.0,0.0,0.5,400.0,2.885339939473873,2.303296229279962,2.5273840744323683,1.9544976269953354
418,855.0,0.1,3.0,2.0,0.01,0.1,400.0,2.562584172464168,2.198206337336594,2.5959068562530883,1.9275466300413626
419,855.0,0.1,3.0,2.0,0.01,0.5,400.0,2.832360566805243,2.2820722209028332,2.5021841541554806,1.8195786177220932
420,855.0,0.1,3.0,2.0,0.01,0.9,400.0,2.981390084504812,2.3681972512077736,2.4324129581521463,1.8969877517062024
421,855.0,0.1,3.0,2.0,0.05,0.1,400.0,2.4744005800804465,2.1572938806073285,2.45891669364873,1.7652920496829871
422,855.0,0.1,3.0,2.0,0.05,0.5,400.0,2.6536325881524347,2.1971462052840915,2.3971069640932403,1.7587528340197753
423,855.0,0.1,3.0,2.0,0.05,0.9,400.0,2.629710968145011,2.2103466951128126,2.4917107096930855,1.9146091404524639
424,855.0,0.1,3.0,3.0,0.0,0.1,400.0,2.518528661874007,2.17295230343553,2.8759962721852053,2.197989502785598
425,855.0,0.1,3.0,3.0,0.0,0.5,400.0,2.609854353546913,2.1572881079546584,2.8491603728330857,2.1479200540756795
426,855.0,0.1,3.0,3.0,0.01,0.1,400.0,2.635788224877556,2.2607447521257664,2.7947851596030504,2.116073119113129
427,855.0,0.1,3.0,3.0,0.01,0.5,400.0,2.7580445193084646,2.2345290138055685,2.99103982112261,2.2573501644934697
428,855.0,0.1,3.0,3.0,0.01,0.9,400.0,2.936475496972673,2.4150525757517056,2.7892758368901878,2.1713741556787878
429,855.0,0.1,3.0,3.0,0.05,0.1,400.0,2.7942666109632497,2.2743889418186876,2.7376963204540306,2.128119922670813
430,855.0,0.1,3.0,3.0,0.05,0.5,400.0,2.5756018486716243,2.213979538524192,2.9418199089665293,2.1635152135728326
431,855.0,0.1,3.0,3.0,0.05,0.9,400.0,3.04142716334001,2.3913541212941554,3.1156810325681517,2.31580208261952
432,856.0,0.1,1.0,1.0,0.0,0.1,400.0,3.2857060723817915,2.7857805944544807,3.5175658286554503,2.753214810318005
433,856.0,0.1,1.0,1.0,0.0,0.5,400.0,3.450221556065908,3.0281215293851402,3.3870378792904794,2.97009988049534
434,856.0,0.1,1.0,1.0,0.01,0.1,400.0,3.2871830074283857,2.7844452887821602,3.503487242153067,2.740855012380824
435,856.0,0.1,1.0,1.0,0.01,0.5,400.0,3.5160631119487755,3.0492534971994707,3.5229156757444735,2.911739489033945
436,856.0,0.1,1.0,1.0,0.01,0.9,400.0,3.412587856026626,3.0201315713330055,3.7355921178185914,3.245916197991717
437,856.0,0.1,1.0,1.0,0.05,0.1,400.0,3.5008966984141154,2.9137993471514676,3.7430000769673386,2.6955177970591646
438,856.0,0.1,1.0,1.0,0.05,0.5,400.0,3.401745015826616,2.8970906724799352,3.477399694731654,2.77486263608888
439,856.0,0.1,1.0,1.0,0.05,0.9,400.0,3.419119838434153,2.988853840243236,3.3501792735747813,2.835306919585722
440,856.0,0.1,1.0,2.0,0.0,0.1,400.0,3.3346370523466335,2.7817835190867526,1.9171141114242918,1.5945785622031061
441,856.0,0.1,1.0,2.0,0.0,0.5,400.0,3.3455088350704636,2.9164465023869717,2.4061590853776123,1.9154619318396906
442,856.0,0.1,1.0,2.0,0.01,0.1,400.0,3.322168273012775,2.7706007016138905,2.158833543981231,1.7313456960315554
443,856.0,0.1,1.0,2.0,0.01,0.5,400.0,3.338260549595918,2.8699042632068803,2.196457102549364,1.6749401612869792
444,856.0,0.1,1.0,2.0,0.01,0.9,400.0,3.275787109501857,2.850649236054057,2.3925712568740134,1.9831544747125072
445,856.0,0.1,1.0,2.0,0.05,0.1,400.0,3.4067024651903433,2.8774933632881123,2.377082405775827,1.8191486361032183
446,856.0,0.1,1.0,2.0,0.05,0.5,400.0,3.254044433204549,2.744609821348041,1.9847992265289385,1.6429224137798375
447,856.0,0.1,1.0,2.0,0.05,0.9,400.0,3.3139638138136798,2.840388200686539,2.3854561497306737,1.9048784757905164
448,856.0,0.1,1.0,3.0,0.0,0.1,400.0,3.435986705022376,2.9065342439289545,1.9818431426307492,1.6650840793894266
449,856.0,0.1,1.0,3.0,0.0,0.5,400.0,3.4566223636070625,2.9453792934228034,2.386928428476928,1.8114024542558653
450,856.0,0.1,1.0,3.0,0.01,0.1,400.0,3.415550220249749,2.8810988879303996,2.134225413177512,1.8080876281710734
451,856.0,0.1,1.0,3.0,0.01,0.5,400.0,3.4672213456558167,2.952137070173365,2.222236045030943,1.62314056141909
452,856.0,0.1,1.0,3.0,0.01,0.9,400.0,3.5259609505621854,2.9978402259933676,2.2416627642810627,1.8958019911648045
453,856.0,0.1,1.0,3.0,0.05,0.1,400.0,3.484462846388674,2.9040148037682663,1.994664509969417,1.6133688381013496
454,856.0,0.1,1.0,3.0,0.05,0.5,400.0,3.653379806077323,3.036206676473659,2.561809698538495,1.7635224188009089
455,856.0,0.1,1.0,3.0,0.05,0.9,400.0,3.3424038673028837,2.859162127383024,2.3148594821676935,1.61863049877813
456,856.0,0.1,2.0,1.0,0.0,0.1,400.0,3.409121175924201,3.028085845502203,3.298316467120286,2.8746831688236147
457,856.0,0.1,2.0,1.0,0.0,0.5,400.0,3.5048108152241184,2.97602758934964,3.1981851921527404,2.525340132488938
458,856.0,0.1,2.0,1.0,0.01,0.1,400.0,3.5223224379982727,3.1362936372109615,4.503225347572345,3.7053970889080055
459,856.0,0.1,2.0,1.0,0.01,0.5,400.0,3.516841137693017,2.969891013267326,3.210146735714902,2.6252173013371345
460,856.0,0.1,2.0,1.0,0.01,0.9,400.0,3.506534041594769,2.9741997208262148,2.9205300521513506,2.390778593407006
461,856.0,0.1,2.0,1.0,0.05,0.1,400.0,3.5419168320250516,3.166670315279633,4.496914987190237,3.699512209374317
462,856.0,0.1,2.0,1.0,0.05,0.5,400.0,3.5247178594288378,3.056367070874769,2.535396984614057,2.0352004749762385
463,856.0,0.1,2.0,1.0,0.05,0.9,400.0,3.194833204927281,2.7859746932359166,2.5256475490739536,2.063851068285166
464,856.0,0.1,2.0,2.0,0.0,0.1,400.0,3.337657378390073,2.8135028590177207,2.278670933703052,1.7536561137928879
465,856.0,0.1,2.0,2.0,0.0,0.5,400.0,3.3368963999309753,2.932471182431758,2.3292784152017996,1.7602098764359606
466,856.0,0.1,2.0,2.0,0.01,0.1,400.0,3.3556556715778085,2.849417424740887,2.2422911697876002,1.705623966324114
467,856.0,0.1,2.0,2.0,0.01,0.5,400.0,3.3447413254380725,2.8634926063740753,2.210205645315996,1.7760386055518216
468,856.0,0.1,2.0,2.0,0.01,0.9,400.0,3.3187067761090363,2.8998525776608126,2.3168994244140864,1.9521639270644773
469,856.0,0.1,2.0,2.0,0.05,0.1,400.0,3.317542957700826,2.815759797758998,2.1773159223318275,1.72411941124641
470,856.0,0.1,2.0,2.0,0.05,0.5,400.0,3.2870372224103246,2.7960725887618287,2.3963849875047254,1.8153676683432773
471,856.0,0.1,2.0,2.0,0.05,0.9,400.0,3.3357937666271025,2.839676326918473,2.321142013033001,1.884219972848447
472,856.0,0.1,2.0,3.0,0.0,0.1,400.0,3.450320715471174,2.9618478811104367,2.160759590156865,1.4801766496319304
473,856.0,0.1,2.0,3.0,0.0,0.5,400.0,3.244997114431824,2.768250306676934,2.304025585018032,1.762087178840822
474,856.0,0.1,2.0,3.0,0.01,0.1,400.0,3.5257562281817276,3.0527760567868687,2.198285698165893,1.7609234322465368
475,856.0,0.1,2.0,3.0,0.01,0.5,400.0,3.19542433654426,2.7132059284593826,2.2034660712310274,1.7352422635623246
476,856.0,0.1,2.0,3.0,0.01,0.9,400.0,2.872469397143113,2.5084240814705523,2.1471223902998053,1.8150880276633932
477,856.0,0.1,2.0,3.0,0.05,0.1,400.0,3.6307361753445235,3.1288534487130444,2.2841254719698836,1.8624525264919498
478,856.0,0.1,2.0,3.0,0.05,0.5,400.0,3.3241053403088117,2.8366420722917973,2.243196748611958,1.6676604536419481
479,856.0,0.1,2.0,3.0,0.05,0.9,400.0,3.308599211075458,2.803759818782717,2.3463339909029672,1.8524978281463642
480,856.0,0.1,3.0,1.0,0.0,0.1,400.0,3.5721972195568763,3.197290558000019,4.429876246114633,3.623178308608255
481,856.0,0.1,3.0,1.0,0.0,0.5,400.0,3.2665480293633467,2.7899149212459697,2.6846708987039944,2.0749937829235012
482,856.0,0.1,3.0,1.0,0.01,0.1,400.0,3.554276382903949,3.180009571151975,4.46063845850851,3.6676680574573726
483,856.0,0.1,3.0,1.0,0.01,0.5,400.0,3.0538914538647313,2.6723572393794526,2.4515269828875903,2.0657048685727166
484,856.0,0.1,3.0,1.0,0.01,0.9,400.0,5.919147801457582,4.592920442874219,7.372599658929839,5.348108516470766
485,856.0,0.1,3.0,1.0,0.05,0.1,400.0,3.56713072466153,3.1741020189181994,4.496478100427147,3.716590694080164
486,856.0,0.1,3.0,1.0,0.05,0.5,400.0,3.560224871374965,3.0730007071640117,2.934677604314497,2.470068575830397
487,856.0,0.1,3.0,1.0,0.05,0.9,400.0,4.436805100830246,3.8104001263055522,3.372409153824627,2.7075567695223945
488,856.0,0.1,3.0,2.0,0.0,0.1,400.0,3.193875649197534,2.730552610196263,2.2665253956381655,1.778643195138289
489,856.0,0.1,3.0,2.0,0.0,0.5,400.0,2.9650418882909855,2.5859617558681265,2.076185313393563,1.7100596650139364
490,856.0,0.1,3.0,2.0,0.01,0.1,400.0,3.178917698494671,2.7169773171926166,2.1971796413335105,1.7818606641326225
491,856.0,0.1,3.0,2.0,0.01,0.5,400.0,2.972291367906402,2.5615767349207954,1.945926812518721,1.4840723637222517
492,856.0,0.1,3.0,2.0,0.01,0.9,400.0,5.832335241314387,4.515931363105884,7.2937163118213455,5.259161488272517
493,856.0,0.1,3.0,2.0,0.05,0.1,400.0,3.5094525402115515,2.9749381861237594,2.307525301069866,1.6919852088757266
494,856.0,0.1,3.0,2.0,0.05,0.5,400.0,3.27121249099787,2.760699484666892,2.0914235042707707,1.7123046450349813
495,856.0,0.1,3.0,2.0,0.05,0.9,400.0,2.8699219310996127,2.4617421370672368,1.9707822770474406,1.6124091101127198
496,856.0,0.1,3.0,3.0,0.0,0.1,400.0,3.305501177632011,2.8497569778319125,2.320905671931462,1.6870119037875322
497,856.0,0.1,3.0,3.0,0.0,0.5,400.0,2.8919721846123614,2.4398107244177933,2.152333223387636,1.5530584474261242
498,856.0,0.1,3.0,3.0,0.01,0.1,400.0,3.387343155293853,2.925794713772113,2.3886222379062065,1.7180428242119345
499,856.0,0.1,3.0,3.0,0.01,0.5,400.0,3.016444571510222,2.5618889718274303,2.1069788704459946,1.4390201297045326
500,856.0,0.1,3.0,3.0,0.01,0.9,400.0,2.8050857499395256,2.380463608398228,2.0379983876704952,1.5487450301523622
501,856.0,0.1,3.0,3.0,0.05,0.1,400.0,3.5162579254863946,3.0646749443707804,2.357428479837001,1.7050072811447483
502,856.0,0.1,3.0,3.0,0.05,0.5,400.0,3.043407200723607,2.6171724411371398,2.1108368569932074,1.52230259188301
503,856.0,0.1,3.0,3.0,0.05,0.9,400.0,2.844519709676674,2.434783385915501,2.159627114215286,1.4246716127781058
504,857.0,0.1,1.0,1.0,0.0,0.1,400.0,1.9836883887883554,1.5673094499345048,2.5141856964352334,1.5223355882250782
505,857.0,0.1,1.0,1.0,0.0,0.5,400.0,1.6327762516560098,1.2944542789452027,2.0406122587827022,1.326939376715718
506,857.0,0.1,1.0,1.0,0.01,0.1,400.0,1.9519140785771774,1.5561726597505743,2.47374577575818,1.504230012386095
507,857.0,0.1,1.0,1.0,0.01,0.5,400.0,1.8574315778555088,1.3744615909421425,2.3797958116564177,1.5539208534441082
508,857.0,0.1,1.0,1.0,0.01,0.9,400.0,1.5561114869146626,1.131782894206439,2.1639535223979007,1.5849457229324062
509,857.0,0.1,1.0,1.0,0.05,0.1,400.0,1.9627880138013474,1.5605188316021197,2.571492640659488,1.5639501417503308
510,857.0,0.1,1.0,1.0,0.05,0.5,400.0,1.927259209921387,1.4679409589151493,2.58699802783775,1.6791054183655618
511,857.0,0.1,1.0,1.0,0.05,0.9,400.0,2.0072831723228517,1.457604313947937,2.38170626352489,1.5710067523583178
512,857.0,0.1,1.0,2.0,0.0,0.1,400.0,2.0880674253616607,1.6899130632159933,2.8174832587763845,1.9706831566556358
513,857.0,0.1,1.0,2.0,0.0,0.5,400.0,1.4594968734868314,1.1811434720544152,2.336552524465198,1.3840068283280704
514,857.0,0.1,1.0,2.0,0.01,0.1,400.0,2.116114787446956,1.6843069896645624,2.7898647472662486,1.9754184217049366
515,857.0,0.1,1.0,2.0,0.01,0.5,400.0,1.5610686532594367,1.2974113890999748,2.3649073735885473,1.416812892616368
516,857.0,0.1,1.0,2.0,0.01,0.9,400.0,1.4658638490468006,1.1233022850047047,2.2175780917910815,1.4403081940170421
517,857.0,0.1,1.0,2.0,0.05,0.1,400.0,2.120642473560619,1.6960318187971826,2.8160300132594593,2.0081107946075454
518,857.0,0.1,1.0,2.0,0.05,0.5,400.0,1.8016717804107134,1.4691400645234358,2.48305372795199,1.6219022950787017
519,857.0,0.1,1.0,2.0,0.05,0.9,400.0,1.5789181480588677,1.3084912360512753,2.3906939433575745,1.439895755094369
520,857.0,0.1,1.0,3.0,0.0,0.1,400.0,2.3944134538181348,1.9377005397954494,3.1966593922706634,2.340821882792088
521,857.0,0.1,1.0,3.0,0.0,0.5,400.0,1.603616823430129,1.3539896854602482,2.4104881535457787,1.4387373029777117
522,857.0,0.1,1.0,3.0,0.01,0.1,400.0,2.4569125979885205,2.0338106003682705,3.2010746522524283,2.354568281369804
523,857.0,0.1,1.0,3.0,0.01,0.5,400.0,1.7178141687375403,1.5103398202203682,2.5740203095283403,1.4936243094991668
524,857.0,0.1,1.0,3.0,0.01,0.9,400.0,1.4777380483033755,1.1655673395312527,2.480562566193545,1.634304137048397
525,857.0,0.1,1.0,3.0,0.05,0.1,400.0,2.5204952227362405,2.0363219773091945,3.276712688033155,2.524444796144948
526,857.0,0.1,1.0,3.0,0.05,0.5,400.0,1.9979035200563695,1.658618839231374,2.812522841059644,1.8050398604505256
527,857.0,0.1,1.0,3.0,0.05,0.9,400.0,1.746194754176588,1.5270517694430872,2.6624473970821136,1.5735039650702094
528,857.0,0.1,2.0,1.0,0.0,0.1,400.0,1.8991540727331093,1.3924068072548248,2.5236290911802053,1.9871625277554943
529,857.0,0.1,2.0,1.0,0.0,0.5,400.0,1.7165423312625823,1.3579803843172558,2.215087988156962,1.5233845699633792
530,857.0,0.1,2.0,1.0,0.01,0.1,400.0,1.9097888125098423,1.384173832054871,2.586306567937562,2.060462047641171
531,857.0,0.1,2.0,1.0,0.01,0.5,400.0,1.7615113321621167,1.3934573267973949,2.1554543454950474,1.3452546872836249
532,857.0,0.1,2.0,1.0,0.01,0.9,400.0,1.4797402583870247,1.1587879675970398,2.13104560686776,1.5124528548690872
533,857.0,0.1,2.0,1.0,0.05,0.1,400.0,2.008136887293094,1.5330112637646467,2.612815499547113,2.1618777940591736
534,857.0,0.1,2.0,1.0,0.05,0.5,400.0,1.8393705524150168,1.3638033604570399,2.5446841138001233,1.859256954502244
535,857.0,0.1,2.0,1.0,0.05,0.9,400.0,1.630092150607833,1.2630757946636921,2.367000638541589,1.6027939976853027
536,857.0,0.1,2.0,2.0,0.0,0.1,400.0,1.7093419931710259,1.4025619916057668,2.4045234953260928,1.5680184697249828
537,857.0,0.1,2.0,2.0,0.0,0.5,400.0,1.563877009536225,1.2856155681546777,2.3959769721111357,1.452447090486153
538,857.0,0.1,2.0,2.0,0.01,0.1,400.0,1.7042089698059601,1.4013760432421165,2.396553634731448,1.5318232439878703
539,857.0,0.1,2.0,2.0,0.01,0.5,400.0,1.5621990891215298,1.3041849191622996,2.4344320814456157,1.483532049541746
540,857.0,0.1,2.0,2.0,0.01,0.9,400.0,1.4679896414761517,1.1409314374589485,2.1634231414940484,1.3854453311435069
541,857.0,0.1,2.0,2.0,0.05,0.1,400.0,1.707495615303499,1.384208525944012,2.4085804606842847,1.531251618851193
542,857.0,0.1,2.0,2.0,0.05,0.5,400.0,1.6086937051389738,1.3158106840650015,2.462721905889458,1.5587046078950977
543,857.0,0.1,2.0,2.0,0.05,0.9,400.0,1.5575758790305414,1.3091643792627925,2.4863057112628004,1.5457147689050506
544,857.0,0.1,2.0,3.0,0.0,0.1,400.0,1.9771821091820314,1.7203182231835916,2.579287170188167,1.5554421725129526
545,857.0,0.1,2.0,3.0,0.0,0.5,400.0,1.6322531570570333,1.423910437533248,2.4026587209480756,1.4372124518975755
546,857.0,0.1,2.0,3.0,0.01,0.1,400.0,2.0521515507723658,1.6980551103478296,2.750809955854847,1.7771321453457942
547,857.0,0.1,2.0,3.0,0.01,0.5,400.0,1.7460807322178389,1.5214336475218462,2.4371829705212305,1.4593565756275837
548,857.0,0.1,2.0,3.0,0.01,0.9,400.0,1.4654233920934503,1.2255975208638579,2.3752107933185753,1.6114360595942245
549,857.0,0.1,2.0,3.0,0.05,0.1,400.0,2.0628535772749705,1.6821690490481533,2.8035972971642633,1.834571541230859
550,857.0,0.1,2.0,3.0,0.05,0.5,400.0,1.868846607150107,1.6138513644442096,2.6355893951797147,1.5887188384630286
551,857.0,0.1,2.0,3.0,0.05,0.9,400.0,1.7930020440161922,1.56142584912883,2.5185587674911574,1.5087894655253304
552,857.0,0.1,3.0,1.0,0.0,0.1,400.0,2.0428169265136544,1.5647210611093714,2.4516980022975567,2.107223560378603
553,857.0,0.1,3.0,1.0,0.0,0.5,400.0,1.640217043351192,1.373666659798283,2.0197224643344063,1.4456996983640467
554,857.0,0.1,3.0,1.0,0.01,0.1,400.0,2.1102452773961344,1.5166807815289498,2.242242776143521,1.867147696889583
555,857.0,0.1,3.0,1.0,0.01,0.5,400.0,1.5850312011645353,1.263628675001579,1.9980080695285043,1.4430507408354263
556,857.0,0.1,3.0,1.0,0.01,0.9,400.0,1.662680197783328,1.4113386940273311,1.6256146874817672,1.2905468148441943
557,857.0,0.1,3.0,1.0,0.05,0.1,400.0,1.710503984548421,1.4465684431741475,2.0466802418447374,1.3600097649657066
558,857.0,0.1,3.0,1.0,0.05,0.5,400.0,1.7150513999087866,1.2940165951218954,2.3057631476844147,1.8840116179384938
559,857.0,0.1,3.0,1.0,0.05,0.9,400.0,1.5838274315481407,1.253217777071684,1.899298879287752,1.5159031202182232
560,857.0,0.1,3.0,2.0,0.0,0.1,400.0,1.5428505306387619,1.267684953988501,2.2522089746985197,1.375708978586187
561,857.0,0.1,3.0,2.0,0.0,0.5,400.0,1.6196268804107121,1.351856786907554,2.035697060112969,1.3340486963270142
562,857.0,0.1,3.0,2.0,0.01,0.1,400.0,1.5371582227644045,1.2530503004577398,2.229261833305834,1.3596328602878935
563,857.0,0.1,3.0,2.0,0.01,0.5,400.0,1.5877294609961115,1.3767528386202479,2.1148117372261708,1.323487997863077
564,857.0,0.1,3.0,2.0,0.01,0.9,400.0,1.5928152374266595,1.23429143641441,2.0286662822507053,1.4774662860416288
565,857.0,0.1,3.0,2.0,0.05,0.1,400.0,1.5457427766933205,1.2631515625430632,2.271003806996207,1.379858806466721
566,857.0,0.1,3.0,2.0,0.05,0.5,400.0,1.5588359059175556,1.3192956216837277,2.153506123442026,1.3634281152365586
567,857.0,0.1,3.0,2.0,0.05,0.9,400.0,1.6551885496826415,1.4482874936339527,2.1600350211653465,1.3954653154314924
568,857.0,0.1,3.0,3.0,0.0,0.1,400.0,1.8477792008419267,1.578850014559529,2.589275221662687,1.557213004834156
569,857.0,0.1,3.0,3.0,0.0,0.5,400.0,1.6064351957539627,1.3715939246861402,2.480458387346622,1.5025454052275984
570,857.0,0.1,3.0,3.0,0.01,0.1,400.0,1.8016881110930485,1.5438480397589052,2.5865723169927093,1.5230578189265933
571,857.0,0.1,3.0,3.0,0.01,0.5,400.0,1.6360315961132743,1.4056008771108408,2.503426407444895,1.516763636771081
572,857.0,0.1,3.0,3.0,0.01,0.9,400.0,1.721026039420728,1.3850510284933606,1.8638274963608916,1.426324362954494
573,857.0,0.1,3.0,3.0,0.05,0.1,400.0,1.817026365498873,1.5467529987915214,2.5416982566184436,1.508971685327175
574,857.0,0.1,3.0,3.0,0.05,0.5,400.0,1.7469962489188484,1.517087248762902,2.5681853134199306,1.5614021043350406
575,857.0,0.1,3.0,3.0,0.05,0.9,400.0,1.7824324948978616,1.5462493061086133,1.9579903260268237,1.2953646809159494
576,858.0,0.1,1.0,1.0,0.0,0.1,400.0,2.2481555333316314,1.8214474525882354,2.5617157987124783,1.7654139216591769
577,858.0,0.1,1.0,1.0,0.0,0.5,400.0,2.1663681197538738,1.7702484584012375,2.491113794298466,1.6306171670495515
578,858.0,0.1,1.0,1.0,0.01,0.1,400.0,2.25052972995925,1.8097334014631306,2.59834852970562,1.8204003976317296
579,858.0,0.1,1.0,1.0,0.01,0.5,400.0,2.205098940438444,1.7760454868197197,2.5135530706195808,1.7516488279709928
580,858.0,0.1,1.0,1.0,0.01,0.9,400.0,2.1016280177477435,1.7316515931511152,2.5463902450256706,1.698907487698272
581,858.0,0.1,1.0,1.0,0.05,0.1,400.0,2.2452435226131913,1.859617533936124,2.3771724634803713,1.6342863901497626
582,858.0,0.1,1.0,1.0,0.05,0.5,400.0,2.2366144496513094,1.7939209183714044,2.6365011626429786,1.8297597161049695
583,858.0,0.1,1.0,1.0,0.05,0.9,400.0,2.2607605123827113,1.9102085155202142,2.8416299736773554,1.936562548661416
584,858.0,0.1,1.0,2.0,0.0,0.1,400.0,2.734393869775172,2.0103818942976988,2.656071587799385,1.894778634974383
585,858.0,0.1,1.0,2.0,0.0,0.5,400.0,2.3321036450918164,1.9938126996457006,2.167121439449373,1.4813389145923583
586,858.0,0.1,1.0,2.0,0.01,0.1,400.0,2.795449863404244,2.073912193814579,2.7922513037831744,2.0132225863623563
587,858.0,0.1,1.0,2.0,0.01,0.5,400.0,2.4174608169658853,1.8816058459825467,2.4415719773364786,1.7072145977497934
588,858.0,0.1,1.0,2.0,0.01,0.9,400.0,2.285560397722998,1.9617490568494318,2.1909237117124873,1.5658680058744412
589,858.0,0.1,1.0,2.0,0.05,0.1,400.0,2.8047526626139594,2.1657203067039363,2.9090379550577157,1.9839323977407215
590,858.0,0.1,1.0,2.0,0.05,0.5,400.0,2.663102019485782,1.9631079771851023,2.6217542265229703,1.8624417406363314
591,858.0,0.1,1.0,2.0,0.05,0.9,400.0,2.417465391171696,1.9131730521640444,2.44972166442234,1.7166336277937084
592,858.0,0.1,1.0,3.0,0.0,0.1,400.0,2.984970510414827,2.2878698580901053,2.499116828838442,1.89818098670078
593,858.0,0.1,1.0,3.0,0.0,0.5,400.0,2.417810893340221,1.993240436198926,2.0647603593752155,1.4732993401795407
594,858.0,0.1,1.0,3.0,0.01,0.1,400.0,3.0219037124740407,2.3381237773294754,2.3158761452240295,1.8023493380749105
595,858.0,0.1,1.0,3.0,0.01,0.5,400.0,2.4771827650193563,1.9519130293890294,2.126216314412189,1.492475255322874
596,858.0,0.1,1.0,3.0,0.01,0.9,400.0,2.342993768394982,2.018339167950484,1.8574237781114578,1.3928038245296797
597,858.0,0.1,1.0,3.0,0.05,0.1,400.0,3.238239139864984,2.512172027306212,2.6897058079177585,2.1378167649487994
598,858.0,0.1,1.0,3.0,0.05,0.5,400.0,2.837170885223911,2.1345834164544075,2.4092963991429035,1.7654712438479432
599,858.0,0.1,1.0,3.0,0.05,0.9,400.0,2.567195448208197,1.9617259054669587,2.2995232257613383,1.582070029251337
600,858.0,0.1,2.0,1.0,0.0,0.1,400.0,2.5361522680491735,2.1397130650515597,2.612273310510848,1.8499706333179602
601,858.0,0.1,2.0,1.0,0.0,0.5,400.0,2.4429059651585017,2.029142195827101,2.371513788839551,1.7316034100165087
602,858.0,0.1,2.0,1.0,0.01,0.1,400.0,2.5199236077570677,2.1392011990420547,2.5822247359336674,1.8421025269697657
603,858.0,0.1,2.0,1.0,0.01,0.5,400.0,2.428444079543953,2.0264681017932027,2.4595815388094375,1.7573101550355104
604,858.0,0.1,2.0,1.0,0.01,0.9,400.0,2.2884584271705894,1.936859199071548,2.1011892109613286,1.56562267306305
605,858.0,0.1,2.0,1.0,0.05,0.1,400.0,2.4367347738314447,2.095806800027976,2.5873257997337755,1.813427520787456
606,858.0,0.1,2.0,1.0,0.05,0.5,400.0,2.435460891685534,1.982162861199441,2.4783614436901957,1.6728593974781096
607,858.0,0.1,2.0,1.0,0.05,0.9,400.0,2.358939207382399,1.9200658336289373,2.34106239151593,1.6835104445673523
608,858.0,0.1,2.0,2.0,0.0,0.1,400.0,2.484020499965608,1.9142965235193852,2.526447304095583,1.748058158214221
609,858.0,0.1,2.0,2.0,0.0,0.5,400.0,2.419791792114413,2.0328043718971975,1.9907321498313126,1.487059644672667
610,858.0,0.1,2.0,2.0,0.01,0.1,400.0,2.475146401961994,1.9181522306550385,2.4783207510990795,1.7299920370309911
611,858.0,0.1,2.0,2.0,0.01,0.5,400.0,2.3936648698754097,1.9782207629420394,1.9513600150169361,1.4659695282822456
612,858.0,0.1,2.0,2.0,0.01,0.9,400.0,2.401901817183468,2.050557364094373,2.200554234749998,1.653996321013842
613,858.0,0.1,2.0,2.0,0.05,0.1,400.0,2.46519782018232,1.9585167405993669,2.521938787344559,1.8024058830732919
614,858.0,0.1,2.0,2.0,0.05,0.5,400.0,2.451408569035363,1.9568843142164905,2.2818652634963645,1.7045838071756072
615,858.0,0.1,2.0,2.0,0.05,0.9,400.0,2.4056822695673565,1.9718117826759876,2.310563381122603,1.7514705374420896
616,858.0,0.1,2.0,3.0,0.0,0.1,400.0,2.572505048632032,2.01541267265595,2.372813950564354,1.672382174481888
617,858.0,0.1,2.0,3.0,0.0,0.5,400.0,2.42563028733883,2.0310956088920014,1.871612889875599,1.4236057036728493
618,858.0,0.1,2.0,3.0,0.01,0.1,400.0,2.5849831831962558,2.0561418934578586,2.273397469833019,1.5947865835924504
619,858.0,0.1,2.0,3.0,0.01,0.5,400.0,2.494197506041562,2.0270058977423058,1.9361063841460604,1.4398995910894106
620,858.0,0.1,2.0,3.0,0.01,0.9,400.0,2.36345223103122,2.019675530572911,2.1560310277569057,1.7048840847728106
621,858.0,0.1,2.0,3.0,0.05,0.1,400.0,2.646681906150279,2.026201311587481,2.3976436719319962,1.6919333407006854
622,858.0,0.1,2.0,3.0,0.05,0.5,400.0,2.637501063616465,2.025267054026442,2.362421079272113,1.695459112390702
623,858.0,0.1,2.0,3.0,0.05,0.9,400.0,2.4773649249599856,1.9462333652925807,2.069737727468581,1.5659594068296503
624,858.0,0.1,3.0,1.0,0.0,0.1,400.0,2.386277168460844,2.0221483775329916,2.6541015120251092,1.893955070316972
625,858.0,0.1,3.0,1.0,0.0,0.5,400.0,2.2672397418917147,2.011508467378627,2.193278611579189,1.7211675288302928
626,858.0,0.1,3.0,1.0,0.01,0.1,400.0,2.297535513287207,1.9142313919168412,2.445763409208162,1.689393963100667
627,858.0,0.1,3.0,1.0,0.01,0.5,400.0,2.166248011906132,1.7958877312928194,2.180219998078767,1.7344845848001618
628,858.0,0.1,3.0,1.0,0.01,0.9,400.0,2.0731621429226412,1.8116866956083288,1.968931768653946,1.4542641845902937
629,858.0,0.1,3.0,1.0,0.05,0.1,400.0,2.2647315977232427,1.8966759297996318,2.416822687792195,1.686420092198792
630,858.0,0.1,3.0,1.0,0.05,0.5,400.0,2.3368293670586495,1.9719163903451193,2.4653928405469907,1.7875270022485785
631,858.0,0.1,3.0,1.0,0.05,0.9,400.0,2.1706789949972523,1.8592448295455954,2.202147281845718,1.6940192630193966
632,858.0,0.1,3.0,2.0,0.0,0.1,400.0,2.3485311337933914,1.9372239252448893,2.074072734228542,1.5202167931933501
633,858.0,0.1,3.0,2.0,0.0,0.5,400.0,2.468016619008648,2.0800701974644205,1.991396621315633,1.5210412149164583
634,858.0,0.1,3.0,2.0,0.01,0.1,400.0,2.362811173175952,1.9810845794969802,2.1394109197694244,1.5230621598504837
635,858.0,0.1,3.0,2.0,0.01,0.5,400.0,2.4972449616983763,2.0748385317440414,1.9222381442507217,1.5144275525574955
636,858.0,0.1,3.0,2.0,0.01,0.9,400.0,2.2943701967314585,2.0213667475433748,2.161218844514714,1.6485922485906013
637,858.0,0.1,3.0,2.0,0.05,0.1,400.0,2.3696630440224187,1.9843979948185302,1.9441717268503629,1.4285259450305603
638,858.0,0.1,3.0,2.0,0.05,0.5,400.0,2.4617987055982007,1.9953281856668186,1.9063806750300871,1.473002906076894
639,858.0,0.1,3.0,2.0,0.05,0.9,400.0,2.351910754195734,1.932745720670176,1.9754352110752256,1.5686974742377038
640,858.0,0.1,3.0,3.0,0.0,0.1,400.0,2.5389408024961244,2.0040533742976474,1.9514189601859881,1.441656142813388
641,858.0,0.1,3.0,3.0,0.0,0.5,400.0,2.4292533422938347,1.9421755621672416,2.0238013811103666,1.4395945119759168
642,858.0,0.1,3.0,3.0,0.01,0.1,400.0,2.5203903520871513,1.9843170366663285,1.9160193962186298,1.3744759474832817
643,858.0,0.1,3.0,3.0,0.01,0.5,400.0,2.46608485549413,1.9410591452158166,1.9384718034709203,1.430043630988072
644,858.0,0.1,3.0,3.0,0.01,0.9,400.0,2.394562025236721,2.0279076842954358,2.10389142796243,1.510942713848671
645,858.0,0.1,3.0,3.0,0.05,0.1,400.0,2.5972327849221806,2.0414795433090887,2.09881460937416,1.530062473147382
646,858.0,0.1,3.0,3.0,0.05,0.5,400.0,2.5542547433211995,1.9420912407618467,1.8804503013079912,1.4544621998208864
647,858.0,0.1,3.0,3.0,0.05,0.9,400.0,2.5937650440772306,2.018937843489135,1.8903340561518662,1.3747273834566394
648,859.0,0.1,1.0,1.0,0.0,0.1,400.0,1.9810912377828194,1.6338670599514389,2.3580176777713002,1.7658545723573695
649,859.0,0.1,1.0,1.0,0.0,0.5,400.0,2.2452661184327756,1.9665827727695453,2.0315104009304807,1.58573404815659
650,859.0,0.1,1.0,1.0,0.01,0.1,400.0,1.9209658166446297,1.5507991482473187,2.4206606714044856,1.8274038935704797
651,859.0,0.1,1.0,1.0,0.01,0.5,400.0,2.0167529030991043,1.6481918604950516,2.039681003643091,1.6113988857488375
652,859.0,0.1,1.0,1.0,0.01,0.9,400.0,2.2932558340614992,1.8747895592027977,1.8499008206544318,1.4726691646815289
653,859.0,0.1,1.0,1.0,0.05,0.1,400.0,1.9550298788966434,1.5963615736823586,2.4214944806754057,1.8232294869288965
654,859.0,0.1,1.0,1.0,0.05,0.5,400.0,2.123677418028931,1.8104444655675398,2.2188029451470923,1.7153538745819505
655,859.0,0.1,1.0,1.0,0.05,0.9,400.0,2.214452266855538,1.8388986760849715,2.361707764189264,1.8053145892314857
656,859.0,0.1,1.0,2.0,0.0,0.1,400.0,1.7842972555919523,1.3310958246885287,2.7932198995205706,2.2307883300419746
657,859.0,0.1,1.0,2.0,0.0,0.5,400.0,2.0743334309639265,1.6364418606448323,2.5744453955174817,1.9418597517619602
658,859.0,0.1,1.0,2.0,0.01,0.1,400.0,1.8132530292060944,1.3501441532758711,2.729008439406946,2.165229078330755
659,859.0,0.1,1.0,2.0,0.01,0.5,400.0,1.979519429604384,1.473811661934752,2.5136658315068843,1.9289198888467058
660,859.0,0.1,1.0,2.0,0.01,0.9,400.0,2.3644298761990954,1.9866944209056954,2.539336890501896,1.9584530783123717
661,859.0,0.1,1.0,2.0,0.05,0.1,400.0,1.7482791729148326,1.3401558383453935,2.8509515218113055,2.29708098505685
662,859.0,0.1,1.0,2.0,0.05,0.5,400.0,1.8752832096466812,1.3395568430114337,2.6757979803760463,2.106431153085239
663,859.0,0.1,1.0,2.0,0.05,0.9,400.0,1.980483744720009,1.5067180221150505,2.5506853852116436,1.989206459074841
664,859.0,0.1,1.0,3.0,0.0,0.1,400.0,1.7883330439817025,1.3863394522728487,2.9778218738162914,2.3697277841102533
665,859.0,0.1,1.0,3.0,0.0,0.5,400.0,2.2942568583621603,1.8551249312913454,2.583086284516986,1.9028504947848706
666,859.0,0.1,1.0,3.0,0.01,0.1,400.0,1.8681733174320436,1.4718704082590104,3.2198384208032076,2.538975398722415
667,859.0,0.1,1.0,3.0,0.01,0.5,400.0,2.1677611409998043,1.6625394592903497,2.5668385516384546,1.8909814954469428
668,859.0,0.1,1.0,3.0,0.01,0.9,400.0,2.4620594668087765,2.1031361828912325,2.1714583027167658,1.7566661366655976
669,859.0,0.1,1.0,3.0,0.05,0.1,400.0,1.8645750668156957,1.4930769703407594,3.3182524433947993,2.6576471968038926
670,859.0,0.1,1.0,3.0,0.05,0.5,400.0,1.9741848918320801,1.5152697205751455,2.6843894217799615,2.0980188030456213
671,859.0,0.1,1.0,3.0,0.05,0.9,400.0,2.175907982579861,1.7104740740534308,2.2942232467090564,1.8165209630440384
672,859.0,0.1,2.0,1.0,0.0,0.1,400.0,2.2064625985613167,1.906143284682135,2.164912345796593,1.7011421451724285
673,859.0,0.1,2.0,1.0,0.0,0.5,400.0,2.2454483894644803,1.9041290242682367,2.4185881553529773,1.9064019743889458
674,859.0,0.1,2.0,1.0,0.01,0.1,400.0,2.238896785303076,1.9536703493903687,2.209286313658914,1.7226310156122853
675,859.0,0.1,2.0,1.0,0.01,0.5,400.0,2.2573582627899893,1.9516551901818013,2.3388418756569522,1.8451697999556227
676,859.0,0.1,2.0,1.0,0.01,0.9,400.0,2.3212297612337816,1.9955176363820595,1.8313896835828767,1.49233264740845
677,859.0,0.1,2.0,1.0,0.05,0.1,400.0,2.2811655686245262,2.0096797889690325,2.1752241395777623,1.6971206134134589
678,859.0,0.1,2.0,1.0,0.05,0.5,400.0,2.2547360623212818,1.904360307498835,2.180259791906016,1.7269482366180213
679,859.0,0.1,2.0,1.0,0.05,0.9,400.0,2.299430876880319,1.9395809396964803,2.2151939320040346,1.776239044603798
680,859.0,0.1,2.0,2.0,0.0,0.1,400.0,1.8550343922714065,1.3345621565230494,2.6775398535809085,2.031665296502491
681,859.0,0.1,2.0,2.0,0.0,0.5,400.0,2.205171205817719,1.8912121070340906,2.3003277515211558,1.7495532889483605
682,859.0,0.1,2.0,2.0,0.01,0.1,400.0,1.8575566522587779,1.348722620011497,2.6765484964439716,2.0637408806992137
683,859.0,0.1,2.0,2.0,0.01,0.5,400.0,2.1322608997677026,1.762753586072878,2.3143862460067464,1.741997920904316
684,859.0,0.1,2.0,2.0,0.01,0.9,400.0,2.430223863362391,2.093252628247152,2.235446363522999,1.7747521630755567
685,859.0,0.1,2.0,2.0,0.05,0.1,400.0,1.8253722915750856,1.2878918477958519,2.6558277352202104,2.0472978508648696
686,859.0,0.1,2.0,2.0,0.05,0.5,400.0,1.953308376476403,1.5075675325236455,2.4050066693133028,1.8832638030396
687,859.0,0.1,2.0,2.0,0.05,0.9,400.0,2.216967159365,1.8265556039251931,2.314596880733345,1.822227586084489
688,859.0,0.1,2.0,3.0,0.0,0.1,400.0,1.9923580537526513,1.5046417075713814,2.818878517248206,2.0823850158008175
689,859.0,0.1,2.0,3.0,0.0,0.5,400.0,2.332890229694736,1.9617910579444564,2.592961719255237,1.8372519712790312
690,859.0,0.1,2.0,3.0,0.01,0.1,400.0,2.0999127650187255,1.6266289007855141,2.8586543387474705,2.087185030383703
691,859.0,0.1,2.0,3.0,0.01,0.5,400.0,2.2729843095917674,1.8783410049543836,2.4706066514114475,1.7702075790318186
692,859.0,0.1,2.0,3.0,0.01,0.9,400.0,2.5209076166074262,2.2016825156182485,2.2834449099397065,1.6989593534440093
693,859.0,0.1,2.0,3.0,0.05,0.1,400.0,1.9961179762357888,1.4590514890119077,2.8525147664796027,2.1563337814595003
694,859.0,0.1,2.0,3.0,0.05,0.5,400.0,2.0072749260746057,1.6023661816473433,2.489369587341112,1.8468275510993417
695,859.0,0.1,2.0,3.0,0.05,0.9,400.0,2.1152325749563667,1.687182869173041,2.4551239059253476,1.758721658626451
696,859.0,0.1,3.0,1.0,0.0,0.1,400.0,2.2828326841819098,2.077889782881722,2.1464372825934164,1.6946861261430368
697,859.0,0.1,3.0,1.0,0.0,0.5,400.0,2.5346264911979897,2.2394657684278934,2.2383688299482047,1.8089128037217546
698,859.0,0.1,3.0,1.0,0.01,0.1,400.0,2.324797179899504,2.1129999671805786,2.139264543795562,1.6827001250196847
699,859.0,0.1,3.0,1.0,0.01,0.5,400.0,2.399261055963207,2.092865709040672,1.9854667827195605,1.5924006304431673
700,859.0,0.1,3.0,1.0,0.01,0.9,400.0,2.03139858123375,1.625765422929204,2.0347482526240346,1.6613907841364361
701,859.0,0.1,3.0,1.0,0.05,0.1,400.0,2.3701771820990634,2.1385123172651803,2.1394019454168527,1.6783095353408446
702,859.0,0.1,3.0,1.0,0.05,0.5,400.0,2.538968992734335,2.3018654443597333,2.1185449178837796,1.730691298634703
703,859.0,0.1,3.0,1.0,0.05,0.9,400.0,2.1539786779279733,1.7889684031745654,2.300085948612895,1.879757279430859
704,859.0,0.1,3.0,2.0,0.0,0.1,400.0,2.100629718208465,1.6723338725480692,2.434215353236903,1.8739096013074545
705,859.0,0.1,3.0,2.0,0.0,0.5,400.0,2.3388159252275433,2.0887161484196763,2.3461874761680086,1.8682461757848716
706,859.0,0.1,3.0,2.0,0.01,0.1,400.0,2.076085641630643,1.6912690122202305,2.4145163086088273,1.880483094452476
707,859.0,0.1,3.0,2.0,0.01,0.5,400.0,2.25935924071867,1.9765435507938571,2.2602903744294665,1.7857007205506956
708,859.0,0.1,3.0,2.0,0.01,0.9,400.0,2.458936565712137,2.0420352646571662,2.048473454859589,1.6971909979621127
709,859.0,0.1,3.0,2.0,0.05,0.1,400.0,2.0226823189858343,1.564030278641049,2.4607204831729326,1.8813861428072898
710,859.0,0.1,3.0,2.0,0.05,0.5,400.0,2.154114627426158,1.8490375246392068,2.219274799764205,1.725638954520426
711,859.0,0.1,3.0,2.0,0.05,0.9,400.0,2.1739320283023593,1.8056461347970296,2.1548265568708125,1.7337840931530502
712,859.0,0.1,3.0,3.0,0.0,0.1,400.0,2.2421942183251318,1.7734655158970247,2.414675090226705,1.8227745249391565
713,859.0,0.1,3.0,3.0,0.0,0.5,400.0,2.4350897629005903,2.1011109077947,2.523231908732739,1.8585875717404094
714,859.0,0.1,3.0,3.0,0.01,0.1,400.0,2.249325226467996,1.8054728659156363,2.605198470010408,1.9249082674855995
715,859.0,0.1,3.0,3.0,0.01,0.5,400.0,2.42015258244298,2.057348349252701,2.4177682749831417,1.810778239632089
716,859.0,0.1,3.0,3.0,0.01,0.9,400.0,2.502228338747091,2.1447203190583077,2.300141126061474,1.8139337870556933
717,859.0,0.1,3.0,3.0,0.05,0.1,400.0,2.2263017132404346,1.7425891375516862,2.591474691933622,1.9170159981592192
718,859.0,0.1,3.0,3.0,0.05,0.5,400.0,2.2905198083980443,1.8873201981923773,2.4738451729352624,1.8897631299185222
719,859.0,0.1,3.0,3.0,0.05,0.9,400.0,2.390732351643562,2.0299190599143886,2.3302346239912386,1.7707225836600924
