,seed,lr,n_estimators,rmse,mae
0,860.0,0.05,10.0,213.07877329503748,62.12251310757631
1,860.0,0.05,20.0,212.7324627219292,60.940517159693336
2,860.0,0.05,30.0,212.59915917729543,60.5903978133907
3,860.0,0.05,50.0,212.49953705346746,61.09874351981124
4,860.0,0.05,100.0,212.52443555777955,62.412779945621836
5,860.0,0.05,150.0,212.52229685894926,62.3896325187006
6,860.0,0.1,10.0,212.75032618479162,60.85199087619781
7,860.0,0.1,20.0,212.52619596081536,60.95392753313279
8,860.0,0.1,30.0,212.50385379248732,61.14604897538586
9,860.0,0.1,50.0,212.52761889503037,62.4020095457269
10,860.0,0.1,100.0,212.46432373228131,61.501116232716825
11,860.0,0.1,150.0,212.61448870761532,60.95985392398383
12,860.0,0.25,10.0,212.54675586665107,60.9206529784908
13,860.0,0.25,20.0,212.55183462364027,60.713018137632744
14,860.0,0.25,30.0,212.44577590367342,61.58753443430162
15,860.0,0.25,50.0,212.59072831116364,60.54969803657757
16,860.0,0.25,100.0,212.5931274748646,61.809382818436475
17,860.0,0.25,150.0,212.5553382111164,61.25088669443978
18,860.0,0.5,10.0,212.44701777299733,61.56697740458878
19,860.0,0.5,20.0,212.57671785889772,60.71050511884972
20,860.0,0.5,30.0,212.5965077226639,60.49222421804123
21,860.0,0.5,50.0,212.6222836214395,61.78119740768298
22,860.0,0.5,100.0,213.13637617608939,62.83807160089707
23,860.0,0.5,150.0,212.85640971032348,62.95118322902882
24,860.0,1.0,10.0,212.76034329489346,61.65756435433788
25,860.0,1.0,20.0,212.5071865483701,61.685811206603184
26,860.0,1.0,30.0,212.81771402937125,62.17373639134965
27,860.0,1.0,50.0,212.88028951424639,62.87627766451187
28,860.0,1.0,100.0,212.6699946677283,62.27875256730255
29,860.0,1.0,150.0,212.70050271624433,62.16347089231367
30,861.0,0.05,10.0,44.22841453981972,24.24118004166868
31,861.0,0.05,20.0,45.401678851685745,26.45510259724227
32,861.0,0.05,30.0,45.80411906312308,27.305657348519947
33,861.0,0.05,50.0,45.04765196175276,26.430494004368075
34,861.0,0.05,100.0,42.76719334008969,21.087736456605807
35,861.0,0.05,150.0,42.760212897040255,21.10004256287975
36,861.0,0.1,10.0,45.49538846847631,26.701785454496125
37,861.0,0.1,20.0,45.137800535002626,26.26086229375128
38,861.0,0.1,30.0,45.00135247996261,26.3505426834603
39,861.0,0.1,50.0,42.78661816101773,21.0397350666791
40,861.0,0.1,100.0,43.96651143638783,21.52554854511509
41,861.0,0.1,150.0,44.20825735504381,22.05447912024323
42,861.0,0.25,10.0,45.054802150649,26.421941698570926
43,861.0,0.25,20.0,44.87775388545653,26.042777277816683
44,861.0,0.25,30.0,42.839202992649625,20.90478643112634
45,861.0,0.25,50.0,44.06244088953503,21.365335989957728
46,861.0,0.25,100.0,43.80900586816419,21.668944756773094
47,861.0,0.25,150.0,44.45530279564754,24.68809264202795
48,861.0,0.5,10.0,42.83008334831736,20.941294675409438
49,861.0,0.5,20.0,44.08214287220426,21.335905112317324
50,861.0,0.5,30.0,44.35774555527844,21.758346304583124
51,861.0,0.5,50.0,44.16745060169324,23.872919106116665
52,861.0,0.5,100.0,44.70880874109711,24.84019562416528
53,861.0,0.5,150.0,44.87725284463645,25.144235070555872
54,861.0,1.0,10.0,45.17470372791461,25.968697836159247
55,861.0,1.0,20.0,44.34628936373219,22.727476544577694
56,861.0,1.0,30.0,43.746353948233505,23.32043526767979
57,861.0,1.0,50.0,44.86114584451318,24.502647217349892
58,861.0,1.0,100.0,45.50932650996147,26.191332378387454
59,861.0,1.0,150.0,44.994747365721516,25.679601965232717
60,862.0,0.05,10.0,212.91308831047775,55.66982863536247
61,862.0,0.05,20.0,213.49037588257352,58.827044129484506
62,862.0,0.05,30.0,213.17669767374977,58.65301005106705
63,862.0,0.05,50.0,212.7514720436099,57.39762716411839
64,862.0,0.05,100.0,212.86894952432834,55.78850008236586
65,862.0,0.05,150.0,212.88586994135562,55.74334413556657
66,862.0,0.1,10.0,213.6264353733355,58.928877620809885
67,862.0,0.1,20.0,213.08715111337108,58.417558271645085
68,862.0,0.1,30.0,212.85745781304234,56.01411889206022
69,862.0,0.1,50.0,212.88877213180356,55.74022995147479
70,862.0,0.1,100.0,212.75291473382632,56.4387252212276
71,862.0,0.1,150.0,212.7701341947459,56.37519268611479
72,862.0,0.25,10.0,212.77251555676798,57.41611336013973
73,862.0,0.25,20.0,212.85955621160824,55.895928812421985
74,862.0,0.25,30.0,212.7897591683731,56.31677400560774
75,862.0,0.25,50.0,212.7713087704456,56.36165915173186
76,862.0,0.25,100.0,212.85003649058578,59.10817130351208
77,862.0,0.25,150.0,212.856659107549,59.06376804899181
78,862.0,0.5,10.0,212.84375617795268,55.92802795049001
79,862.0,0.5,20.0,213.22559618164385,57.98072290911476
80,862.0,0.5,30.0,212.94753357613396,58.720867397771066
81,862.0,0.5,50.0,212.89146581392535,58.87398229220915
82,862.0,0.5,100.0,213.10929013354678,58.88906608527933
83,862.0,0.5,150.0,213.1484297975105,58.689050316979895
84,862.0,1.0,10.0,213.14509737290524,57.57985729601255
85,862.0,1.0,20.0,213.1111195964736,57.64469586620669
86,862.0,1.0,30.0,213.0651746421645,57.92013634526517
87,862.0,1.0,50.0,213.00387990782346,57.80914071359577
88,862.0,1.0,100.0,213.06507992265702,58.00203311547724
89,862.0,1.0,150.0,212.72491833839035,56.462865067995494
90,863.0,0.05,10.0,29.870486244885704,19.38398326473123
91,863.0,0.05,20.0,39.16596895413457,25.63145794958758
92,863.0,0.05,30.0,37.74997606083174,24.63786302216659
93,863.0,0.05,50.0,38.94989074905467,24.756280289147732
94,863.0,0.05,100.0,38.91591890886532,24.883117055385068
95,863.0,0.05,150.0,38.916051780371745,24.863023027499043
96,863.0,0.1,10.0,37.86456570602684,24.913637897841326
97,863.0,0.1,20.0,37.72814700594026,24.0367345864674
98,863.0,0.1,30.0,38.932909497851306,24.688415783989356
99,863.0,0.1,50.0,38.91636565414888,24.837236342684047
100,863.0,0.1,100.0,38.917535180203124,24.76766216887525
101,863.0,0.1,150.0,38.9415577518588,24.650956819184437
102,863.0,0.25,10.0,39.03208483734498,24.887926220978507
103,863.0,0.25,20.0,38.917278464917196,24.77843045545048
104,863.0,0.25,30.0,38.91898002770979,24.706672703218178
105,863.0,0.25,50.0,38.922943325049694,24.59260055812858
106,863.0,0.25,100.0,37.04664299525671,25.992894297718294
107,863.0,0.25,150.0,36.919961821071965,26.456516987727237
108,863.0,0.5,10.0,38.91724367213679,24.780232067559602
109,863.0,0.5,20.0,38.92536480735982,24.538187039166512
110,863.0,0.5,30.0,38.93066067705319,24.439388637204143
111,863.0,0.5,50.0,40.86136827579411,27.350294315688
112,863.0,0.5,100.0,36.74554413211563,26.686549784361258
113,863.0,0.5,150.0,34.015340354471704,23.41432905360792
114,863.0,1.0,10.0,38.931116074290756,24.431780155791333
115,863.0,1.0,20.0,36.30875900182114,24.760530085366156
116,863.0,1.0,30.0,38.30570035548804,26.95143492647882
117,863.0,1.0,50.0,37.83222691984588,27.02868480106783
118,863.0,1.0,100.0,36.64425485550175,25.403608942088294
119,863.0,1.0,150.0,35.85823575106229,25.413640284002174
120,864.0,0.05,10.0,29.784114590419854,18.742273837518415
121,864.0,0.05,20.0,36.473437934011514,23.292895281808615
122,864.0,0.05,30.0,32.2171640798568,20.27756556448852
123,864.0,0.05,50.0,32.682964403402735,18.95931053364771
124,864.0,0.05,100.0,32.427118696844886,18.62312317876421
125,864.0,0.05,150.0,30.931221553832465,18.704718046470507
126,864.0,0.1,10.0,27.74821178781545,17.294278737525264
127,864.0,0.1,20.0,29.82275848751732,19.067544417409504
128,864.0,0.1,30.0,33.4675727040935,20.333508306819308
129,864.0,0.1,50.0,32.306454187209475,18.522176703955292
130,864.0,0.1,100.0,35.92487892956228,22.57643732127353
131,864.0,0.1,150.0,36.11752268553794,23.152929318106384
132,864.0,0.25,10.0,32.760631375758486,19.10917531532649
133,864.0,0.25,20.0,32.358079280767186,18.446611733972674
134,864.0,0.25,30.0,31.976014055209497,18.31602680996325
135,864.0,0.25,50.0,35.93342136289882,22.459752967653895
136,864.0,0.25,100.0,41.09518750154017,24.92817364794263
137,864.0,0.25,150.0,40.823310005945174,24.036138747909366
138,864.0,0.5,10.0,30.59235102281899,17.858118603949013
139,864.0,0.5,20.0,35.90397598138979,22.283626838887233
140,864.0,0.5,30.0,41.03083831606773,24.803478455063864
141,864.0,0.5,50.0,43.81542079571966,26.127168125400882
142,864.0,0.5,100.0,28.15155929274271,18.34446094558084
143,864.0,0.5,150.0,27.727060020552074,18.6848164136311
144,864.0,1.0,10.0,31.83900037137283,17.962011119853816
145,864.0,1.0,20.0,42.64122025906777,25.614936033903493
146,864.0,1.0,30.0,39.40194450800903,23.542283131131054
147,864.0,1.0,50.0,28.28235847521304,18.358155355961365
148,864.0,1.0,100.0,30.510796454027005,18.914195492987098
149,864.0,1.0,150.0,44.892263903156866,31.11073386705839
150,865.0,0.05,10.0,215.02742955996533,65.95622644434313
151,865.0,0.05,20.0,214.77781224792082,65.26998501543461
152,865.0,0.05,30.0,214.84299620546724,64.88682516600252
153,865.0,0.05,50.0,214.9016725841159,64.66011687086883
154,865.0,0.05,100.0,214.77317437352298,65.20293268401241
155,865.0,0.05,150.0,215.0196281171357,64.26724105959107
156,865.0,0.1,10.0,214.76932143429124,64.9610799300741
157,865.0,0.1,20.0,214.87216918718005,65.0203071278792
158,865.0,0.1,30.0,214.82742390978478,65.01757895063366
159,865.0,0.1,50.0,214.99281138846086,64.00584324007204
160,865.0,0.1,100.0,215.4263250332606,66.76907153651558
161,865.0,0.1,150.0,214.93338078814767,64.8600406898267
162,865.0,0.25,10.0,214.89184706037386,64.97224566741806
163,865.0,0.25,20.0,215.13450750505731,64.45650766767693
164,865.0,0.25,30.0,214.9421132395422,64.30272347455899
165,865.0,0.25,50.0,215.04690118201967,64.42104758629432
166,865.0,0.25,100.0,214.58825649888107,64.78465540186187
167,865.0,0.25,150.0,215.00582977842677,65.77258185183508
168,865.0,0.5,10.0,215.1477406853971,64.18167423451439
169,865.0,0.5,20.0,215.61310297811178,65.04559463089035
170,865.0,0.5,30.0,214.84060396968434,64.14966150526463
171,865.0,0.5,50.0,215.15825307153105,66.47787995761668
172,865.0,0.5,100.0,215.35207940180356,67.49513919130584
173,865.0,0.5,150.0,215.44056003794992,67.50467731628191
174,865.0,1.0,10.0,215.32148077810743,65.86611679483447
175,865.0,1.0,20.0,215.17941193762766,66.4422597859738
176,865.0,1.0,30.0,214.90152937834011,63.83483005207672
177,865.0,1.0,50.0,215.5206944930615,66.12353530229197
178,865.0,1.0,100.0,215.0625279174389,65.01377699180466
179,865.0,1.0,150.0,215.12857682052896,64.29530236300631
180,866.0,0.05,10.0,37.717236105854326,26.02239059978688
181,866.0,0.05,20.0,41.69642493552082,28.764010029234125
182,866.0,0.05,30.0,41.67476832799167,28.67508975074136
183,866.0,0.05,50.0,43.89976183693996,30.219581926052385
184,866.0,0.05,100.0,47.42937319337326,32.966691152358194
185,866.0,0.05,150.0,41.930844320060174,29.745394261377097
186,866.0,0.1,10.0,41.75704753690209,28.8357350769833
187,866.0,0.1,20.0,41.459617554970656,29.07640453237048
188,866.0,0.1,30.0,44.391274439250324,31.08402879376383
189,866.0,0.1,50.0,47.47603330312809,32.991289191161385
190,866.0,0.1,100.0,41.828485769927504,29.676424670247638
191,866.0,0.1,150.0,46.710749999677425,31.861625835824995
192,866.0,0.25,10.0,37.42414661451753,26.19869131494556
193,866.0,0.25,20.0,45.16016415609054,31.623077897799796
194,866.0,0.25,30.0,41.95024327163792,29.67558980456471
195,866.0,0.25,50.0,43.136565753813905,29.36095164236938
196,866.0,0.25,100.0,42.271249834298594,29.723569295928325
197,866.0,0.25,150.0,57.69138352265641,35.331979537772
198,866.0,0.5,10.0,47.49824547414496,32.95639722321866
199,866.0,0.5,20.0,40.7792544338438,28.531869083212676
200,866.0,0.5,30.0,44.17902315815418,29.74653513716523
201,866.0,0.5,50.0,40.1718537988122,27.27318475412899
202,866.0,0.5,100.0,54.66492601252124,33.87500330151891
203,866.0,0.5,150.0,53.917789031572845,34.26066979515482
204,866.0,1.0,10.0,41.8749584108189,29.414947243583274
205,866.0,1.0,20.0,55.17063476513326,33.118989117526446
206,866.0,1.0,30.0,54.03245045859408,32.47431157004904
207,866.0,1.0,50.0,57.53334545359248,33.91531867004711
208,866.0,1.0,100.0,40.41305861600894,28.105328788588032
209,866.0,1.0,150.0,51.37145783331161,33.682642164568925
210,867.0,0.05,10.0,33.14228246511683,22.899582731145376
211,867.0,0.05,20.0,33.533748088818626,22.47396273449328
212,867.0,0.05,30.0,28.673574966982656,21.44156397424506
213,867.0,0.05,50.0,40.9325711922594,22.65607954375137
214,867.0,0.05,100.0,40.17335773286064,21.815159395770912
215,867.0,0.05,150.0,49.89786797496632,22.95901566607007
216,867.0,0.1,10.0,32.97649088640917,22.064744519566645
217,867.0,0.1,20.0,28.21617624617296,20.48108923985408
218,867.0,0.1,30.0,39.80526245736357,21.925279830503744
219,867.0,0.1,50.0,39.46809003346767,21.28372744029796
220,867.0,0.1,100.0,30.88479106081444,19.113603445369108
221,867.0,0.1,150.0,39.9387226409424,27.296585476835805
222,867.0,0.25,10.0,41.075308962405956,23.02966856454251
223,867.0,0.25,20.0,39.131111783673425,21.436997392981713
224,867.0,0.25,30.0,50.12553844080482,23.34169256599697
225,867.0,0.25,50.0,39.3573946447814,25.75313879351644
226,867.0,0.25,100.0,38.36877536995145,26.478429099878614
227,867.0,0.25,150.0,31.212723159975642,21.89470882683816
228,867.0,0.5,10.0,38.36451423264712,20.684525819022273
229,867.0,0.5,20.0,39.787310469175864,25.917106070038837
230,867.0,0.5,30.0,39.555769184696715,25.95422076496147
231,867.0,0.5,50.0,35.20734874905582,23.917657364388187
232,867.0,0.5,100.0,31.46369740312504,21.300166072196507
233,867.0,0.5,150.0,45.04134771083801,28.764479704862516
234,867.0,1.0,10.0,39.55618975775746,25.933064590262237
235,867.0,1.0,20.0,34.97901920168591,23.115585785984283
236,867.0,1.0,30.0,30.781996969053147,20.48727564258688
237,867.0,1.0,50.0,30.977288373655956,20.916445945988038
238,867.0,1.0,100.0,20.674628427456703,17.459494642844565
239,867.0,1.0,150.0,43.610656111641134,28.768771837279637
240,868.0,0.05,10.0,212.0945704619726,54.06875207463664
241,868.0,0.05,20.0,213.1324402018195,59.287936022718974
242,868.0,0.05,30.0,213.1137398467228,59.71854351605183
243,868.0,0.05,50.0,212.13632275603376,55.533909291769625
244,868.0,0.05,100.0,212.07389418734058,54.77569658561571
245,868.0,0.05,150.0,211.99065360519774,54.92987915360715
246,868.0,0.1,10.0,213.06884045462053,58.985368718310916
247,868.0,0.1,20.0,212.7102432898524,58.16463687549681
248,868.0,0.1,30.0,212.02779049932724,55.18827889882601
249,868.0,0.1,50.0,211.95883140904,55.11864201523142
250,868.0,0.1,100.0,211.99260006805633,54.88995410653966
251,868.0,0.1,150.0,211.98759098696206,54.7911804961594
252,868.0,0.25,10.0,213.02290473572603,58.117693837295626
253,868.0,0.25,20.0,211.94857045542324,54.86902799521677
254,868.0,0.25,30.0,211.9427354716144,53.77806614232485
255,868.0,0.25,50.0,211.84847742602628,54.62771494024604
256,868.0,0.25,100.0,212.72144092244753,57.668921261003035
257,868.0,0.25,150.0,212.8845605317698,57.10787515696689
258,868.0,0.5,10.0,211.9864028599502,54.67346631806278
259,868.0,0.5,20.0,211.87775553061547,54.279347501393616
260,868.0,0.5,30.0,212.9383401655804,57.36819213957477
261,868.0,0.5,50.0,212.87336667877656,58.01089179115182
262,868.0,0.5,100.0,212.82759694587833,56.5162512267976
263,868.0,0.5,150.0,212.27507617845285,54.91304390032615
264,868.0,1.0,10.0,212.99178986009457,56.99105724735373
265,868.0,1.0,20.0,213.11151885288706,56.610956745655585
266,868.0,1.0,30.0,212.78137703094984,56.259622569620255
267,868.0,1.0,50.0,212.25275140179323,54.826104342725856
268,868.0,1.0,100.0,211.94102145738685,54.17449701632268
269,868.0,1.0,150.0,211.99800545211014,54.54906092193705
270,869.0,0.05,10.0,34.60979337613558,21.958848381663216
271,869.0,0.05,20.0,33.51716053357004,20.123365622638953
272,869.0,0.05,30.0,53.20200597599542,25.62070124908312
273,869.0,0.05,50.0,32.747500611857134,19.636073413487726
274,869.0,0.05,100.0,38.36815298747724,22.458699424337354
275,869.0,0.05,150.0,37.621924985132516,22.093416908309308
276,869.0,0.1,10.0,33.92995696764511,21.324246298603757
277,869.0,0.1,20.0,46.759021461580765,23.74215926695152
278,869.0,0.1,30.0,38.05684541107915,22.81264516000917
279,869.0,0.1,50.0,37.94912059072001,22.564404402738496
280,869.0,0.1,100.0,34.299541540077776,21.45419513815253
281,869.0,0.1,150.0,34.06246649733454,22.522619233272483
282,869.0,0.25,10.0,33.490058088294745,19.77716200241676
283,869.0,0.25,20.0,35.43227782139771,21.872174956643367
284,869.0,0.25,30.0,34.00281953024644,21.08974576983931
285,869.0,0.25,50.0,33.75081877257155,21.372100640810455
286,869.0,0.25,100.0,34.21152492700979,22.02028813965927
287,869.0,0.25,150.0,38.275531489097126,24.338261077587426
288,869.0,0.5,10.0,34.35839204249009,19.911707578297904
289,869.0,0.5,20.0,32.87357467188776,20.37576695216478
290,869.0,0.5,30.0,36.56457622728664,23.072312186427368
291,869.0,0.5,50.0,35.37474839780486,22.468747390148906
292,869.0,0.5,100.0,35.673141660962905,22.86716566040671
293,869.0,0.5,150.0,44.45719239354168,26.94872799952355
294,869.0,1.0,10.0,34.08075992865206,22.212983223672445
295,869.0,1.0,20.0,34.46934345833496,21.398968641292413
296,869.0,1.0,30.0,50.3610367762502,29.76577014031495
297,869.0,1.0,50.0,44.349488737315674,26.45377890931079
298,869.0,1.0,100.0,40.627811959845246,24.286144880091648
299,869.0,1.0,150.0,38.57118012147381,23.47279113109295
300,870.0,0.05,10.0,49.52158706362406,30.070788119276603
301,870.0,0.05,20.0,49.89509356877774,25.853863154699106
302,870.0,0.05,30.0,50.39317362599992,25.04998372884897
303,870.0,0.05,50.0,58.97196358030965,25.836417722589168
304,870.0,0.05,100.0,84.90047677721918,32.876896041328386
305,870.0,0.05,150.0,83.11914209994465,33.09395652184119
306,870.0,0.1,10.0,49.39970523044226,25.39065229647258
307,870.0,0.1,20.0,53.764749345882265,24.366689627100026
308,870.0,0.1,30.0,37.97120820124351,23.830532022340766
309,870.0,0.1,50.0,82.74761015158008,32.35516424145219
310,870.0,0.1,100.0,91.04529104346427,35.55204479240102
311,870.0,0.1,150.0,92.61252267909897,36.83050527758852
312,870.0,0.25,10.0,58.97606266107756,25.797965778655556
313,870.0,0.25,20.0,85.662560256841,35.102299710335814
314,870.0,0.25,30.0,83.25720961536977,33.63039410653198
315,870.0,0.25,50.0,93.67464287273242,37.79975973716149
316,870.0,0.25,100.0,44.87924836946784,25.96857016642418
317,870.0,0.25,150.0,44.16487551777786,24.65870820649277
318,870.0,0.5,10.0,38.00712857138588,24.143430876421505
319,870.0,0.5,20.0,91.27142710002217,36.14995812686943
320,870.0,0.5,30.0,93.70549419201795,37.85709922378585
321,870.0,0.5,50.0,58.72420994892354,29.127940660454115
322,870.0,0.5,100.0,36.71610803777149,22.50278628941824
323,870.0,0.5,150.0,49.40333665634371,29.571626883230266
324,870.0,1.0,10.0,93.66319189223334,37.74242062974964
325,870.0,1.0,20.0,45.791646065154104,25.485593481289566
326,870.0,1.0,30.0,39.76089123050122,25.602128402213378
327,870.0,1.0,50.0,37.928242264889114,22.431832958255296
328,870.0,1.0,100.0,48.93094527267785,30.268225702759782
329,870.0,1.0,150.0,49.585613062489486,30.17428136786061
330,871.0,0.05,10.0,215.68810675542753,61.712950891094096
331,871.0,0.05,20.0,215.67062956334678,62.8428185311718
332,871.0,0.05,30.0,215.7631209918302,62.62214112140723
333,871.0,0.05,50.0,215.68735811227654,62.63284261613203
334,871.0,0.05,100.0,215.5212494501529,62.66252220503677
335,871.0,0.05,150.0,215.52917393023714,62.63212998147547
336,871.0,0.1,10.0,215.77558165404685,62.55448644480056
337,871.0,0.1,20.0,215.72019342453964,62.565708734523604
338,871.0,0.1,30.0,215.56267831073373,62.64384035539345
339,871.0,0.1,50.0,215.55166044746107,62.5589995485791
340,871.0,0.1,100.0,215.5632933405862,62.60347595259988
341,871.0,0.1,150.0,215.55687868768484,62.467906209505514
342,871.0,0.25,10.0,215.6684280562915,62.819327009754055
343,871.0,0.25,20.0,215.64189758737928,62.24243641373674
344,871.0,0.25,30.0,215.57926991914528,62.450983937393275
345,871.0,0.25,50.0,215.71626648547843,62.00138926624546
346,871.0,0.25,100.0,215.57499808087476,62.05823834977911
347,871.0,0.25,150.0,215.53545930549726,62.1041132704605
348,871.0,0.5,10.0,215.7641423913952,61.92036699802917
349,871.0,0.5,20.0,215.74481940342534,61.974441272690456
350,871.0,0.5,30.0,215.81652099030444,61.77268439665348
351,871.0,0.5,50.0,215.54316735348888,62.063979745108696
352,871.0,0.5,100.0,215.55071088148867,62.58809365763466
353,871.0,0.5,150.0,215.55580944677357,63.140929144176496
354,871.0,1.0,10.0,215.7024252540264,61.760393063020416
355,871.0,1.0,20.0,215.40524915452414,62.01059933566483
356,871.0,1.0,30.0,215.7363687507608,62.12272147991248
357,871.0,1.0,50.0,215.76732011284423,62.55743773353169
358,871.0,1.0,100.0,215.41357429962775,62.89256969818701
359,871.0,1.0,150.0,215.4250371495171,62.99863216405789
360,872.0,0.05,10.0,215.19059718917245,59.78979283098638
361,872.0,0.05,20.0,214.979959800261,60.381676025108476
362,872.0,0.05,30.0,214.96227259180756,60.35046771280864
363,872.0,0.05,50.0,214.57745008755427,60.80725113642992
364,872.0,0.05,100.0,214.83187596083252,59.99186653374214
365,872.0,0.05,150.0,214.81972026743958,60.03130923226035
366,872.0,0.1,10.0,214.988185131298,60.277051056997315
367,872.0,0.1,20.0,214.57290316382816,60.99622205759647
368,872.0,0.1,30.0,214.8347427209103,60.079037557635786
369,872.0,0.1,50.0,214.7989464930356,60.29841919072281
370,872.0,0.1,100.0,214.8004066831806,60.21527346904461
371,872.0,0.1,150.0,214.90583658660367,59.7656348648297
372,872.0,0.25,10.0,214.72031282963368,60.397901037853856
373,872.0,0.25,20.0,214.7857885576951,60.64584326191061
374,872.0,0.25,30.0,214.80205557704016,60.612830026953894
375,872.0,0.25,50.0,214.81755478549746,60.58055936858499
376,872.0,0.25,100.0,214.97913177831302,59.73557265050313
377,872.0,0.25,150.0,214.89993701927818,59.99350414829142
378,872.0,0.5,10.0,214.8115232543537,60.573023009215596
379,872.0,0.5,20.0,214.8458930537492,60.49945701531405
380,872.0,0.5,30.0,215.08374733346577,59.32068621409715
381,872.0,0.5,50.0,214.88704457048144,59.843510600208525
382,872.0,0.5,100.0,214.81338979290032,60.260176192289265
383,872.0,0.5,150.0,214.89717977740838,59.920194803243554
384,872.0,1.0,10.0,215.07886009925744,59.27303691181205
385,872.0,1.0,20.0,215.10065357373836,59.28968925244709
386,872.0,1.0,30.0,214.86796043623357,59.794510000217585
387,872.0,1.0,50.0,214.99999930976475,59.65440426707973
388,872.0,1.0,100.0,214.8082945439316,59.836587408505956
389,872.0,1.0,150.0,214.84512303121596,59.641616106315475
390,873.0,0.05,10.0,37.77196778348626,26.69675419861043
391,873.0,0.05,20.0,37.41908032980301,26.567245516523105
392,873.0,0.05,30.0,39.757556223275856,27.820859966898812
393,873.0,0.05,50.0,39.31149281090457,26.543209852466926
394,873.0,0.05,100.0,40.05890467295347,28.0241696346441
395,873.0,0.05,150.0,36.6795085125945,26.01727322629218
396,873.0,0.1,10.0,38.672342419794425,26.94942566541525
397,873.0,0.1,20.0,39.315572297515416,26.50489721625514
398,873.0,0.1,30.0,39.83448816756632,27.482787091407552
399,873.0,0.1,50.0,36.67888835828147,25.978764108172534
400,873.0,0.1,100.0,36.67863428666761,25.95098918158627
401,873.0,0.1,150.0,36.718841022682014,26.271141429709257
402,873.0,0.25,10.0,39.3193749676806,26.618672214146905
403,873.0,0.25,20.0,39.69816664304888,27.69012111342165
404,873.0,0.25,30.0,36.67854592699414,25.898327016322572
405,873.0,0.25,50.0,36.679024029891416,25.85538439660383
406,873.0,0.25,100.0,36.66042097631685,25.66304315781452
407,873.0,0.25,150.0,32.9857308480497,22.021459342516387
408,873.0,0.5,10.0,39.97639186942714,27.882971148744844
409,873.0,0.5,20.0,36.680819154199526,25.783757448647854
410,873.0,0.5,30.0,36.682272929345174,25.749825325012207
411,873.0,0.5,50.0,36.66976837255003,25.60799772770447
412,873.0,0.5,100.0,46.871285946076654,27.56322015855439
413,873.0,0.5,150.0,44.94015652197822,27.927953685049474
414,873.0,1.0,10.0,36.68377221533556,25.722863377904044
415,873.0,1.0,20.0,36.70189451100875,26.337828992753337
416,873.0,1.0,30.0,37.31604444146172,23.88815690379171
417,873.0,1.0,50.0,48.31701047355342,28.432850563399185
418,873.0,1.0,100.0,44.744543028673164,27.480324856261532
419,873.0,1.0,150.0,45.48857731624368,28.65934594289791
420,874.0,0.05,10.0,30.357229565407202,19.28890977859497
421,874.0,0.05,20.0,43.530252142738306,25.064851778498767
422,874.0,0.05,30.0,32.539922039408644,21.030058499454746
423,874.0,0.05,50.0,54.30645624008915,28.108027468799836
424,874.0,0.05,100.0,43.28244207528616,25.131245899764746
425,874.0,0.05,150.0,43.290577439668596,25.112588892603767
426,874.0,0.1,10.0,32.55917775795679,21.230742365876598
427,874.0,0.1,20.0,33.998902893305946,21.882106579605647
428,874.0,0.1,30.0,33.878369669072065,21.708401053219855
429,874.0,0.1,50.0,43.30011115925875,25.090965955102234
430,874.0,0.1,100.0,35.0895512357098,21.54567180633545
431,874.0,0.1,150.0,34.882548883224615,22.290991443035868
432,874.0,0.25,10.0,54.22857041551106,28.337823036295422
433,874.0,0.25,20.0,43.28728685344062,25.072947678368475
434,874.0,0.25,30.0,43.361299039105255,24.957605238694416
435,874.0,0.25,50.0,34.83899106703114,21.309566413213517
436,874.0,0.25,100.0,35.71365656270448,22.92912870345031
437,874.0,0.25,150.0,34.56019743892795,22.951550762639243
438,874.0,0.5,10.0,43.32284969417457,25.038772491195502
439,874.0,0.5,20.0,43.063827063279895,24.758822759255857
440,874.0,0.5,30.0,34.93317301989116,21.196644807228676
441,874.0,0.5,50.0,34.05500645068491,21.605962882126576
442,874.0,0.5,100.0,33.670924409179605,21.949602035996477
443,874.0,0.5,150.0,34.21552813449646,22.462197549639367
444,874.0,1.0,10.0,34.940313905462254,21.18935828688582
445,874.0,1.0,20.0,35.30831596173554,21.256518466261014
446,874.0,1.0,30.0,40.32950899226482,23.1755213856556
447,874.0,1.0,50.0,39.43824720202094,24.346826649840768
448,874.0,1.0,100.0,33.593129212426376,22.350720786653326
449,874.0,1.0,150.0,34.32429032655023,22.718949011514876
450,875.0,0.05,10.0,35.699423758137655,24.455915114809077
451,875.0,0.05,20.0,36.74124333158012,24.80531024887717
452,875.0,0.05,30.0,35.96125690666094,23.88105488822305
453,875.0,0.05,50.0,41.720514922675676,29.05761697791737
454,875.0,0.05,100.0,39.78496604211083,28.75744851908035
455,875.0,0.05,150.0,39.78472442627668,28.76759696012418
456,875.0,0.1,10.0,36.77552151667325,24.739018533667167
457,875.0,0.1,20.0,41.72198953057913,29.051449234132935
458,875.0,0.1,30.0,41.71446453630277,29.241774895402806
459,875.0,0.1,50.0,39.78594458808956,28.7220583983427
460,875.0,0.1,100.0,35.653362850006516,24.77228797957742
461,875.0,0.1,150.0,36.352361860599984,24.595767097134562
462,875.0,0.25,10.0,41.72193742362745,29.047216472004997
463,875.0,0.25,20.0,39.787621366951576,28.674950485568072
464,875.0,0.25,30.0,39.78852496812624,28.65345256116968
465,875.0,0.25,50.0,35.63667073438293,24.52190967351022
466,875.0,0.25,100.0,40.871937840665595,29.21358887322556
467,875.0,0.25,150.0,40.890596969446655,29.137409499523905
468,875.0,0.5,10.0,39.78778193066524,28.670712926853337
469,875.0,0.5,20.0,35.66033147965825,24.542906346292888
470,875.0,0.5,30.0,36.275885209827486,24.615313562302898
471,875.0,0.5,50.0,40.838443173595174,28.968045853722025
472,875.0,0.5,100.0,40.48539913606293,29.160758635729728
473,875.0,0.5,150.0,36.55554332824291,26.485337483501997
474,875.0,1.0,10.0,35.462470334843445,24.392300143382954
475,875.0,1.0,20.0,40.80890300131234,28.94731367957662
476,875.0,1.0,30.0,40.78786407432857,29.758825881721002
477,875.0,1.0,50.0,40.41587128062807,29.364283039950756
478,875.0,1.0,100.0,39.20241524865543,28.72500962381532
479,875.0,1.0,150.0,38.58896303660904,28.46697660186587
480,876.0,0.05,10.0,53.0482615408383,33.550182890638084
481,876.0,0.05,20.0,50.17356541689377,35.28398523429442
482,876.0,0.05,30.0,45.30282624657003,31.88557738569361
483,876.0,0.05,50.0,45.47303089237119,32.03291004051118
484,876.0,0.05,100.0,72.60592520730957,36.326641601585074
485,876.0,0.05,150.0,72.59571439726402,36.030781009493495
486,876.0,0.1,10.0,50.130523665748434,35.35261682549877
487,876.0,0.1,20.0,45.471261120831066,32.03587792768987
488,876.0,0.1,30.0,44.8243276730341,31.859740124933815
489,876.0,0.1,50.0,72.6112786293688,36.29357601730076
490,876.0,0.1,100.0,73.053826639472,36.74032980236076
491,876.0,0.1,150.0,61.545091266283954,38.44419894325663
492,876.0,0.25,10.0,44.669845998622655,31.80944563453719
493,876.0,0.25,20.0,72.57590377836569,36.046346245602045
494,876.0,0.25,30.0,72.57861480297055,36.010708624258555
495,876.0,0.25,50.0,47.71037106172292,31.007210488178323
496,876.0,0.25,100.0,48.6628621261814,34.56494962195673
497,876.0,0.25,150.0,47.04744637445237,32.88571154436416
498,876.0,0.5,10.0,45.43533502156618,32.4025562442125
499,876.0,0.5,20.0,72.98496208874217,36.46912778470643
500,876.0,0.5,30.0,48.63110332800023,34.73945534756903
501,876.0,0.5,50.0,61.5623031303248,38.31306259781651
502,876.0,0.5,100.0,47.70712629743708,32.51638003682244
503,876.0,0.5,150.0,49.9301298441765,32.58952687049053
504,876.0,1.0,10.0,47.18101732533506,30.212603170631905
505,876.0,1.0,20.0,59.462859293409565,37.0732300080068
506,876.0,1.0,30.0,46.364481964197694,31.597775970944287
507,876.0,1.0,50.0,51.14878758419647,33.389955040406896
508,876.0,1.0,100.0,53.43577213469153,34.51996231970703
509,876.0,1.0,150.0,50.780378874481464,33.40483942014931
510,877.0,0.05,10.0,47.17669281534695,27.61448491979633
511,877.0,0.05,20.0,49.58039840389774,30.446251986548745
512,877.0,0.05,30.0,57.61068985620915,29.902377068051223
513,877.0,0.05,50.0,69.97301276608499,32.78271940457044
514,877.0,0.05,100.0,49.01796873826013,28.738737345136833
515,877.0,0.05,150.0,50.397238320818744,30.283208666129926
516,877.0,0.1,10.0,49.48678818868908,29.642130164987236
517,877.0,0.1,20.0,57.56711862642535,29.304712787718458
518,877.0,0.1,30.0,69.6876942209196,32.83847046761823
519,877.0,0.1,50.0,49.54177089684676,29.327338044318925
520,877.0,0.1,100.0,50.421196043293264,30.198585549868067
521,877.0,0.1,150.0,50.566330986546035,29.9054916626744
522,877.0,0.25,10.0,69.72198536883549,32.648219648790075
523,877.0,0.25,20.0,49.55658644644007,29.24697307180371
524,877.0,0.25,30.0,49.275485934607815,29.120354966891586
525,877.0,0.25,50.0,49.299128563847795,29.056096811633136
526,877.0,0.25,100.0,49.38738709774677,29.290856182166102
527,877.0,0.25,150.0,47.53791207167915,27.8837085781436
528,877.0,0.5,10.0,50.86514420026158,30.32419388787986
529,877.0,0.5,20.0,50.466371783459614,29.93353806473094
530,877.0,0.5,30.0,49.13219293670995,28.851839621335092
531,877.0,0.5,50.0,45.6590087890842,26.160017194352918
532,877.0,0.5,100.0,44.868616566225214,26.256928648581873
533,877.0,0.5,150.0,46.5275845285844,27.603491794033165
534,877.0,1.0,10.0,50.488226572080926,29.838067747939974
535,877.0,1.0,20.0,45.51139110144466,26.694414916969613
536,877.0,1.0,30.0,45.431394982772346,27.51624601578571
537,877.0,1.0,50.0,46.23621274283318,25.53340296705799
538,877.0,1.0,100.0,54.96391059604683,33.976682171059785
539,877.0,1.0,150.0,54.35352465838038,33.33681546973054
540,878.0,0.05,10.0,213.81840868782595,58.734502988214324
541,878.0,0.05,20.0,213.35504959442832,54.47541526709788
542,878.0,0.05,30.0,213.22554535725925,54.48812137536043
543,878.0,0.05,50.0,213.08685842803678,53.75881308549959
544,878.0,0.05,100.0,212.7371677241448,55.98513144476173
545,878.0,0.05,150.0,212.7362208805102,55.98692143643395
546,878.0,0.1,10.0,213.3835085948452,54.294123622962
547,878.0,0.1,20.0,213.25945747497485,53.71323256453113
548,878.0,0.1,30.0,213.06933730180265,54.690918602971635
549,878.0,0.1,50.0,212.7434502934222,55.97067937952526
550,878.0,0.1,100.0,212.71996508258394,55.89405263714535
551,878.0,0.1,150.0,212.58765366737032,56.59015132339747
552,878.0,0.25,10.0,213.11172862272085,55.44042211318156
553,878.0,0.25,20.0,212.7554394625861,55.932533805271575
554,878.0,0.25,30.0,212.63866656825425,56.24774490085579
555,878.0,0.25,50.0,212.43282563248005,57.46493965036064
556,878.0,0.25,100.0,213.51760774703394,59.512759028214674
557,878.0,0.25,150.0,213.5491419036217,59.27516033821558
558,878.0,0.5,10.0,212.63510351435866,56.33470765988503
559,878.0,0.5,20.0,213.42531666973568,59.967776957686844
560,878.0,0.5,30.0,213.44963190813598,59.85871208061128
561,878.0,0.5,50.0,213.55608263598444,59.306144099207316
562,878.0,0.5,100.0,213.27095789574915,58.90542368897319
563,878.0,0.5,150.0,212.86005508327733,57.8522987500027
564,878.0,1.0,10.0,213.45632094217157,59.822402487083295
565,878.0,1.0,20.0,213.68870575916665,58.88414808905337
566,878.0,1.0,30.0,213.39703820082735,58.28914146056542
567,878.0,1.0,50.0,213.3341363330315,58.48630035242385
568,878.0,1.0,100.0,212.68072908282846,56.71680318900114
569,878.0,1.0,150.0,212.59168706082156,57.287761999333405
570,879.0,0.05,10.0,146.2737504358824,43.60985469575464
571,879.0,0.05,20.0,149.32228901782042,50.80701736241404
572,879.0,0.05,30.0,148.42830021087755,50.04718624064203
573,879.0,0.05,50.0,144.80224200474828,48.325883051347446
574,879.0,0.05,100.0,144.34193164279927,48.29091689499172
575,879.0,0.05,150.0,144.34131137703608,48.29259985082953
576,879.0,0.1,10.0,149.25339136183064,50.891724419283435
577,879.0,0.1,20.0,148.45576662847571,49.9008342428038
578,879.0,0.1,30.0,144.46985872356447,47.9784340407016
579,879.0,0.1,50.0,144.35220940762085,48.235581170031296
580,879.0,0.1,100.0,144.3613784420752,48.18792997157079
581,879.0,0.1,150.0,144.6937568611769,48.330106418993346
582,879.0,0.25,10.0,148.29633216162634,50.14089363944601
583,879.0,0.25,20.0,144.361146626251,48.135722678596444
584,879.0,0.25,30.0,144.37833727728636,48.15047123293905
585,879.0,0.25,50.0,144.62247183720083,48.5737556130223
586,879.0,0.25,100.0,144.7889774259767,48.172904539898305
587,879.0,0.25,150.0,144.6204565406245,48.67693149792371
588,879.0,0.5,10.0,144.3562915547534,48.103530767768085
589,879.0,0.5,20.0,144.41516633494933,47.64379621866892
590,879.0,0.5,30.0,144.6694095032122,48.440955171415794
591,879.0,0.5,50.0,146.9722084330932,49.396011862670186
592,879.0,0.5,100.0,147.0383989631422,50.04409174986845
593,879.0,0.5,150.0,147.07591480639945,49.286340358214964
594,879.0,1.0,10.0,146.92263238390635,49.588932660119774
595,879.0,1.0,20.0,146.96650978447983,49.475476529386626
596,879.0,1.0,30.0,144.6431329877909,44.69529246465694
597,879.0,1.0,50.0,144.20274664958527,42.21093899766369
598,879.0,1.0,100.0,147.1068381766715,49.22421004859653
599,879.0,1.0,150.0,146.3723081339447,49.285281782545276
600,880.0,0.05,10.0,42.00159779704057,27.0197593056944
601,880.0,0.05,20.0,37.11126534743247,25.330211110651142
602,880.0,0.05,30.0,38.49053526897431,25.97443363821718
603,880.0,0.05,50.0,38.09699589411097,24.926670776654984
604,880.0,0.05,100.0,37.98678713854555,24.56685416898784
605,880.0,0.05,150.0,52.32745993271902,30.159595922210514
606,880.0,0.1,10.0,38.52980504721981,26.15359959088839
607,880.0,0.1,20.0,38.30497840495424,25.582846946885603
608,880.0,0.1,30.0,38.18185096816806,25.379071868890843
609,880.0,0.1,50.0,37.53220749085968,24.309839581201768
610,880.0,0.1,100.0,42.81524325352888,25.327817339248206
611,880.0,0.1,150.0,42.79081295857654,25.48138375640621
612,880.0,0.25,10.0,50.597916703754,27.52447803164375
613,880.0,0.25,20.0,39.45100746188672,23.826667965375464
614,880.0,0.25,30.0,52.31245608427469,29.978024818093115
615,880.0,0.25,50.0,30.424467259593655,19.808126089558797
616,880.0,0.25,100.0,31.031724982682583,20.784168308867507
617,880.0,0.25,150.0,31.075698951998728,20.94593064045765
618,880.0,0.5,10.0,39.449500836015694,23.815888192385614
619,880.0,0.5,20.0,39.422733836020015,23.618260330730642
620,880.0,0.5,30.0,30.39316410807242,19.61189782921379
621,880.0,0.5,50.0,31.02137959175839,20.68225984522577
622,880.0,0.5,100.0,30.7626144509106,20.99428588647109
623,880.0,0.5,150.0,38.387466501446596,24.353406415013872
624,880.0,1.0,10.0,32.81332824777201,22.94189040483102
625,880.0,1.0,20.0,31.030427386301618,20.544481171658763
626,880.0,1.0,30.0,31.178442853649546,21.626348953049565
627,880.0,1.0,50.0,30.837911091529186,21.703459846225716
628,880.0,1.0,100.0,39.53318817153855,25.29603432937487
629,880.0,1.0,150.0,48.316718079041536,30.406510984883507
630,881.0,0.05,10.0,145.61182649721943,43.79628230952652
631,881.0,0.05,20.0,145.71628637770576,45.63500606858518
632,881.0,0.05,30.0,145.0566925368743,43.35045503102816
633,881.0,0.05,50.0,144.73586336418632,43.428940851956426
634,881.0,0.05,100.0,144.5601479537418,44.15900522119195
635,881.0,0.05,150.0,157.53094721799334,57.815606513728746
636,881.0,0.1,10.0,145.55394326826655,43.23782205344657
637,881.0,0.1,20.0,145.51914351409948,44.00324037337444
638,881.0,0.1,30.0,144.6249647646643,43.679226793029606
639,881.0,0.1,50.0,144.563398938734,44.083005498513664
640,881.0,0.1,100.0,157.56631989523336,57.78499322958951
641,881.0,0.1,150.0,157.6208409861612,57.66492710226385
642,881.0,0.25,10.0,144.72039660317722,43.36287613772782
643,881.0,0.25,20.0,144.57894376369296,44.12164801501663
644,881.0,0.25,30.0,157.5878498488681,57.703768819662244
645,881.0,0.25,50.0,157.61803960207843,57.66420681868784
646,881.0,0.25,100.0,148.73937328754485,50.182078173033574
647,881.0,0.25,150.0,149.1675020854221,50.59792624592075
648,881.0,0.5,10.0,144.58117968941227,44.11741010361169
649,881.0,0.5,20.0,144.64800835096463,43.99622512467514
650,881.0,0.5,30.0,144.76819883532517,43.70715127211351
651,881.0,0.5,50.0,144.58764141111362,41.43544844396015
652,881.0,0.5,100.0,159.22590997093388,55.31937273804252
653,881.0,0.5,150.0,159.0129834024094,55.6889993729676
654,881.0,1.0,10.0,157.67044269005672,57.566200416722936
655,881.0,1.0,20.0,145.30054421536326,43.07508735024717
656,881.0,1.0,30.0,148.24115366702418,47.32712874147313
657,881.0,1.0,50.0,149.2910962044929,51.06528285325632
658,881.0,1.0,100.0,159.21762242345278,55.87193890216082
659,881.0,1.0,150.0,158.81759297962088,55.192115429534006
660,882.0,0.05,10.0,55.10912746657879,32.36937882296432
661,882.0,0.05,20.0,55.620356471156875,32.082850459397896
662,882.0,0.05,30.0,54.79035167785919,27.178100030323456
663,882.0,0.05,50.0,66.62615732860098,30.468883359559186
664,882.0,0.05,100.0,45.48775394707225,26.608341498516015
665,882.0,0.05,150.0,45.46846480639902,26.780161151547404
666,882.0,0.1,10.0,55.62322873532293,32.04277401577086
667,882.0,0.1,20.0,54.96093139037937,27.832892585223945
668,882.0,0.1,30.0,66.74672279087838,31.438972528220635
669,882.0,0.1,50.0,45.84976764676329,26.883304668629663
670,882.0,0.1,100.0,45.515475291277106,26.587938384106877
671,882.0,0.1,150.0,48.511941700079596,29.63027894369949
672,882.0,0.25,10.0,54.96899427499594,28.239582119778056
673,882.0,0.25,20.0,45.857771133719666,26.774600547474517
674,882.0,0.25,30.0,45.56595932179118,26.577390483878773
675,882.0,0.25,50.0,47.117309170593224,28.243304344267532
676,882.0,0.25,100.0,51.966903606141855,30.969832652052474
677,882.0,0.25,150.0,48.52855394413849,30.599516434246258
678,882.0,0.5,10.0,45.83478266680403,26.71376366519364
679,882.0,0.5,20.0,45.77630713889705,26.478172346826135
680,882.0,0.5,30.0,46.09853216736433,26.890779975687966
681,882.0,0.5,50.0,58.191420164652754,32.54570692745186
682,882.0,0.5,100.0,44.504605205759624,26.81843247481352
683,882.0,0.5,150.0,51.26918723552426,31.769080338844887
684,882.0,1.0,10.0,45.82339483869144,26.32243965058637
685,882.0,1.0,20.0,45.810239771569734,26.380184564646886
686,882.0,1.0,30.0,45.951745601929645,25.744751498431146
687,882.0,1.0,50.0,52.71557991287443,30.946421839499614
688,882.0,1.0,100.0,55.24106617239714,34.230370694025034
689,882.0,1.0,150.0,56.08718318360785,34.70086998795617
690,883.0,0.05,10.0,47.20181704984602,25.990163269268688
691,883.0,0.05,20.0,50.621321000463794,29.203727998959238
692,883.0,0.05,30.0,43.129458884291935,24.48345696172771
693,883.0,0.05,50.0,43.12450073812699,24.57996624591082
694,883.0,0.05,100.0,44.174709898950965,25.988683331619352
695,883.0,0.05,150.0,50.61085266169314,29.947868193112892
696,883.0,0.1,10.0,49.277424848004046,28.4837514047792
697,883.0,0.1,20.0,43.123043370226476,24.561835086811225
698,883.0,0.1,30.0,48.05153634548891,27.392449420895097
699,883.0,0.1,50.0,44.231859676455244,25.96337883063322
700,883.0,0.1,100.0,50.63201162222749,29.854887618905696
701,883.0,0.1,150.0,50.718573509917256,29.35191111739571
702,883.0,0.25,10.0,48.12324363533012,26.76869453616396
703,883.0,0.25,20.0,44.23519919355372,25.88745777412279
704,883.0,0.25,30.0,50.63822646931645,29.739399723978444
705,883.0,0.25,50.0,50.64067672899632,29.67700318059978
706,883.0,0.25,100.0,50.74204902381288,29.42718134456838
707,883.0,0.25,150.0,52.00101002088867,30.98264173473832
708,883.0,0.5,10.0,44.24267780380309,25.850929483041252
709,883.0,0.5,20.0,50.64830703290487,29.51245379826021
710,883.0,0.5,30.0,50.730804380126266,30.120575795371153
711,883.0,0.5,50.0,50.80756525276772,29.535287039942993
712,883.0,0.5,100.0,59.77877395646221,35.40551689774327
713,883.0,0.5,150.0,47.55233972160709,28.42941793927074
714,883.0,1.0,10.0,50.65488968948228,29.392283644930142
715,883.0,1.0,20.0,50.730804380126266,30.120575795371153
716,883.0,1.0,30.0,54.578100537088325,31.786114913725996
717,883.0,1.0,50.0,53.266274293656544,32.37194941531977
718,883.0,1.0,100.0,48.708680282545004,29.766421007856106
719,883.0,1.0,150.0,45.112808970730065,27.694065814610763
720,884.0,0.05,10.0,145.98680586436285,47.03649685018867
721,884.0,0.05,20.0,145.72015827981778,47.500574903657444
722,884.0,0.05,30.0,146.46425947840973,49.98945998084615
723,884.0,0.05,50.0,146.8196607316235,49.89709206394895
724,884.0,0.05,100.0,147.93078357030012,52.054667271044124
725,884.0,0.05,150.0,147.9184784012629,51.91251438022365
726,884.0,0.1,10.0,146.6005131214405,49.46065929370519
727,884.0,0.1,20.0,146.8961582233872,49.93140209039992
728,884.0,0.1,30.0,146.7849282978287,49.928319544143214
729,884.0,0.1,50.0,147.95149994803316,52.02688103309044
730,884.0,0.1,100.0,147.98082843809905,51.98798959630481
731,884.0,0.1,150.0,148.05499305759568,51.72716356429827
732,884.0,0.25,10.0,146.62221803692995,49.931603252591465
733,884.0,0.25,20.0,147.96323947586183,52.01131207415338
734,884.0,0.25,30.0,148.00075066597478,51.96154393664479
735,884.0,0.25,50.0,148.03510347867382,51.75798831866337
736,884.0,0.25,100.0,148.18765654605247,51.599304849635914
737,884.0,0.25,150.0,147.8400763354706,52.19780632030328
738,884.0,0.5,10.0,147.88382613996805,51.844858137503174
739,884.0,0.5,20.0,146.896094785229,49.13932297813822
740,884.0,0.5,30.0,148.11984701836982,51.80566335283088
741,884.0,0.5,50.0,148.1249069471917,51.4967910079279
742,884.0,0.5,100.0,148.20220647833864,51.3724192269455
743,884.0,0.5,150.0,147.95139000671867,51.25440894425974
744,884.0,1.0,10.0,146.9491313511304,49.07064078720364
745,884.0,1.0,20.0,148.04664211220006,51.58952210172394
746,884.0,1.0,30.0,148.0865208760631,51.558570592304655
747,884.0,1.0,50.0,148.05861486388997,51.07332158224117
748,884.0,1.0,100.0,145.35073389253043,44.540073068381766
749,884.0,1.0,150.0,145.35073389253043,44.540073068381766
750,885.0,0.05,10.0,171.31716393583133,63.39227349879473
751,885.0,0.05,20.0,102.76173480531254,44.962869091711106
752,885.0,0.05,30.0,109.90315297160522,46.746524582247766
753,885.0,0.05,50.0,85.49917660455857,41.57912403789498
754,885.0,0.05,100.0,148.64577160845178,57.61952916083251
755,885.0,0.05,150.0,148.65208476916493,57.59483753396209
756,885.0,0.1,10.0,93.23889985205862,43.0023374579503
757,885.0,0.1,20.0,94.31930038505952,43.90272447411125
758,885.0,0.1,30.0,85.32829975303449,41.58590352120484
759,885.0,0.1,50.0,148.65641303132688,57.580138310652515
760,885.0,0.1,100.0,148.67681359831576,57.50976638274785
761,885.0,0.1,150.0,72.09607371706306,38.7869846508771
762,885.0,0.25,10.0,84.0904386924693,41.46672411032682
763,885.0,0.25,20.0,148.67047637759308,57.53196136779334
764,885.0,0.25,30.0,148.68913529569838,57.46972277342215
765,885.0,0.25,50.0,69.10345594322784,35.466628556336175
766,885.0,0.25,100.0,71.41647567753304,38.16815254375074
767,885.0,0.25,150.0,74.47094641187874,40.33779597130047
768,885.0,0.5,10.0,148.6814293403101,57.49642607186672
769,885.0,0.5,20.0,148.72365951980981,57.362931391473346
770,885.0,0.5,30.0,71.12719221048152,37.53809975420935
771,885.0,0.5,50.0,69.9179363336534,34.76040451450461
772,885.0,0.5,100.0,74.52803210499447,40.2942077449934
773,885.0,0.5,150.0,74.41065631882414,40.40919701852742
774,885.0,1.0,10.0,148.75620700262445,57.265534385985866
775,885.0,1.0,20.0,70.5172361888149,36.84948618657489
776,885.0,1.0,30.0,71.17875182833149,37.33407222262501
777,885.0,1.0,50.0,74.05819928920697,38.9482748203729
778,885.0,1.0,100.0,76.13276999757835,41.01038354783369
779,885.0,1.0,150.0,76.62075777371143,42.17764991918259
780,886.0,0.05,10.0,33.08018827051363,20.963970089297323
781,886.0,0.05,20.0,34.81999134185567,22.05879314230744
782,886.0,0.05,30.0,34.81790541653827,22.088865897782455
783,886.0,0.05,50.0,34.807698246782,22.05214715359479
784,886.0,0.05,100.0,34.25212143476464,22.053808916983517
785,886.0,0.05,150.0,35.59692421760329,22.938997330411652
786,886.0,0.1,10.0,36.1050784231523,23.087389233211088
787,886.0,0.1,20.0,34.80744319167182,22.04609135695463
788,886.0,0.1,30.0,34.83713398286006,22.49990406589395
789,886.0,0.1,50.0,34.82351801909624,22.566177179573554
790,886.0,0.1,100.0,35.50334421497009,22.48270120293431
791,886.0,0.1,150.0,35.36602755817035,22.18603533457017
792,886.0,0.25,10.0,34.8068764402812,22.0693333213287
793,886.0,0.25,20.0,34.47981696592126,22.428137561865814
794,886.0,0.25,30.0,35.013933720692954,23.016290256906544
795,886.0,0.25,50.0,35.88180402342441,22.443001508204894
796,886.0,0.25,100.0,33.76469909458782,20.87161050429711
797,886.0,0.25,150.0,63.92394687733708,33.27693881418578
798,886.0,0.5,10.0,34.79792980808895,22.44764841339292
799,886.0,0.5,20.0,36.241827606235304,23.41715071723306
800,886.0,0.5,30.0,35.845616009698766,22.12380394704243
801,886.0,0.5,50.0,24.43154354085233,16.80388368979008
802,886.0,0.5,100.0,29.659660117133516,20.937849054618702
803,886.0,0.5,150.0,32.397112516392326,22.327711087514665
804,886.0,1.0,10.0,36.23287761101762,23.336933176503376
805,886.0,1.0,20.0,37.12384474536983,21.59491369185363
806,886.0,1.0,30.0,62.473727947625505,32.934772805321145
807,886.0,1.0,50.0,21.34159121713235,14.885531232145409
808,886.0,1.0,100.0,26.349390880492567,17.71270247115186
809,886.0,1.0,150.0,28.788020228247603,18.07322980846879
810,887.0,0.05,10.0,31.434392416581723,22.465869692627493
811,887.0,0.05,20.0,35.00195134702852,24.389979632450984
812,887.0,0.05,30.0,31.095921052549944,22.59719405174255
813,887.0,0.05,50.0,31.668387296638187,18.96323375312534
814,887.0,0.05,100.0,37.87535328429953,20.208464180534406
815,887.0,0.05,150.0,37.70284292866766,20.178550260645398
816,887.0,0.1,10.0,32.890223348345906,22.965632911715986
817,887.0,0.1,20.0,31.98278391462451,19.295357880902714
818,887.0,0.1,30.0,38.40992072972417,21.601615154164787
819,887.0,0.1,50.0,37.767252763535524,20.17642110971304
820,887.0,0.1,100.0,31.336097137322238,18.181140213012693
821,887.0,0.1,150.0,31.250126980914615,22.19755705489209
822,887.0,0.25,10.0,38.75067118827778,21.94224246279022
823,887.0,0.25,20.0,31.087024212792105,17.845200034147183
824,887.0,0.25,30.0,43.56207694910772,22.04791903941589
825,887.0,0.25,50.0,30.647303661133268,20.937742354545367
826,887.0,0.25,100.0,31.081683056680383,21.784287020497068
827,887.0,0.25,150.0,51.435947626643234,31.00218581399974
828,887.0,0.5,10.0,31.08487946468516,17.94594227706187
829,887.0,0.5,20.0,31.294643988184763,17.91637169268004
830,887.0,0.5,30.0,30.673262862626252,20.765576981143838
831,887.0,0.5,50.0,31.055155648152134,21.39084978165711
832,887.0,0.5,100.0,50.64509397350377,30.580922758734438
833,887.0,0.5,150.0,50.08815100577535,30.193834856417052
834,887.0,1.0,10.0,30.64285674433584,20.839030282567947
835,887.0,1.0,20.0,28.049301085700854,16.802166732810658
836,887.0,1.0,30.0,51.23709575471431,31.18811234807122
837,887.0,1.0,50.0,51.83783637782932,31.316152917139625
838,887.0,1.0,100.0,28.33882410577344,19.770155840258624
839,887.0,1.0,150.0,28.91059310391029,20.135675903128448
840,888.0,0.05,10.0,35.08919948220833,21.55674040596866
841,888.0,0.05,20.0,53.0712609296646,28.30759230196124
842,888.0,0.05,30.0,52.473691385760496,27.14733347514677
843,888.0,0.05,50.0,59.122792745186366,26.513083853298387
844,888.0,0.05,100.0,32.17740970874779,21.190030156197633
845,888.0,0.05,150.0,31.85752392143702,21.23803004823493
846,888.0,0.1,10.0,53.425260339511986,28.280166461764004
847,888.0,0.1,20.0,59.122863714526986,26.500643453993032
848,888.0,0.1,30.0,59.13432016644077,26.753156052200044
849,888.0,0.1,50.0,31.850513858750833,21.172655972813715
850,888.0,0.1,100.0,41.98540317818703,23.771687787072896
851,888.0,0.1,150.0,42.419517378662604,24.559097376490485
852,888.0,0.25,10.0,59.12492215888349,26.415391305776744
853,888.0,0.25,20.0,31.27066417429625,21.005531988651793
854,888.0,0.25,30.0,32.42109723256753,21.525858229349353
855,888.0,0.25,50.0,42.42848623762437,23.293133024068975
856,888.0,0.25,100.0,41.94111863222513,23.754007954174245
857,888.0,0.25,150.0,42.351751926264136,24.896486397297423
858,888.0,0.5,10.0,31.26338217486891,20.977659411910018
859,888.0,0.5,20.0,41.74918647708862,22.975316292802255
860,888.0,0.5,30.0,41.70928711489808,22.785650662980842
861,888.0,0.5,50.0,43.14523986391867,24.66178221110056
862,888.0,0.5,100.0,28.35250934099116,20.668076289476023
863,888.0,0.5,150.0,23.20847194201874,17.54061468612513
864,888.0,1.0,10.0,41.73889833470991,22.91025231491179
865,888.0,1.0,20.0,44.29148435275984,24.305251052619436
866,888.0,1.0,30.0,44.34995523109401,25.458384633261776
867,888.0,1.0,50.0,30.17708369093463,21.413065037642713
868,888.0,1.0,100.0,24.714024885672174,18.412622358305214
869,888.0,1.0,150.0,24.001731078828037,17.88168033430562
870,889.0,0.05,10.0,150.72170501097287,47.907709085955425
871,889.0,0.05,20.0,149.89964414875462,47.891228333761
872,889.0,0.05,30.0,150.54322639925732,51.078522150107396
873,889.0,0.05,50.0,150.53723891706414,51.06264699271445
874,889.0,0.05,100.0,149.79611191910757,48.46032207850168
875,889.0,0.05,150.0,149.72259572930034,48.5073004622149
876,889.0,0.1,10.0,150.1398519779211,47.11963264538692
877,889.0,0.1,20.0,150.33744316282383,51.76086844571243
878,889.0,0.1,30.0,150.3387372356229,51.19336068751544
879,889.0,0.1,50.0,149.72243885994797,48.53560796296808
880,889.0,0.1,100.0,150.73819829098272,49.57900509534502
881,889.0,0.1,150.0,150.80845484171383,49.6704561618235
882,889.0,0.25,10.0,150.3177861473622,51.75300392315938
883,889.0,0.25,20.0,150.63631195171126,49.896748208682205
884,889.0,0.25,30.0,150.90212132590904,49.32203922017792
885,889.0,0.25,50.0,150.95978437037044,49.23595845984285
886,889.0,0.25,100.0,150.82616993574894,49.59738364465138
887,889.0,0.25,150.0,150.69365456503743,50.6122776127567
888,889.0,0.5,10.0,150.72306883371454,49.63938038977644
889,889.0,0.5,20.0,150.86496995635764,49.35143919702112
890,889.0,0.5,30.0,150.942520436744,49.27191564031605
891,889.0,0.5,50.0,150.7063508483649,49.90754602308104
892,889.0,0.5,100.0,149.29670637282882,48.48138482336462
893,889.0,0.5,150.0,149.29130921947524,48.46344189807508
894,889.0,1.0,10.0,151.05655782057968,49.131013925992534
895,889.0,1.0,20.0,151.16282410452234,49.026458588436505
896,889.0,1.0,30.0,150.97075435270614,49.93498148901222
897,889.0,1.0,50.0,149.19134976152856,48.77490622334226
898,889.0,1.0,100.0,149.29130921947524,48.46344189807508
899,889.0,1.0,150.0,149.29130921947524,48.46344189807508
