,seed,target_column,target_instances,method,v,source_tree_size,target_tree_size,k,m_0,val_rmse,val_mae,rmse,mae
0,1,Volume,570,LSTransferTreeBoost,0.05,1,1,0.01,0.5,72.4289663497681,48.0739617271495,70.91279798722809,48.062903567941994
1,1,Volume,570,LSTransferTreeBoost,0.05,1,1,0.01,0.9,72.32885425756595,47.53831494039948,70.55192289456663,47.52138493888928
2,1,Volume,570,LSTransferTreeBoost,0.05,1,1,0.05,0.5,72.53459614683398,48.625385503765855,71.37479418215368,48.683555681862394
3,1,Volume,570,LSTransferTreeBoost,0.05,1,1,0.05,0.9,72.48907628108007,48.330902290413896,71.34374511307426,48.47155179832727
4,1,Volume,570,LSTransferTreeBoost,0.05,1,2,0.01,0.5,72.05321475800842,48.334318122374945,71.38436810358616,48.499312300302506
5,1,Volume,570,LSTransferTreeBoost,0.05,1,2,0.01,0.9,72.15742918576292,48.324320946597624,70.99232298760683,48.55652363879472
6,1,Volume,570,LSTransferTreeBoost,0.05,1,2,0.05,0.5,71.73486996715391,48.09241353829067,71.57147362085759,48.736981685317666
7,1,Volume,570,LSTransferTreeBoost,0.05,1,2,0.05,0.9,71.95055117646334,47.862141861829684,71.65401040249571,48.53675975663502
8,1,Volume,570,LSTransferTreeBoost,0.05,2,1,0.01,0.5,72.43150283412868,48.2258533859633,70.44563971017503,47.46915663019603
