,seed,d,method,base_lr,fine_tuning_lr,dropout_rate,batch_norm,rmse,mae
0,14,2,MLP,0.0005,0.0001,0.0,True,2.1991851,1.7565782
1,14,2,MLP,0.0005,0.0001,0.0,False,2.0703514,1.6287844
2,14,2,MLP,0.0005,0.0001,0.1,True,2.140208,1.7012389
3,14,2,MLP,0.0005,0.0001,0.1,False,2.138755,1.6930887
4,14,2,MLP,0.0005,5e-05,0.0,True,2.6626835,2.2188876
5,14,2,MLP,0.0005,5e-05,0.0,False,1.9008116,1.5033199
6,14,2,MLP,0.0005,5e-05,0.1,True,2.24946,1.8005693
7,14,2,MLP,0.0005,5e-05,0.1,False,2.071165,1.6463996
8,14,2,MLP,0.0001,0.0001,0.0,True,2.9477358,2.4758368
9,14,2,MLP,0.0001,0.0001,0.0,False,1.9527296,1.5363613
10,14,2,MLP,0.0001,0.0001,0.1,True,2.7067213,2.1641085
11,14,2,MLP,0.0001,0.0001,0.1,False,2.1064007,1.6618469
12,14,2,MLP,0.0001,5e-05,0.0,True,2.448199,1.9812865
13,14,2,MLP,0.0001,5e-05,0.0,False,2.013003,1.5846665
14,14,2,MLP,0.0001,5e-05,0.1,True,2.1333578,1.7022618
15,14,2,MLP,0.0001,5e-05,0.1,False,2.1303778,1.6862642
16,14,4,MLP,0.0005,0.0001,0.0,True,2.3854306,1.9072564
17,14,4,MLP,0.0005,0.0001,0.0,False,1.9055904,1.5067612
18,14,4,MLP,0.0005,0.0001,0.1,True,2.6193864,2.0140316
19,14,4,MLP,0.0005,0.0001,0.1,False,2.0615342,1.639549
20,14,4,MLP,0.0005,5e-05,0.0,True,2.31792,1.8209722
21,14,4,MLP,0.0005,5e-05,0.0,False,2.083711,1.6540203
22,14,4,MLP,0.0005,5e-05,0.1,True,2.7441483,2.1478295
23,14,4,MLP,0.0005,5e-05,0.1,False,2.1805086,1.7414905
24,14,4,MLP,0.0001,0.0001,0.0,True,2.5852792,2.0479975
25,14,4,MLP,0.0001,0.0001,0.0,False,2.0145218,1.5916841
26,14,4,MLP,0.0001,0.0001,0.1,True,2.261375,1.7718129
27,14,4,MLP,0.0001,0.0001,0.1,False,2.099183,1.6646353
28,14,4,MLP,0.0001,5e-05,0.0,True,2.4542146,1.924175
29,14,4,MLP,0.0001,5e-05,0.0,False,2.0779476,1.6393952
30,14,4,MLP,0.0001,5e-05,0.1,True,2.250404,1.7721146
31,14,4,MLP,0.0001,5e-05,0.1,False,2.224068,1.7647156
32,14,6,MLP,0.0005,0.0001,0.0,True,2.7229052,2.1461098
33,14,6,MLP,0.0005,0.0001,0.0,False,1.9591627,1.5478984
34,14,6,MLP,0.0005,0.0001,0.1,True,2.2784963,1.7650883
35,14,6,MLP,0.0005,0.0001,0.1,False,2.1589813,1.7012055
36,14,6,MLP,0.0005,5e-05,0.0,True,2.4192219,1.8945779
37,14,6,MLP,0.0005,5e-05,0.0,False,2.2490199,1.7763597
38,14,6,MLP,0.0005,5e-05,0.1,True,2.1473367,1.6719309
39,14,6,MLP,0.0005,5e-05,0.1,False,2.8741276,2.3109355
40,14,6,MLP,0.0001,0.0001,0.0,True,2.2624516,1.7702073
41,14,6,MLP,0.0001,0.0001,0.0,False,3.008857,2.4287412
42,14,6,MLP,0.0001,0.0001,0.1,True,2.1520412,1.6733837
43,14,6,MLP,0.0001,0.0001,0.1,False,2.1321745,1.6834053
44,14,6,MLP,0.0001,5e-05,0.0,True,2.3788295,1.8636161
45,14,6,MLP,0.0001,5e-05,0.0,False,2.837858,2.2839022
46,14,6,MLP,0.0001,5e-05,0.1,True,2.1001732,1.6535552
47,14,6,MLP,0.0001,5e-05,0.1,False,2.2520185,1.7865205
48,15,2,MLP,0.0005,0.0001,0.0,True,2.4031458,1.9400418
49,15,2,MLP,0.0005,0.0001,0.0,False,1.5454729,1.2208843
50,15,2,MLP,0.0005,0.0001,0.1,True,1.7988833,1.4325522
51,15,2,MLP,0.0005,0.0001,0.1,False,1.8093805,1.4306595
52,15,2,MLP,0.0005,5e-05,0.0,True,2.150743,1.7153946
53,15,2,MLP,0.0005,5e-05,0.0,False,1.5140374,1.1906655
54,15,2,MLP,0.0005,5e-05,0.1,True,3.8742971,3.5161273
55,15,2,MLP,0.0005,5e-05,0.1,False,1.9795104,1.5617832
56,15,2,MLP,0.0001,0.0001,0.0,True,2.272017,1.8307528
57,15,2,MLP,0.0001,0.0001,0.0,False,1.2731915,0.99158764
58,15,2,MLP,0.0001,0.0001,0.1,True,2.67157,2.3273535
59,15,2,MLP,0.0001,0.0001,0.1,False,1.9336185,1.529106
60,15,2,MLP,0.0001,5e-05,0.0,True,2.6941075,2.3011181
61,15,2,MLP,0.0001,5e-05,0.0,False,1.3582721,1.0555571
62,15,2,MLP,0.0001,5e-05,0.1,True,2.3033292,1.9076676
63,15,2,MLP,0.0001,5e-05,0.1,False,1.9227531,1.5348425
64,15,4,MLP,0.0005,0.0001,0.0,True,3.232083,2.8689985
65,15,4,MLP,0.0005,0.0001,0.0,False,1.6264603,1.2788769
66,15,4,MLP,0.0005,0.0001,0.1,True,3.5093405,3.1714978
67,15,4,MLP,0.0005,0.0001,0.1,False,2.239443,1.7931693
68,15,4,MLP,0.0005,5e-05,0.0,True,2.4385579,1.9683701
69,15,4,MLP,0.0005,5e-05,0.0,False,1.5325384,1.2140898
70,15,4,MLP,0.0005,5e-05,0.1,True,3.105085,2.6821895
71,15,4,MLP,0.0005,5e-05,0.1,False,2.1077096,1.683355
72,15,4,MLP,0.0001,0.0001,0.0,True,2.4798722,2.0116634
73,15,4,MLP,0.0001,0.0001,0.0,False,1.6305043,1.2541423
74,15,4,MLP,0.0001,0.0001,0.1,True,3.101878,2.6959336
75,15,4,MLP,0.0001,0.0001,0.1,False,1.9204141,1.5221217
76,15,4,MLP,0.0001,5e-05,0.0,True,2.6734219,2.248891
77,15,4,MLP,0.0001,5e-05,0.0,False,1.6178424,1.2663089
78,15,4,MLP,0.0001,5e-05,0.1,True,2.5316052,2.0968468
79,15,4,MLP,0.0001,5e-05,0.1,False,2.0255878,1.6103089
80,15,6,MLP,0.0005,0.0001,0.0,True,3.8812037,3.4392474
81,15,6,MLP,0.0005,0.0001,0.0,False,1.7502521,1.3662333
82,15,6,MLP,0.0005,0.0001,0.1,True,3.071029,2.6106675
83,15,6,MLP,0.0005,0.0001,0.1,False,2.1407583,1.6994739
84,15,6,MLP,0.0005,5e-05,0.0,True,3.496115,3.105046
85,15,6,MLP,0.0005,5e-05,0.0,False,1.7858466,1.3982477
86,15,6,MLP,0.0005,5e-05,0.1,True,3.3176758,2.851362
87,15,6,MLP,0.0005,5e-05,0.1,False,2.00104,1.6007738
88,15,6,MLP,0.0001,0.0001,0.0,True,3.5617456,3.096835
89,15,6,MLP,0.0001,0.0001,0.0,False,2.0704026,1.6542966
90,15,6,MLP,0.0001,0.0001,0.1,True,3.0763347,2.6582785
91,15,6,MLP,0.0001,0.0001,0.1,False,2.2165174,1.7722964
92,15,6,MLP,0.0001,5e-05,0.0,True,3.6218054,3.1048708
93,15,6,MLP,0.0001,5e-05,0.0,False,1.9180927,1.5344807
94,15,6,MLP,0.0001,5e-05,0.1,True,4.4296756,3.9042017
95,15,6,MLP,0.0001,5e-05,0.1,False,2.1466093,1.715677
96,16,2,MLP,0.0005,0.0001,0.0,True,4.5820246,4.2622705
97,16,2,MLP,0.0005,0.0001,0.0,False,1.5073797,1.2225535
98,16,2,MLP,0.0005,0.0001,0.1,True,5.418715,5.1601424
99,16,2,MLP,0.0005,0.0001,0.1,False,1.7731544,1.4226851
100,16,2,MLP,0.0005,5e-05,0.0,True,4.4567485,4.148045
101,16,2,MLP,0.0005,5e-05,0.0,False,1.5826391,1.2764328
102,16,2,MLP,0.0005,5e-05,0.1,True,5.4249277,5.170505
103,16,2,MLP,0.0005,5e-05,0.1,False,1.8514616,1.4878182
104,16,2,MLP,0.0001,0.0001,0.0,True,4.7451544,4.46249
105,16,2,MLP,0.0001,0.0001,0.0,False,1.5162293,1.206081
106,16,2,MLP,0.0001,0.0001,0.1,True,4.3983693,4.0593195
107,16,2,MLP,0.0001,0.0001,0.1,False,1.8499343,1.4850825
108,16,2,MLP,0.0001,5e-05,0.0,True,4.9717455,4.7067275
109,16,2,MLP,0.0001,5e-05,0.0,False,1.5975524,1.290817
110,16,2,MLP,0.0001,5e-05,0.1,True,4.976435,4.690947
111,16,2,MLP,0.0001,5e-05,0.1,False,1.8547629,1.494053
112,16,4,MLP,0.0005,0.0001,0.0,True,7.046439,6.7609367
113,16,4,MLP,0.0005,0.0001,0.0,False,1.801404,1.4675753
114,16,4,MLP,0.0005,0.0001,0.1,True,7.381393,7.0529184
115,16,4,MLP,0.0005,0.0001,0.1,False,1.7553166,1.4258287
116,16,4,MLP,0.0005,5e-05,0.0,True,7.509776,7.225666
117,16,4,MLP,0.0005,5e-05,0.0,False,1.7815559,1.4557743
118,16,4,MLP,0.0005,5e-05,0.1,True,7.197655,6.9012356
119,16,4,MLP,0.0005,5e-05,0.1,False,1.7650206,1.42954
120,16,4,MLP,0.0001,0.0001,0.0,True,6.732015,6.425966
121,16,4,MLP,0.0001,0.0001,0.0,False,1.6903918,1.3753146
122,16,4,MLP,0.0001,0.0001,0.1,True,7.6667066,7.3521028
123,16,4,MLP,0.0001,0.0001,0.1,False,1.7951305,1.4615885
124,16,4,MLP,0.0001,5e-05,0.0,True,7.2622757,6.967593
125,16,4,MLP,0.0001,5e-05,0.0,False,1.807988,1.4655781
126,16,4,MLP,0.0001,5e-05,0.1,True,7.343345,7.03914
127,16,4,MLP,0.0001,5e-05,0.1,False,1.8144915,1.4756639
128,16,6,MLP,0.0005,0.0001,0.0,True,9.316767,9.014205
129,16,6,MLP,0.0005,0.0001,0.0,False,1.5802574,1.2742198
130,16,6,MLP,0.0005,0.0001,0.1,True,9.306288,8.971249
131,16,6,MLP,0.0005,0.0001,0.1,False,1.7697275,1.4446679
132,16,6,MLP,0.0005,5e-05,0.0,True,9.394119,9.092393
133,16,6,MLP,0.0005,5e-05,0.0,False,1.7759008,1.4564555
134,16,6,MLP,0.0005,5e-05,0.1,True,9.392167,9.0564375
135,16,6,MLP,0.0005,5e-05,0.1,False,1.7773765,1.4393518
136,16,6,MLP,0.0001,0.0001,0.0,True,9.155234,8.83524
137,16,6,MLP,0.0001,0.0001,0.0,False,1.7635832,1.4333763
138,16,6,MLP,0.0001,0.0001,0.1,True,9.402657,9.078277
139,16,6,MLP,0.0001,0.0001,0.1,False,1.8466227,1.5044332
140,16,6,MLP,0.0001,5e-05,0.0,True,9.462033,9.154684
141,16,6,MLP,0.0001,5e-05,0.0,False,1.8306624,1.4868038
142,16,6,MLP,0.0001,5e-05,0.1,True,9.325747,8.991498
143,16,6,MLP,0.0001,5e-05,0.1,False,1.8826667,1.5486164
144,17,2,MLP,0.0005,0.0001,0.0,True,2.211181,1.781706
145,17,2,MLP,0.0005,0.0001,0.0,False,1.7804242,1.4687514
146,17,2,MLP,0.0005,0.0001,0.1,True,2.6723437,2.2087944
147,17,2,MLP,0.0005,0.0001,0.1,False,1.7809863,1.4542378
148,17,2,MLP,0.0005,5e-05,0.0,True,2.289072,1.8223386
149,17,2,MLP,0.0005,5e-05,0.0,False,1.6575028,1.3603394
150,17,2,MLP,0.0005,5e-05,0.1,True,2.5676386,2.0644424
151,17,2,MLP,0.0005,5e-05,0.1,False,2.003902,1.6461625
152,17,2,MLP,0.0001,0.0001,0.0,True,6.412802,6.0664873
153,17,2,MLP,0.0001,0.0001,0.0,False,1.5107864,1.1890166
154,17,2,MLP,0.0001,0.0001,0.1,True,4.019672,3.5321598
155,17,2,MLP,0.0001,0.0001,0.1,False,1.9470432,1.60325
156,17,2,MLP,0.0001,5e-05,0.0,True,2.3603399,1.9205276
157,17,2,MLP,0.0001,5e-05,0.0,False,1.6402152,1.319657
158,17,2,MLP,0.0001,5e-05,0.1,True,2.0522578,1.6114751
159,17,2,MLP,0.0001,5e-05,0.1,False,1.7856543,1.4545283
160,17,4,MLP,0.0005,0.0001,0.0,True,5.2302294,4.5644894
161,17,4,MLP,0.0005,0.0001,0.0,False,1.7780432,1.4668044
162,17,4,MLP,0.0005,0.0001,0.1,True,6.3764625,5.741826
163,17,4,MLP,0.0005,0.0001,0.1,False,1.9063087,1.5545379
164,17,4,MLP,0.0005,5e-05,0.0,True,3.6129994,2.9054742
165,17,4,MLP,0.0005,5e-05,0.0,False,1.8514756,1.5045667
166,17,4,MLP,0.0005,5e-05,0.1,True,8.884689,8.576252
167,17,4,MLP,0.0005,5e-05,0.1,False,2.1257772,1.7479122
168,17,4,MLP,0.0001,0.0001,0.0,True,3.323733,2.6948647
169,17,4,MLP,0.0001,0.0001,0.0,False,1.8062019,1.4647559
170,17,4,MLP,0.0001,0.0001,0.1,True,3.2632418,2.6005
171,17,4,MLP,0.0001,0.0001,0.1,False,2.1355386,1.7501985
172,17,4,MLP,0.0001,5e-05,0.0,True,3.5995085,2.9113812
173,17,4,MLP,0.0001,5e-05,0.0,False,1.817624,1.4746748
174,17,4,MLP,0.0001,5e-05,0.1,True,5.10176,4.390334
175,17,4,MLP,0.0001,5e-05,0.1,False,2.013976,1.66277
176,17,6,MLP,0.0005,0.0001,0.0,True,6.7590976,5.9362774
177,17,6,MLP,0.0005,0.0001,0.0,False,1.8650997,1.530927
178,17,6,MLP,0.0005,0.0001,0.1,True,5.732142,4.706989
179,17,6,MLP,0.0005,0.0001,0.1,False,2.0468068,1.6759131
180,17,6,MLP,0.0005,5e-05,0.0,True,5.2307587,4.223046
181,17,6,MLP,0.0005,5e-05,0.0,False,1.8719401,1.5465738
182,17,6,MLP,0.0005,5e-05,0.1,True,5.596186,4.5373125
183,17,6,MLP,0.0005,5e-05,0.1,False,2.0468674,1.664209
184,17,6,MLP,0.0001,0.0001,0.0,True,6.7483454,5.880633
185,17,6,MLP,0.0001,0.0001,0.0,False,1.7580358,1.4412684
186,17,6,MLP,0.0001,0.0001,0.1,True,6.050466,5.0921245
187,17,6,MLP,0.0001,0.0001,0.1,False,2.0768943,1.7088476
188,17,6,MLP,0.0001,5e-05,0.0,True,5.104214,4.110712
189,17,6,MLP,0.0001,5e-05,0.0,False,1.9014059,1.5700192
190,17,6,MLP,0.0001,5e-05,0.1,True,6.384951,5.395179
191,17,6,MLP,0.0001,5e-05,0.1,False,2.0346735,1.659918
192,18,2,MLP,0.0005,0.0001,0.0,True,2.3997939,1.9408115
193,18,2,MLP,0.0005,0.0001,0.0,False,1.4179429,1.12016
194,18,2,MLP,0.0005,0.0001,0.1,True,1.6700884,1.3511492
195,18,2,MLP,0.0005,0.0001,0.1,False,1.7058678,1.4150349
196,18,2,MLP,0.0005,5e-05,0.0,True,5.223778,4.5456767
197,18,2,MLP,0.0005,5e-05,0.0,False,1.6212095,1.3094258
198,18,2,MLP,0.0005,5e-05,0.1,True,1.6319199,1.2662994
199,18,2,MLP,0.0005,5e-05,0.1,False,1.7573603,1.4628698
200,18,2,MLP,0.0001,0.0001,0.0,True,1.8671522,1.4661987
201,18,2,MLP,0.0001,0.0001,0.0,False,1.5367408,1.2473198
202,18,2,MLP,0.0001,0.0001,0.1,True,5.343648,4.560506
203,18,2,MLP,0.0001,0.0001,0.1,False,1.4962,1.2029921
204,18,2,MLP,0.0001,5e-05,0.0,True,3.25697,2.796944
205,18,2,MLP,0.0001,5e-05,0.0,False,1.3767881,1.1044302
206,18,2,MLP,0.0001,5e-05,0.1,True,1.845121,1.4764931
207,18,2,MLP,0.0001,5e-05,0.1,False,1.6604639,1.3242968
208,18,4,MLP,0.0005,0.0001,0.0,True,8.578519,7.6725187
209,18,4,MLP,0.0005,0.0001,0.0,False,1.530113,1.2369866
210,18,4,MLP,0.0005,0.0001,0.1,True,10.019746,8.647848
211,18,4,MLP,0.0005,0.0001,0.1,False,1.6539156,1.370506
212,18,4,MLP,0.0005,5e-05,0.0,True,9.161372,6.8508396
213,18,4,MLP,0.0005,5e-05,0.0,False,1.423226,1.147337
214,18,4,MLP,0.0005,5e-05,0.1,True,8.847963,7.5422487
215,18,4,MLP,0.0005,5e-05,0.1,False,1.5249254,1.2420506
216,18,4,MLP,0.0001,0.0001,0.0,True,8.674855,7.3347287
217,18,4,MLP,0.0001,0.0001,0.0,False,1.4610033,1.1795696
218,18,4,MLP,0.0001,0.0001,0.1,True,8.5780325,7.3168907
219,18,4,MLP,0.0001,0.0001,0.1,False,1.685762,1.4161544
220,18,4,MLP,0.0001,5e-05,0.0,True,8.527927,6.6048856
221,18,4,MLP,0.0001,5e-05,0.0,False,1.535569,1.2404244
222,18,4,MLP,0.0001,5e-05,0.1,True,8.746265,7.5064497
223,18,4,MLP,0.0001,5e-05,0.1,False,1.8347895,1.4991093
224,18,6,MLP,0.0005,0.0001,0.0,True,10.761812,9.557707
225,18,6,MLP,0.0005,0.0001,0.0,False,1.8047848,1.5073271
226,18,6,MLP,0.0005,0.0001,0.1,True,13.742861,11.749429
227,18,6,MLP,0.0005,0.0001,0.1,False,1.9751598,1.6427649
228,18,6,MLP,0.0005,5e-05,0.0,True,12.724213,10.976615
229,18,6,MLP,0.0005,5e-05,0.0,False,1.769507,1.4375755
230,18,6,MLP,0.0005,5e-05,0.1,True,13.57803,11.621516
231,18,6,MLP,0.0005,5e-05,0.1,False,1.896641,1.5899957
232,18,6,MLP,0.0001,0.0001,0.0,True,9.502797,8.137341
233,18,6,MLP,0.0001,0.0001,0.0,False,1.7900763,1.4860076
234,18,6,MLP,0.0001,0.0001,0.1,True,10.281943,9.186535
235,18,6,MLP,0.0001,0.0001,0.1,False,1.7943807,1.5086468
236,18,6,MLP,0.0001,5e-05,0.0,True,9.837968,8.741645
237,18,6,MLP,0.0001,5e-05,0.0,False,1.7262529,1.4456004
238,18,6,MLP,0.0001,5e-05,0.1,True,13.956118,11.829253
239,18,6,MLP,0.0001,5e-05,0.1,False,1.806104,1.5114485
