,seed,method,d,v,target_tree_size,rmse,mae
0,11,xgboost,1,0.005,1,2.339517453631528,1.868959012250164
1,11,xgboost_naive_transfer,1,0.005,1,2.303092045926508,1.7945338435295912
2,11,xgboost,1,0.005,2,1.947491753594549,1.5539157398337262
3,11,xgboost_naive_transfer,1,0.005,2,1.5991801022521508,1.2533825931582188
4,11,xgboost,1,0.005,3,1.9038356386287674,1.5219291938846002
5,11,xgboost_naive_transfer,1,0.005,3,1.2383282212470463,0.9905174108294571
6,11,xgboost,1,0.005,4,1.982984066797174,1.5793814190614412
7,11,xgboost_naive_transfer,1,0.005,4,1.0808046917316914,0.8720132748133408
8,11,xgboost,1,0.005,5,2.140522686543182,1.710645749767383
9,11,xgboost_naive_transfer,1,0.005,5,1.0218056357814886,0.8161521698953396
10,11,xgboost,1,0.005,6,2.266158547034238,1.8508860997040657
11,11,xgboost_naive_transfer,1,0.005,6,1.0311391757166402,0.8209895877271475
12,11,xgboost,1,0.005,7,2.3491398342356002,1.886933888619495
13,11,xgboost_naive_transfer,1,0.005,7,1.057998794764303,0.8453140502950136
14,11,xgboost,1,0.01,1,1.9346135224063459,1.5328877980325712
15,11,xgboost_naive_transfer,1,0.01,1,1.7486842644790699,1.3741130505325299
16,11,xgboost,1,0.01,2,1.8406488375581052,1.4686750604273051
17,11,xgboost_naive_transfer,1,0.01,2,1.091308267089118,0.8772018438171731
18,11,xgboost,1,0.01,3,1.8510969317461292,1.4780473468886175
19,11,xgboost_naive_transfer,1,0.01,3,0.9644206502060958,0.7821539239280424
20,11,xgboost,1,0.01,4,1.9419577314795904,1.5464566662712005
21,11,xgboost_naive_transfer,1,0.01,4,0.9434129751069577,0.7559078538402189
22,11,xgboost,1,0.01,5,2.1216436398395664,1.6904411558668695
23,11,xgboost_naive_transfer,1,0.01,5,0.9726444638616947,0.7805212172658351
24,11,xgboost,1,0.01,6,2.2612901614649448,1.8436492348882572
25,11,xgboost_naive_transfer,1,0.01,6,1.0116650082941603,0.8088316877756292
26,11,xgboost,1,0.01,7,2.3431158906148086,1.886363053517463
27,11,xgboost_naive_transfer,1,0.01,7,1.057739319015044,0.845182290641622
28,11,xgboost,1,0.02,1,1.8461885070867776,1.4730000339933875
29,11,xgboost_naive_transfer,1,0.02,1,1.300191004969037,1.040734853697612
30,11,xgboost,1,0.02,2,1.797379742322708,1.4354086442758027
31,11,xgboost_naive_transfer,1,0.02,2,0.9135284071049673,0.7326224438848059
32,11,xgboost,1,0.02,3,1.8413720354018808,1.4684105725737646
33,11,xgboost_naive_transfer,1,0.02,3,0.9189608020090222,0.7468773253718958
34,11,xgboost,1,0.02,4,1.9335946513395696,1.538244880424582
35,11,xgboost_naive_transfer,1,0.02,4,0.9496278988965854,0.7649523736883765
36,11,xgboost,1,0.02,5,2.129711839471231,1.7010303959998796
37,11,xgboost_naive_transfer,1,0.02,5,0.9752698752181016,0.7829672606691408
38,11,xgboost,1,0.02,6,2.254024112063008,1.8301969662082311
39,11,xgboost_naive_transfer,1,0.02,6,1.0128465974767908,0.8102124239593919
40,11,xgboost,1,0.02,7,2.34488869437991,1.8836565691281713
41,11,xgboost_naive_transfer,1,0.02,7,1.0516358799574963,0.8418708672205221
42,11,xgboost,1,0.03,1,1.8060146345280406,1.4473573699291231
43,11,xgboost_naive_transfer,1,0.03,1,1.1571227804011597,0.9320507889049668
44,11,xgboost,1,0.03,2,1.8233096227617982,1.45487235644058
45,11,xgboost_naive_transfer,1,0.03,2,0.9002062374884142,0.7226078422630562
46,11,xgboost,1,0.03,3,1.8237366103745858,1.4562493257025462
47,11,xgboost_naive_transfer,1,0.03,3,0.9327318644864866,0.7553656455520997
48,11,xgboost,1,0.03,4,1.9600747561611755,1.5536296085087435
49,11,xgboost_naive_transfer,1,0.03,4,0.9480405847385935,0.7625730246846765
50,11,xgboost,1,0.03,5,2.1180063704244336,1.6877417675987996
51,11,xgboost_naive_transfer,1,0.03,5,0.9872174063568593,0.7936306945968201
52,11,xgboost,1,0.03,6,2.249038499876347,1.8279149629254612
53,11,xgboost_naive_transfer,1,0.03,6,1.009117644843849,0.8115188123448402
54,11,xgboost,1,0.03,7,2.3651818730311547,1.897862915038652
55,11,xgboost_naive_transfer,1,0.03,7,1.0667447736215727,0.8542816224841318
56,11,xgboost,1,0.05,1,1.8010864114222027,1.4444633846746158
57,11,xgboost_naive_transfer,1,0.05,1,1.095098826109045,0.8823237988532502
58,11,xgboost,1,0.05,2,1.8085168034608423,1.4430140999602425
59,11,xgboost_naive_transfer,1,0.05,2,0.902877311032239,0.7248519719527147
60,11,xgboost,1,0.05,3,1.8582141448829306,1.4791853170654148
61,11,xgboost_naive_transfer,1,0.05,3,0.9176840194544374,0.7428266967715513
62,11,xgboost,1,0.05,4,1.8935521386920746,1.4981226082389016
63,11,xgboost_naive_transfer,1,0.05,4,0.9496350703325008,0.7623073137250158
64,11,xgboost,1,0.05,5,2.1335833287950385,1.6990405980954961
65,11,xgboost_naive_transfer,1,0.05,5,0.9927252946002417,0.796828953411534
66,11,xgboost,1,0.05,6,2.2418048946835154,1.807009214175183
67,11,xgboost_naive_transfer,1,0.05,6,1.0290251402884427,0.822497416002175
68,11,xgboost,1,0.05,7,2.36681198582814,1.9045228492327597
69,11,xgboost_naive_transfer,1,0.05,7,1.0786327986156239,0.8617728045885585
70,11,xgboost,1,0.08,1,1.7989553770359954,1.4413543685118007
71,11,xgboost_naive_transfer,1,0.08,1,1.119604644614904,0.9038835642443286
72,11,xgboost,1,0.08,2,1.8320866326727785,1.4622352550745754
73,11,xgboost_naive_transfer,1,0.08,2,0.9110675149426257,0.7339045760840017
74,11,xgboost,1,0.08,3,1.846317683725899,1.473139255749264
75,11,xgboost_naive_transfer,1,0.08,3,0.9246630176245708,0.745746560469861
76,11,xgboost,1,0.08,4,1.960320291778924,1.5527918963526917
77,11,xgboost_naive_transfer,1,0.08,4,0.9559824294471285,0.7736349937790378
78,11,xgboost,1,0.08,5,2.143015120049327,1.7102959562102105
79,11,xgboost_naive_transfer,1,0.08,5,0.9979901904718674,0.8080955674013283
80,11,xgboost,1,0.08,6,2.2071229296388357,1.7846842369715066
81,11,xgboost_naive_transfer,1,0.08,6,1.0287604818729281,0.8210096277936859
82,11,xgboost,1,0.08,7,2.3536947809589654,1.8994468261357096
83,11,xgboost_naive_transfer,1,0.08,7,1.0695189350195986,0.860454823719758
84,11,xgboost,1,0.1,1,1.8397194028225645,1.469461356763703
85,11,xgboost_naive_transfer,1,0.1,1,1.1015046231683996,0.8882037776939566
86,11,xgboost,1,0.1,2,1.8060201130224462,1.4444543454248815
87,11,xgboost_naive_transfer,1,0.1,2,0.9091527843017299,0.7274934130788565
88,11,xgboost,1,0.1,3,1.842707390479344,1.4723095383236633
89,11,xgboost_naive_transfer,1,0.1,3,0.9301883415681236,0.7508877512561349
90,11,xgboost,1,0.1,4,2.014656499602876,1.6002239079433047
91,11,xgboost_naive_transfer,1,0.1,4,0.968705317120791,0.7769882835045596
92,11,xgboost,1,0.1,5,2.119875233284373,1.692663685785673
93,11,xgboost_naive_transfer,1,0.1,5,1.0160584517170652,0.8188042942332794
94,11,xgboost,1,0.1,6,2.281150257112746,1.8392771337630807
95,11,xgboost_naive_transfer,1,0.1,6,1.0319770404612614,0.8333242776442362
96,11,xgboost,1,0.1,7,2.339063987272464,1.8681591033062528
97,11,xgboost_naive_transfer,1,0.1,7,1.0848883868954131,0.866488014077059
98,11,xgboost,1,0.12,1,1.8039957316085993,1.4475591048772454
99,11,xgboost_naive_transfer,1,0.12,1,1.104426970211456,0.8906696022932735
100,11,xgboost,1,0.12,2,1.7648409594854526,1.4177655403717193
101,11,xgboost_naive_transfer,1,0.12,2,0.9423161914260928,0.7524445787487832
102,11,xgboost,1,0.12,3,1.8507891759479995,1.4780533474837474
103,11,xgboost_naive_transfer,1,0.12,3,0.950063841313953,0.7573464039072688
104,11,xgboost,1,0.12,4,1.9621558571923863,1.5572258687898448
105,11,xgboost_naive_transfer,1,0.12,4,0.9894698936490309,0.7949590264924438
106,11,xgboost,1,0.12,5,2.132699276801422,1.6986357292303584
107,11,xgboost_naive_transfer,1,0.12,5,1.0091889114854125,0.815470854774267
108,11,xgboost,1,0.12,6,2.250949344935299,1.8145341049395611
109,11,xgboost_naive_transfer,1,0.12,6,1.0505839529093584,0.8429619403525798
110,11,xgboost,1,0.12,7,2.366145844033667,1.8834445509163276
111,11,xgboost_naive_transfer,1,0.12,7,1.1127680080748428,0.8914672092119327
112,11,xgboost,1,0.15,1,1.7771646472310274,1.4257759749159038
113,11,xgboost_naive_transfer,1,0.15,1,1.1021975340231578,0.8892660659030092
114,11,xgboost,1,0.15,2,1.7919889665126791,1.4335707996547966
115,11,xgboost_naive_transfer,1,0.15,2,0.9450987464934649,0.7519035905757965
116,11,xgboost,1,0.15,3,1.8336253349779141,1.4703321821256141
117,11,xgboost_naive_transfer,1,0.15,3,0.9511736018965388,0.763334658660349
118,11,xgboost,1,0.15,4,1.9782742724751892,1.5838057844023194
119,11,xgboost_naive_transfer,1,0.15,4,0.988438399640535,0.8006271702967627
120,11,xgboost,1,0.15,5,2.1667855854939426,1.7323599784429684
121,11,xgboost_naive_transfer,1,0.15,5,1.0553580836871264,0.8493403568540705
122,11,xgboost,1,0.15,6,2.254358972497036,1.8138775510530667
123,11,xgboost_naive_transfer,1,0.15,6,1.029171428179528,0.8260235916567151
124,11,xgboost,1,0.15,7,2.3485323752567613,1.889013248178428
125,11,xgboost_naive_transfer,1,0.15,7,1.114231615683264,0.8883428629590642
126,12,xgboost,1,0.005,1,2.4391872730325392,1.9604412622434402
127,12,xgboost_naive_transfer,1,0.005,1,2.3488058411243116,1.8624573323421767
128,12,xgboost,1,0.005,2,2.031683178679082,1.639310260197817
129,12,xgboost_naive_transfer,1,0.005,2,1.6410166210717811,1.2945369413149848
130,12,xgboost,1,0.005,3,1.9668579294234212,1.5640059831243975
131,12,xgboost_naive_transfer,1,0.005,3,1.2679079102154323,0.9878511972517285
132,12,xgboost,1,0.005,4,2.0403166471402843,1.611770736226912
133,12,xgboost_naive_transfer,1,0.005,4,1.0689857733463015,0.8313737210577219
134,12,xgboost,1,0.005,5,2.147385634409276,1.7071718848971786
135,12,xgboost_naive_transfer,1,0.005,5,0.9775125920816676,0.7514354904522684
136,12,xgboost,1,0.005,6,2.2020458613135143,1.7491665939177101
137,12,xgboost_naive_transfer,1,0.005,6,0.9415531588170329,0.7259566655788194
138,12,xgboost,1,0.005,7,2.251710819248447,1.7928686696872105
139,12,xgboost_naive_transfer,1,0.005,7,0.9524018375469104,0.7332829156007792
140,12,xgboost,1,0.01,1,1.9840585178243124,1.580939362307408
141,12,xgboost_naive_transfer,1,0.01,1,1.7988273462626887,1.4106685845595537
142,12,xgboost,1,0.01,2,1.8786199609232968,1.499196722500095
143,12,xgboost_naive_transfer,1,0.01,2,1.1145081275074562,0.8638792806997739
144,12,xgboost,1,0.01,3,1.9480864082799894,1.5412228473293377
145,12,xgboost_naive_transfer,1,0.01,3,0.8373403100773551,0.6519043435007671
146,12,xgboost,1,0.01,4,2.0091440623186814,1.5825032437990507
147,12,xgboost_naive_transfer,1,0.01,4,0.7944544648234048,0.6151332761590483
148,12,xgboost,1,0.01,5,2.1274746952979724,1.6882605361315477
149,12,xgboost_naive_transfer,1,0.01,5,0.8619058527751385,0.6553841367007256
150,12,xgboost,1,0.01,6,2.1785393900570957,1.7310189732679302
151,12,xgboost_naive_transfer,1,0.01,6,0.894055667696839,0.6892016380571916
152,12,xgboost,1,0.01,7,2.224020028125894,1.78124657761789
153,12,xgboost_naive_transfer,1,0.01,7,0.9382049742362872,0.7202420960914819
154,12,xgboost,1,0.02,1,1.82377031374554,1.4417609202964758
155,12,xgboost_naive_transfer,1,0.02,1,1.3416377663774333,1.0408275288340323
156,12,xgboost,1,0.02,2,1.8687712484366243,1.4881420982347222
157,12,xgboost_naive_transfer,1,0.02,2,0.7605416326365758,0.5937880618932176
158,12,xgboost,1,0.02,3,1.9383086859405683,1.5311366617774498
159,12,xgboost_naive_transfer,1,0.02,3,0.7496053763792366,0.5866856266675
160,12,xgboost,1,0.02,4,2.0155480701578155,1.5873129025740087
161,12,xgboost_naive_transfer,1,0.02,4,0.8018438062579205,0.620508005395875
162,12,xgboost,1,0.02,5,2.123084065101182,1.6851185922919854
163,12,xgboost_naive_transfer,1,0.02,5,0.864867794379734,0.6595436771379657
164,12,xgboost,1,0.02,6,2.2005956974530805,1.7528499874392118
165,12,xgboost_naive_transfer,1,0.02,6,0.8976805051926561,0.6918508239940359
166,12,xgboost,1,0.02,7,2.2391311381377896,1.7791578085906516
167,12,xgboost_naive_transfer,1,0.02,7,0.9386635136885173,0.7226483144188738
168,12,xgboost,1,0.03,1,1.818808514262581,1.4379395101359878
169,12,xgboost_naive_transfer,1,0.03,1,1.177300923522233,0.9210303120925241
170,12,xgboost,1,0.03,2,1.8639737000669703,1.4773834095456126
171,12,xgboost_naive_transfer,1,0.03,2,0.751456571504116,0.5874484958673274
172,12,xgboost,1,0.03,3,1.9421155222093947,1.537108380404035
173,12,xgboost_naive_transfer,1,0.03,3,0.7573692615634139,0.5892385251532702
174,12,xgboost,1,0.03,4,2.007959093604843,1.5819178414797948
175,12,xgboost_naive_transfer,1,0.03,4,0.8024816444918521,0.626247416187045
176,12,xgboost,1,0.03,5,2.1534069538310106,1.7083061694225716
177,12,xgboost_naive_transfer,1,0.03,5,0.8519377828489786,0.6469176726693502
178,12,xgboost,1,0.03,6,2.170189088359441,1.7235955967511492
179,12,xgboost_naive_transfer,1,0.03,6,0.9038578819685152,0.6910066677826253
180,12,xgboost,1,0.03,7,2.2089550227442345,1.7453059933221775
181,12,xgboost_naive_transfer,1,0.03,7,0.9509634089144381,0.7294275894760558
182,12,xgboost,1,0.05,1,1.7964545384178359,1.4116630056867023
183,12,xgboost_naive_transfer,1,0.05,1,1.1005002195968447,0.8649095587236363
184,12,xgboost,1,0.05,2,1.883645678322782,1.5011387436273143
185,12,xgboost_naive_transfer,1,0.05,2,0.7204119841990392,0.5652970322605554
186,12,xgboost,1,0.05,3,1.940755361040842,1.5263564934579816
187,12,xgboost_naive_transfer,1,0.05,3,0.7439637250261981,0.5859820688684986
188,12,xgboost,1,0.05,4,2.0213022666084406,1.5977222897438652
189,12,xgboost_naive_transfer,1,0.05,4,0.7857616225728279,0.6089105975671755
190,12,xgboost,1,0.05,5,2.1330715116644234,1.6819359904897326
191,12,xgboost_naive_transfer,1,0.05,5,0.8527144725294409,0.6495818066530832
192,12,xgboost,1,0.05,6,2.1998375993552886,1.7525094617562222
193,12,xgboost_naive_transfer,1,0.05,6,0.9253336019049271,0.7052696015696674
194,12,xgboost,1,0.05,7,2.2339273044404058,1.7737947996334706
195,12,xgboost_naive_transfer,1,0.05,7,0.9583372836522907,0.735827620112747
196,12,xgboost,1,0.08,1,1.8046583588407836,1.4237890765838357
197,12,xgboost_naive_transfer,1,0.08,1,1.0836476175413179,0.8518007907303569
198,12,xgboost,1,0.08,2,1.8559170829077842,1.4614207392233787
199,12,xgboost_naive_transfer,1,0.08,2,0.7442763572672451,0.5776133726729438
200,12,xgboost,1,0.08,3,1.9561615500736924,1.5438762043603005
201,12,xgboost_naive_transfer,1,0.08,3,0.7550964894732093,0.5855845175959892
202,12,xgboost,1,0.08,4,2.0592933655487533,1.6239153818350578
203,12,xgboost_naive_transfer,1,0.08,4,0.821510234102337,0.6372282108734101
204,12,xgboost,1,0.08,5,2.1369593652789933,1.684790592448499
205,12,xgboost_naive_transfer,1,0.08,5,0.8893900001354041,0.6791206595023941
206,12,xgboost,1,0.08,6,2.2314514771673255,1.7855432738317565
207,12,xgboost_naive_transfer,1,0.08,6,0.9116767542313475,0.7046246029015758
208,12,xgboost,1,0.08,7,2.193170937870534,1.7468387692567753
209,12,xgboost_naive_transfer,1,0.08,7,0.9959479628628908,0.7763951812307851
210,12,xgboost,1,0.1,1,1.7978333464690788,1.4129071333339445
211,12,xgboost_naive_transfer,1,0.1,1,1.0599298159600103,0.8339735453182666
212,12,xgboost,1,0.1,2,1.8253320316248465,1.4481842314153195
213,12,xgboost_naive_transfer,1,0.1,2,0.7231196062748558,0.5674816972889717
214,12,xgboost,1,0.1,3,1.9166840619318641,1.5064356697707886
215,12,xgboost_naive_transfer,1,0.1,3,0.7630642808456802,0.5968265542235522
216,12,xgboost,1,0.1,4,2.0405198328958076,1.614654151974957
217,12,xgboost_naive_transfer,1,0.1,4,0.8455067973815255,0.6513312194896405
218,12,xgboost,1,0.1,5,2.152637460281166,1.7068725692202578
219,12,xgboost_naive_transfer,1,0.1,5,0.8960048060782547,0.6921896672269566
220,12,xgboost,1,0.1,6,2.219533298660248,1.7593699495838333
221,12,xgboost_naive_transfer,1,0.1,6,0.9304650255619117,0.7134317832201248
222,12,xgboost,1,0.1,7,2.1868178425802554,1.736898790862054
223,12,xgboost_naive_transfer,1,0.1,7,0.9830636180571317,0.7544039222109588
224,12,xgboost,1,0.12,1,1.804847399188663,1.424147603652252
225,12,xgboost_naive_transfer,1,0.12,1,1.0887918425937615,0.8554511609377002
226,12,xgboost,1,0.12,2,1.8500748175030735,1.463616816947693
227,12,xgboost_naive_transfer,1,0.12,2,0.7276265285949941,0.5725331878483255
228,12,xgboost,1,0.12,3,1.9434670697001377,1.5376781343444823
229,12,xgboost_naive_transfer,1,0.12,3,0.7688379218976669,0.6114526895415263
230,12,xgboost,1,0.12,4,2.0117571312767946,1.5916209013247453
231,12,xgboost_naive_transfer,1,0.12,4,0.8522046180093129,0.6617607492866167
232,12,xgboost,1,0.12,5,2.1649742249934936,1.7149968000839808
233,12,xgboost_naive_transfer,1,0.12,5,0.8884617270488554,0.6861246351565324
234,12,xgboost,1,0.12,6,2.1463305938253545,1.6935957563941368
235,12,xgboost_naive_transfer,1,0.12,6,0.9726843517749176,0.7437641299673695
236,12,xgboost,1,0.12,7,2.262789683076957,1.8008875900015051
237,12,xgboost_naive_transfer,1,0.12,7,0.9755227304218081,0.7545338557057482
238,12,xgboost,1,0.15,1,1.8100787276808024,1.4272073660539855
239,12,xgboost_naive_transfer,1,0.15,1,1.071338799663772,0.8449534249220394
240,12,xgboost,1,0.15,2,1.8092014738258149,1.4338331030242288
241,12,xgboost_naive_transfer,1,0.15,2,0.7487725419204115,0.5880210076792184
242,12,xgboost,1,0.15,3,1.921838042350466,1.487014236780819
243,12,xgboost_naive_transfer,1,0.15,3,0.7950025373563873,0.6247733086632556
244,12,xgboost,1,0.15,4,2.05548446656121,1.625239132486766
245,12,xgboost_naive_transfer,1,0.15,4,0.8496143093794625,0.6597152113153972
246,12,xgboost,1,0.15,5,2.124295371828581,1.6952276752142326
247,12,xgboost_naive_transfer,1,0.15,5,0.9048062885573368,0.6883710049891245
248,12,xgboost,1,0.15,6,2.1972274828756566,1.7374453635922533
249,12,xgboost_naive_transfer,1,0.15,6,0.9569719904538082,0.7305466962427606
250,12,xgboost,1,0.15,7,2.1660939324403614,1.7235024958219283
251,12,xgboost_naive_transfer,1,0.15,7,1.0037687287696535,0.7670712182746589
252,13,xgboost,1,0.005,1,2.400438184096767,1.909231893032776
253,13,xgboost_naive_transfer,1,0.005,1,2.343349901052483,1.9238265854623051
254,13,xgboost,1,0.005,2,2.04403940045304,1.6377085956679374
255,13,xgboost_naive_transfer,1,0.005,2,1.450070568080716,1.170481980564733
256,13,xgboost,1,0.005,3,2.0499369538817436,1.640414492465688
257,13,xgboost_naive_transfer,1,0.005,3,0.9714874390571334,0.7860752677901595
258,13,xgboost,1,0.005,4,2.243013001756274,1.7723061224197008
259,13,xgboost_naive_transfer,1,0.005,4,0.7274723844702683,0.5847498079470874
260,13,xgboost,1,0.005,5,2.5899124877654827,2.056477765374049
261,13,xgboost_naive_transfer,1,0.005,5,0.6572344761877941,0.5192073289393757
262,13,xgboost,1,0.005,6,2.7432896068475396,2.207741203602117
263,13,xgboost_naive_transfer,1,0.005,6,0.6464851475917166,0.5065973724152788
264,13,xgboost,1,0.005,7,2.9343331370122407,2.346672427994059
265,13,xgboost_naive_transfer,1,0.005,7,0.6906569496968642,0.5426313713469845
266,13,xgboost,1,0.01,1,1.993187164322914,1.5805181121148493
267,13,xgboost_naive_transfer,1,0.01,1,1.5995413010674286,1.296476131264521
268,13,xgboost,1,0.01,2,1.9588637549165848,1.5576368099281976
269,13,xgboost_naive_transfer,1,0.01,2,0.7624827243150141,0.6095697832523692
270,13,xgboost,1,0.01,3,2.0128826770345003,1.609937002908796
271,13,xgboost_naive_transfer,1,0.01,3,0.5696062107446019,0.46132466812068634
272,13,xgboost,1,0.01,4,2.4410296020693223,1.9325195292791113
273,13,xgboost_naive_transfer,1,0.01,4,0.5564863409641471,0.43753777098775093
274,13,xgboost,1,0.01,5,2.5824016768224904,2.0482160122931963
275,13,xgboost_naive_transfer,1,0.01,5,0.5965342596445027,0.46535295698507295
276,13,xgboost,1,0.01,6,2.7525814998243807,2.21377688942249
277,13,xgboost_naive_transfer,1,0.01,6,0.6340509370113947,0.4956132327112822
278,13,xgboost,1,0.01,7,2.937817735527368,2.350613362904387
279,13,xgboost_naive_transfer,1,0.01,7,0.6968961577325297,0.5488234992709585
280,13,xgboost,1,0.02,1,1.8095189338724718,1.4361972054055798
281,13,xgboost_naive_transfer,1,0.02,1,1.039405054644866,0.8293627896340834
282,13,xgboost,1,0.02,2,1.9651302803753927,1.5645510098124367
283,13,xgboost_naive_transfer,1,0.02,2,0.5369035332026931,0.42941511828580303
284,13,xgboost,1,0.02,3,2.0476921837265376,1.6401770401927065
285,13,xgboost_naive_transfer,1,0.02,3,0.5231469243370951,0.41901341828941224
286,13,xgboost,1,0.02,4,2.2321460106949513,1.7655066714851768
287,13,xgboost_naive_transfer,1,0.02,4,0.5563201956898837,0.4376430550162935
288,13,xgboost,1,0.02,5,2.58159786921648,2.0485570304389507
289,13,xgboost_naive_transfer,1,0.02,5,0.5950947987462724,0.46471823137480894
290,13,xgboost,1,0.02,6,2.7499061903041717,2.206780831442081
291,13,xgboost_naive_transfer,1,0.02,6,0.6360750146487736,0.4915949157532452
292,13,xgboost,1,0.02,7,2.9210214336682845,2.341068442880923
293,13,xgboost_naive_transfer,1,0.02,7,0.6922403050262365,0.5446524328463075
294,13,xgboost,1,0.03,1,1.8395534323345188,1.4591157247859001
295,13,xgboost_naive_transfer,1,0.03,1,0.8968539988866044,0.7121844430999438
296,13,xgboost,1,0.03,2,1.910229132434836,1.5184679104258507
297,13,xgboost_naive_transfer,1,0.03,2,0.521130259085032,0.4158310946916635
298,13,xgboost,1,0.03,3,2.0375638015534725,1.6343606376065913
299,13,xgboost_naive_transfer,1,0.03,3,0.5239919895718758,0.4188913803942088
300,13,xgboost,1,0.03,4,2.2113803084663517,1.7470060075205773
301,13,xgboost_naive_transfer,1,0.03,4,0.5565851760820074,0.43893016598168083
302,13,xgboost,1,0.03,5,2.585567680164402,2.0450416681741634
303,13,xgboost_naive_transfer,1,0.03,5,0.5948049695215599,0.46202550510275037
304,13,xgboost,1,0.03,6,2.696807241656563,2.1719691782887334
305,13,xgboost_naive_transfer,1,0.03,6,0.6397213056964887,0.5012701204501633
306,13,xgboost,1,0.03,7,2.8815759170089015,2.3082099704709935
307,13,xgboost_naive_transfer,1,0.03,7,0.6987595653728429,0.5466300209120862
308,13,xgboost,1,0.05,1,1.803704160231248,1.432384301154522
309,13,xgboost_naive_transfer,1,0.05,1,0.8591906194069932,0.6813428374151894
310,13,xgboost,1,0.05,2,1.9531329545229448,1.5539916455012948
311,13,xgboost_naive_transfer,1,0.05,2,0.507930361588139,0.4028758966748783
312,13,xgboost,1,0.05,3,1.9747893097517961,1.587780682053072
313,13,xgboost_naive_transfer,1,0.05,3,0.5339316986831346,0.42738839733900896
314,13,xgboost,1,0.05,4,2.2265805513229044,1.756887122095774
315,13,xgboost_naive_transfer,1,0.05,4,0.5744366886128283,0.45598370559160173
316,13,xgboost,1,0.05,5,2.5805428942822926,2.0500932525699884
317,13,xgboost_naive_transfer,1,0.05,5,0.5993182771059318,0.46806679677924173
318,13,xgboost,1,0.05,6,2.7115767147963377,2.1823403884786794
319,13,xgboost_naive_transfer,1,0.05,6,0.6534285753344641,0.5105201228244046
320,13,xgboost,1,0.05,7,2.862783934508889,2.2915203460523363
321,13,xgboost_naive_transfer,1,0.05,7,0.6991785581529243,0.5503062645881693
322,13,xgboost,1,0.08,1,1.828645494467885,1.4530054550673819
323,13,xgboost_naive_transfer,1,0.08,1,0.8649977670240285,0.6863021051747314
324,13,xgboost,1,0.08,2,1.879041385858103,1.496259969571991
325,13,xgboost_naive_transfer,1,0.08,2,0.5304654699054782,0.4209178246940636
326,13,xgboost,1,0.08,3,2.0244553607380227,1.6134192587785805
327,13,xgboost_naive_transfer,1,0.08,3,0.5511221717975103,0.4429469674606248
328,13,xgboost,1,0.08,4,2.22007836062256,1.7551137311632767
329,13,xgboost_naive_transfer,1,0.08,4,0.5875894566540392,0.4591446635511483
330,13,xgboost,1,0.08,5,2.572239925535098,2.0386430535235287
331,13,xgboost_naive_transfer,1,0.08,5,0.6043288872364913,0.47536795927585423
332,13,xgboost,1,0.08,6,2.6883518947015412,2.1497588034567197
333,13,xgboost_naive_transfer,1,0.08,6,0.6643539669868004,0.5283502618638629
334,13,xgboost,1,0.08,7,2.835058518664888,2.2743679817311344
335,13,xgboost_naive_transfer,1,0.08,7,0.7365032622138,0.5805295971080752
336,13,xgboost,1,0.1,1,1.8178089704979843,1.445115804610924
337,13,xgboost_naive_transfer,1,0.1,1,0.8648442704480216,0.6859034241892066
338,13,xgboost,1,0.1,2,1.8906606083508908,1.5202833911355087
339,13,xgboost_naive_transfer,1,0.1,2,0.5215481030300141,0.41771842997785485
340,13,xgboost,1,0.1,3,2.0764312602414554,1.6655981669908488
341,13,xgboost_naive_transfer,1,0.1,3,0.5644024741227839,0.44817093566514865
342,13,xgboost,1,0.1,4,2.2232139412879466,1.749761292776423
343,13,xgboost_naive_transfer,1,0.1,4,0.6023856357484753,0.469508215262887
344,13,xgboost,1,0.1,5,2.544729983279144,2.0067477039881143
345,13,xgboost_naive_transfer,1,0.1,5,0.6293175262610761,0.48963592531833994
346,13,xgboost,1,0.1,6,2.7517501085171836,2.2155274646531438
347,13,xgboost_naive_transfer,1,0.1,6,0.6756327851325535,0.5305794672827344
348,13,xgboost,1,0.1,7,2.902865367338296,2.3183321531010113
349,13,xgboost_naive_transfer,1,0.1,7,0.7462902979383362,0.5830050418278793
350,13,xgboost,1,0.12,1,1.7822257505330927,1.4156499412221615
351,13,xgboost_naive_transfer,1,0.12,1,0.863686702652246,0.6860185101694368
352,13,xgboost,1,0.12,2,1.8993843453461812,1.5157563095865099
353,13,xgboost_naive_transfer,1,0.12,2,0.5430187793208323,0.43618660317100044
354,13,xgboost,1,0.12,3,2.0099660187041932,1.6084207249379483
355,13,xgboost_naive_transfer,1,0.12,3,0.5553657148666292,0.4407513527317412
356,13,xgboost,1,0.12,4,2.2096316483953413,1.7648705006451237
357,13,xgboost_naive_transfer,1,0.12,4,0.6376242186084576,0.5001481617388471
358,13,xgboost,1,0.12,5,2.5695987472925537,2.030675782597648
359,13,xgboost_naive_transfer,1,0.12,5,0.6779041921584418,0.5254803397575831
360,13,xgboost,1,0.12,6,2.7802490812838783,2.234778029245591
361,13,xgboost_naive_transfer,1,0.12,6,0.6770660840230442,0.5313024488897219
362,13,xgboost,1,0.12,7,2.8779960313257433,2.3026012224285783
363,13,xgboost_naive_transfer,1,0.12,7,0.7539025878142506,0.5872515408202473
364,13,xgboost,1,0.15,1,1.7900455246633111,1.421617279797263
365,13,xgboost_naive_transfer,1,0.15,1,0.873612950503618,0.6956511909711933
366,13,xgboost,1,0.15,2,1.9360943581975465,1.5349272692912772
367,13,xgboost_naive_transfer,1,0.15,2,0.5753519102676373,0.4556244448384261
368,13,xgboost,1,0.15,3,2.0255805600977856,1.6250457116394497
369,13,xgboost_naive_transfer,1,0.15,3,0.5745959187640984,0.45518487102354604
370,13,xgboost,1,0.15,4,2.188749984538982,1.7310424257055406
371,13,xgboost_naive_transfer,1,0.15,4,0.644444696543343,0.5042603636030856
372,13,xgboost,1,0.15,5,2.427167711456233,1.9391387240155806
373,13,xgboost_naive_transfer,1,0.15,5,0.6759671514766309,0.5300064966701122
374,13,xgboost,1,0.15,6,2.7399751414343725,2.2052535119822543
375,13,xgboost_naive_transfer,1,0.15,6,0.7020973325729136,0.5466163198128235
376,13,xgboost,1,0.15,7,2.8423601801867764,2.2870939257406486
377,13,xgboost_naive_transfer,1,0.15,7,0.7900717514033903,0.6223690014757638
378,14,xgboost,1,0.005,1,2.3433526914188163,1.8664518743591434
379,14,xgboost_naive_transfer,1,0.005,1,2.2077375148697476,1.7487053864559088
380,14,xgboost,1,0.005,2,1.861511104693883,1.4843743763190165
381,14,xgboost_naive_transfer,1,0.005,2,1.4950488830535273,1.1614844507329694
382,14,xgboost,1,0.005,3,1.9158357933402017,1.5180103228081196
383,14,xgboost_naive_transfer,1,0.005,3,1.1245478827361917,0.863464437958852
384,14,xgboost,1,0.005,4,2.047353477549977,1.6234862922073232
385,14,xgboost_naive_transfer,1,0.005,4,0.9181064511637471,0.7080458163820829
386,14,xgboost,1,0.005,5,2.180111886535516,1.7284367539896905
387,14,xgboost_naive_transfer,1,0.005,5,0.8656359454700623,0.6646213203296745
388,14,xgboost,1,0.005,6,2.320791202987095,1.8380612179484068
389,14,xgboost_naive_transfer,1,0.005,6,0.8570095123821736,0.6665135919025688
390,14,xgboost,1,0.005,7,2.6255132575939077,2.072638835433745
391,14,xgboost_naive_transfer,1,0.005,7,0.9002302959410969,0.6974758035662828
392,14,xgboost,1,0.01,1,1.8397465457227358,1.462683077385241
393,14,xgboost_naive_transfer,1,0.01,1,1.6590908731538023,1.2878904903013912
394,14,xgboost,1,0.01,2,1.6829617370678491,1.341526837049436
395,14,xgboost_naive_transfer,1,0.01,2,0.9561432901638866,0.722782190416181
396,14,xgboost,1,0.01,3,1.8269328435419219,1.438231533889323
397,14,xgboost_naive_transfer,1,0.01,3,0.7290215280531497,0.5709108392034559
398,14,xgboost,1,0.01,4,2.002185603939514,1.5883604263797946
399,14,xgboost_naive_transfer,1,0.01,4,0.7376446104974376,0.5795536406548959
400,14,xgboost,1,0.01,5,2.1476744341408467,1.699464231221984
401,14,xgboost_naive_transfer,1,0.01,5,0.7857593845437412,0.6132603435990177
402,14,xgboost,1,0.01,6,2.2901282398474927,1.818271001261584
403,14,xgboost_naive_transfer,1,0.01,6,0.838951791918132,0.6576422847315488
404,14,xgboost,1,0.01,7,2.5983749823824724,2.049337249204962
405,14,xgboost_naive_transfer,1,0.01,7,0.8956775775160917,0.7021622249412789
406,14,xgboost,1,0.02,1,1.6508391292744078,1.3032849193320994
407,14,xgboost_naive_transfer,1,0.02,1,1.1772359694047174,0.902903919459495
408,14,xgboost,1,0.02,2,1.6610442742070537,1.323444662294788
409,14,xgboost_naive_transfer,1,0.02,2,0.6585822510248072,0.5287330582479228
410,14,xgboost,1,0.02,3,1.8210171043720513,1.4400186000508428
411,14,xgboost_naive_transfer,1,0.02,3,0.7023711700153434,0.5568313684402522
412,14,xgboost,1,0.02,4,2.003003533264949,1.5915648797901958
413,14,xgboost_naive_transfer,1,0.02,4,0.74390362254117,0.5838081192590521
414,14,xgboost,1,0.02,5,2.1494576548132525,1.6982260968274094
415,14,xgboost_naive_transfer,1,0.02,5,0.7918699046392564,0.6166207368218829
416,14,xgboost,1,0.02,6,2.3052343399489734,1.8329295097176155
417,14,xgboost_naive_transfer,1,0.02,6,0.824487609199321,0.6521767550355005
418,14,xgboost,1,0.02,7,2.5912571252244216,2.0465842735245334
419,14,xgboost_naive_transfer,1,0.02,7,0.8922035992670703,0.6909165747921031
420,14,xgboost,1,0.03,1,1.691786706082636,1.3384069440365916
421,14,xgboost_naive_transfer,1,0.03,1,0.9865492099111531,0.772444561713442
422,14,xgboost,1,0.03,2,1.6828321849159942,1.3416228968162323
423,14,xgboost_naive_transfer,1,0.03,2,0.6616141972908015,0.5295141322103276
424,14,xgboost,1,0.03,3,1.8368114214316533,1.4487877242725575
425,14,xgboost_naive_transfer,1,0.03,3,0.7038324971423979,0.560341228267934
426,14,xgboost,1,0.03,4,2.0049941174538173,1.5939605651600646
427,14,xgboost_naive_transfer,1,0.03,4,0.7336751946200025,0.5745610141795974
428,14,xgboost,1,0.03,5,2.1511527693052654,1.7004062008535925
429,14,xgboost_naive_transfer,1,0.03,5,0.777989470785134,0.6121775159885092
430,14,xgboost,1,0.03,6,2.292851608899301,1.8250328765693062
431,14,xgboost_naive_transfer,1,0.03,6,0.8412380963220757,0.6569846247545313
432,14,xgboost,1,0.03,7,2.5858666360408358,2.042846728937052
433,14,xgboost_naive_transfer,1,0.03,7,0.9042491305202676,0.7127885939831659
434,14,xgboost,1,0.05,1,1.673750469108692,1.3236608315547884
435,14,xgboost_naive_transfer,1,0.05,1,0.9045807355323412,0.7227981739665673
436,14,xgboost,1,0.05,2,1.6619018372916603,1.3241366101600174
437,14,xgboost_naive_transfer,1,0.05,2,0.6636371013915481,0.5348346923331401
438,14,xgboost,1,0.05,3,1.827939884565592,1.4479813381258586
439,14,xgboost_naive_transfer,1,0.05,3,0.7120915215946948,0.563477348951628
440,14,xgboost,1,0.05,4,2.0164275564630447,1.6097259834095559
441,14,xgboost_naive_transfer,1,0.05,4,0.7556435385619439,0.5987543126768027
442,14,xgboost,1,0.05,5,2.1066652991768096,1.6658343888844274
443,14,xgboost_naive_transfer,1,0.05,5,0.7936562870133391,0.6129333907728888
444,14,xgboost,1,0.05,6,2.3291955709641092,1.8492041991246637
445,14,xgboost_naive_transfer,1,0.05,6,0.8523537781197292,0.6684788764030875
446,14,xgboost,1,0.05,7,2.558765856830989,2.014448262943822
447,14,xgboost_naive_transfer,1,0.05,7,0.8998692936713332,0.6952121586946015
448,14,xgboost,1,0.08,1,1.6662947328667612,1.3167860387394834
449,14,xgboost_naive_transfer,1,0.08,1,0.904995722828907,0.7232364936684403
450,14,xgboost,1,0.08,2,1.6694765512947518,1.325691778205091
451,14,xgboost_naive_transfer,1,0.08,2,0.6749188507722966,0.5409462802237617
452,14,xgboost,1,0.08,3,1.8299109696829507,1.4422587983798172
453,14,xgboost_naive_transfer,1,0.08,3,0.7113854059169169,0.5628946948508701
454,14,xgboost,1,0.08,4,2.0253612498369225,1.5932998619128538
455,14,xgboost_naive_transfer,1,0.08,4,0.783528577973841,0.6166706593788287
456,14,xgboost,1,0.08,5,2.1587993321084205,1.7209485193470444
457,14,xgboost_naive_transfer,1,0.08,5,0.7960682993734903,0.620486320268073
458,14,xgboost,1,0.08,6,2.333425207935922,1.849685501920917
459,14,xgboost_naive_transfer,1,0.08,6,0.8569903481718735,0.6734907482331142
460,14,xgboost,1,0.08,7,2.5319862217483977,1.9992847030202656
461,14,xgboost_naive_transfer,1,0.08,7,0.9120504542004471,0.7227919876225005
462,14,xgboost,1,0.1,1,1.6688591243180841,1.3189825255429064
463,14,xgboost_naive_transfer,1,0.1,1,0.9072012371584047,0.7245301921208707
464,14,xgboost,1,0.1,2,1.6776051557724316,1.3310220035764815
465,14,xgboost_naive_transfer,1,0.1,2,0.6719586350760544,0.5397077521322744
466,14,xgboost,1,0.1,3,1.8529414123031804,1.4606583905039516
467,14,xgboost_naive_transfer,1,0.1,3,0.7388300938780169,0.5862401729693028
468,14,xgboost,1,0.1,4,1.9961280241008073,1.573844764127054
469,14,xgboost_naive_transfer,1,0.1,4,0.7840899880242611,0.6172589030574278
470,14,xgboost,1,0.1,5,2.1212188237354606,1.6771611726577769
471,14,xgboost_naive_transfer,1,0.1,5,0.8178052247972128,0.6437602446755117
472,14,xgboost,1,0.1,6,2.4162415886725834,1.9142801858023881
473,14,xgboost_naive_transfer,1,0.1,6,0.8861982377287384,0.6957530816118533
474,14,xgboost,1,0.1,7,2.5547124231653706,2.018078551206498
475,14,xgboost_naive_transfer,1,0.1,7,0.9139133014910041,0.7174896833199617
476,14,xgboost,1,0.12,1,1.6547197329171899,1.309953191209621
477,14,xgboost_naive_transfer,1,0.12,1,0.9013032632387141,0.7213093703543577
478,14,xgboost,1,0.12,2,1.6839681654024428,1.3426290487865635
479,14,xgboost_naive_transfer,1,0.12,2,0.6760119980535914,0.5452981264063538
480,14,xgboost,1,0.12,3,1.8666158075551849,1.4792466937891902
481,14,xgboost_naive_transfer,1,0.12,3,0.7523794820815317,0.5941075461580141
482,14,xgboost,1,0.12,4,1.949358079770566,1.5409697454317839
483,14,xgboost_naive_transfer,1,0.12,4,0.7952352052079841,0.6245865713432334
484,14,xgboost,1,0.12,5,2.1677841853841056,1.713795531226548
485,14,xgboost_naive_transfer,1,0.12,5,0.8187768281665684,0.6469655722917836
486,14,xgboost,1,0.12,6,2.379479234027539,1.89095393854011
487,14,xgboost_naive_transfer,1,0.12,6,0.9064935617384655,0.699970118291226
488,14,xgboost,1,0.12,7,2.5274425848116486,2.0085488052656593
489,14,xgboost_naive_transfer,1,0.12,7,0.9519289686327974,0.748519876929222
490,14,xgboost,1,0.15,1,1.6605450000021083,1.3104909708328532
491,14,xgboost_naive_transfer,1,0.15,1,0.9151577520376674,0.7300545614356417
492,14,xgboost,1,0.15,2,1.7170841370776844,1.3626803254256443
493,14,xgboost_naive_transfer,1,0.15,2,0.6992499910091168,0.5641772709120443
494,14,xgboost,1,0.15,3,1.7779972758526121,1.3859223132559884
495,14,xgboost_naive_transfer,1,0.15,3,0.7644035589086896,0.6016786322741932
496,14,xgboost,1,0.15,4,2.038900049418593,1.6154237985643318
497,14,xgboost_naive_transfer,1,0.15,4,0.8204432763445701,0.6471886881937562
498,14,xgboost,1,0.15,5,2.1344356649316274,1.6893216706945047
499,14,xgboost_naive_transfer,1,0.15,5,0.868488726072604,0.6822840115156555
500,14,xgboost,1,0.15,6,2.363047862084612,1.8639172449610073
501,14,xgboost_naive_transfer,1,0.15,6,0.9301004096213302,0.715486704094724
502,14,xgboost,1,0.15,7,2.4810830141565052,1.9638967699082233
503,14,xgboost_naive_transfer,1,0.15,7,0.9410542898843931,0.738751978668882
