,seed,v,target_tree_size,val_rmse,val_mae,rmse,mae
0,860.0,0.1,1.0,0.1286824773118094,0.09765194737212488,0.11393247092419712,0.08653001945982611
1,860.0,0.1,2.0,0.13060561899484513,0.09967124784215456,0.11079037139548813,0.08808879559485612
2,860.0,0.1,3.0,0.13340629871826604,0.0998838057188981,0.12032139925289399,0.08848168025876967
3,860.0,0.1,4.0,0.13042415004183222,0.09521560039028847,0.12618959842079244,0.08968434745420842
4,860.0,0.1,5.0,0.13829297874694313,0.10010746279700387,0.12643147559773094,0.09001350211507356
5,860.0,0.1,6.0,0.13828589950553094,0.10154889293550892,0.1285655452227721,0.09050570496197383
6,861.0,0.1,1.0,0.1041576311815363,0.07272533632687259,0.130211792625635,0.0885125683766189
7,861.0,0.1,2.0,0.10131463594275486,0.06794072377489319,0.12979759721418896,0.08559924451854842
8,861.0,0.1,3.0,0.10257622589280112,0.07042929220007171,0.12969177918709335,0.08623437813612408
9,861.0,0.1,4.0,0.10113327389376692,0.0678123768341477,0.12958999094826093,0.08581968011585245
10,861.0,0.1,5.0,0.10111155719951681,0.06671049704367844,0.13108210904522907,0.08681276322515863
11,861.0,0.1,6.0,0.09919593888579858,0.06552529301977819,0.13191638978350348,0.08751246279805351
12,862.0,0.1,1.0,0.1482371889845701,0.10259013476125914,0.08511229365796169,0.062194877097685945
13,862.0,0.1,2.0,0.14316566258528968,0.10037040142456169,0.08292784278203756,0.05947563799694783
14,862.0,0.1,3.0,0.14158317740460835,0.10025103508836454,0.07910374017211229,0.059458190532631364
15,862.0,0.1,4.0,0.14794389100875016,0.10474710706067288,0.09045706067993503,0.06676438339916044
16,862.0,0.1,5.0,0.15275340739978524,0.10772198038962777,0.09435324086440247,0.06824797916395167
17,862.0,0.1,6.0,0.1496345733124988,0.10610234369982009,0.09370811837952071,0.06827693548429055
18,863.0,0.1,1.0,0.119610502256859,0.07081590343414722,0.10718941185940596,0.08055844092463943
19,863.0,0.1,2.0,0.11936512274114547,0.0694807807711054,0.10402358874479672,0.07748353383428651
20,863.0,0.1,3.0,0.12259649972969015,0.07240209790434354,0.10678541060228657,0.0761642128808759
21,863.0,0.1,4.0,0.12297388203622926,0.07068933935277623,0.10937271073730387,0.08350520062023156
22,863.0,0.1,5.0,0.12099695331935856,0.06791678406901118,0.11277886351025486,0.08234009567127554
23,863.0,0.1,6.0,0.1216188758249849,0.0688186626889709,0.11396550770980032,0.0826829117857012
24,864.0,0.1,1.0,0.0924207792386529,0.06520204473809428,0.14806613525367116,0.1038433053899677
25,864.0,0.1,2.0,0.09549595673556,0.0693666583428279,0.14950692346634645,0.1052870256803209
26,864.0,0.1,3.0,0.0967450617237548,0.06879078612370075,0.15079713830831,0.1055832252234827
27,864.0,0.1,4.0,0.09531803954856995,0.07183145737488747,0.1522931617416688,0.10771258820055206
28,864.0,0.1,5.0,0.09261439028476705,0.07259367121817892,0.1481161111421736,0.10570689060810701
29,864.0,0.1,6.0,0.09218119630337504,0.07272382766626566,0.14688396940265036,0.10613393909950206
30,865.0,0.1,1.0,0.06796153216615142,0.04897257940233859,0.14422561638240725,0.1138027355274913
31,865.0,0.1,2.0,0.07084823308051673,0.05069504427119503,0.1487479409289049,0.1177961476023267
32,865.0,0.1,3.0,0.06860455354143928,0.049354940733055026,0.1457161785691849,0.11493499436659142
33,865.0,0.1,4.0,0.06909575212233422,0.051475812320002236,0.14666670363036777,0.11695911432940809
34,865.0,0.1,5.0,0.07210832253480781,0.05315825772691599,0.148094089940339,0.11902365855103735
35,865.0,0.1,6.0,0.07270854096773618,0.05406458004030763,0.14753007341573884,0.1176529182254828
36,866.0,0.1,1.0,0.09857525812831971,0.07001778808273271,0.1124820329808456,0.08054286804551046
37,866.0,0.1,2.0,0.10055387014773207,0.07195439678699693,0.116944705399306,0.08281408092411544
38,866.0,0.1,3.0,0.10259395323920137,0.06926617092060873,0.11508344717321953,0.08220329536706887
39,866.0,0.1,4.0,0.1020028260753646,0.06771067894047812,0.12522077493497397,0.0898190051538045
40,866.0,0.1,5.0,0.10407549983154976,0.07036791684215418,0.12603183257736578,0.09440101764032863
41,866.0,0.1,6.0,0.10409862964700747,0.06914119171084064,0.12734848210502844,0.09401827418842235
42,867.0,0.1,1.0,0.09570554145921108,0.075779522514427,0.12072504142737404,0.08235884676240071
43,867.0,0.1,2.0,0.09320133142267223,0.07237718841891319,0.12119157459732724,0.08556425916790925
44,867.0,0.1,3.0,0.0907717104103953,0.07127429086604654,0.118014341580007,0.08426008751242019
45,867.0,0.1,4.0,0.09424380605763484,0.0731550072365462,0.12090177101999151,0.08758665189178055
46,867.0,0.1,5.0,0.0961566891499355,0.07392998635746666,0.11920891831067358,0.08407008262349425
47,867.0,0.1,6.0,0.09763667056853804,0.07610251605488487,0.12002518763341256,0.08561791824936829
48,868.0,0.1,1.0,0.09503726140384648,0.0670477439951394,0.12779611471160154,0.09368070999467559
49,868.0,0.1,2.0,0.104004951958012,0.07074552777761468,0.13265909313233515,0.09528921042535723
50,868.0,0.1,3.0,0.10465170561451166,0.0707087837589517,0.14000012835350586,0.10335688438840643
51,868.0,0.1,4.0,0.10083732260929525,0.06878524866394882,0.13419884286294156,0.09915645589549314
52,868.0,0.1,5.0,0.09444147585496178,0.06659491281218169,0.13594109647670224,0.10328520656368115
53,868.0,0.1,6.0,0.09906897489041644,0.07006351829942468,0.13342287592589633,0.10236521405458558
54,869.0,0.1,1.0,0.1178408775572187,0.08541167707061609,0.1384515033861171,0.10426967623641654
55,869.0,0.1,2.0,0.11799290347727667,0.08494136565339136,0.137870926985763,0.105304401207939
56,869.0,0.1,3.0,0.13193552004098674,0.09332120711849046,0.13982453424624847,0.10740049637082824
57,869.0,0.1,4.0,0.1304717860772231,0.09369693019768505,0.14200893598762035,0.10634212149674069
58,869.0,0.1,5.0,0.16012884679282796,0.10776802559195481,0.1383102528786479,0.10653029123278761
59,869.0,0.1,6.0,0.16395789003770464,0.10902444015127868,0.14128106216472702,0.10818927767684623
60,870.0,0.1,1.0,0.11126721812884884,0.07694343766655858,0.17868464379949298,0.11905107067933739
61,870.0,0.1,2.0,0.11446344752956888,0.07616918958181118,0.17682460582652185,0.11746574974533194
62,870.0,0.1,3.0,0.11850429644345349,0.0744836576691444,0.18668624380561502,0.12237606529793417
63,870.0,0.1,4.0,0.12223984500521098,0.07371589786251259,0.1879093152093383,0.12467116859409282
64,870.0,0.1,5.0,0.13079847683913248,0.08235332033082218,0.19326114681792295,0.12714979490039505
65,870.0,0.1,6.0,0.13160774435931255,0.08294789480300077,0.19311708564893734,0.1270369289214311
66,871.0,0.1,1.0,0.09737579460095074,0.07887030451720382,0.08483783199845173,0.05916254424207036
67,871.0,0.1,2.0,0.1030799036638782,0.08236444089834062,0.08437148651632842,0.059608582762879794
68,871.0,0.1,3.0,0.11509765021520027,0.09143919518465445,0.08682559726965572,0.060959743610502215
69,871.0,0.1,4.0,0.11398588010191339,0.0901377497937873,0.08822152460480082,0.06364546670793024
70,871.0,0.1,5.0,0.11683906706951312,0.0929273838929888,0.08532436075778302,0.061948223964192535
71,871.0,0.1,6.0,0.11796654727370956,0.0925291315499064,0.08840004156083271,0.06378376188917388
72,872.0,0.1,1.0,0.08896864058659039,0.0666185640954923,0.13465500216760254,0.09124121601883602
73,872.0,0.1,2.0,0.09890129455034515,0.07387707573061042,0.1448499525807121,0.09491842516158115
74,872.0,0.1,3.0,0.1009075728594613,0.07374726521715126,0.1537048109420734,0.10393322514131936
75,872.0,0.1,4.0,0.10378455714162756,0.0773866393074289,0.15604160836634218,0.10823430602646016
76,872.0,0.1,5.0,0.09979244166425295,0.07275074809468678,0.1507862039528419,0.10428215685824947
77,872.0,0.1,6.0,0.09860484722994131,0.07117588583220973,0.14957825284924411,0.10313184811448235
78,873.0,0.1,1.0,0.1127185546734669,0.09517277192526309,0.07799682944665165,0.056775857095117885
79,873.0,0.1,2.0,0.11128728757566486,0.09046898848927783,0.07822151847271651,0.05960266838122403
80,873.0,0.1,3.0,0.10633155083873304,0.08829865638919741,0.08138617551233715,0.06091868833003239
81,873.0,0.1,4.0,0.11437856831077739,0.09501808621029263,0.08469754515823057,0.06474924431842709
82,873.0,0.1,5.0,0.11723769753748878,0.09661211658374366,0.08532698096696481,0.06554875769988752
83,873.0,0.1,6.0,0.11852131906393004,0.09703169570612113,0.08353111356179145,0.06462887532980947
84,874.0,0.1,1.0,0.09694666826035218,0.07366001399670755,0.10011196931419092,0.0768837838595855
85,874.0,0.1,2.0,0.09545673352181122,0.07382364236558642,0.10192469991846183,0.0773565814019649
86,874.0,0.1,3.0,0.10207092254811996,0.07749301706108609,0.10318968896868674,0.07555446614959493
87,874.0,0.1,4.0,0.1136908363265886,0.08769765733708847,0.11037292131006622,0.08128751816369337
88,874.0,0.1,5.0,0.132678442058794,0.09891046367593774,0.11306264552758226,0.08155738135953054
89,874.0,0.1,6.0,0.13659942722505503,0.10147079544554927,0.11391797234916418,0.08160362055953505
90,875.0,0.1,1.0,0.1295657629018021,0.09100414346329462,0.11359731457181399,0.08072993492519706
91,875.0,0.1,2.0,0.11697416504783133,0.08366276802427693,0.11175947585074315,0.07840652773130827
92,875.0,0.1,3.0,0.12157957487311476,0.08732290078625563,0.10636022816777692,0.07725161712023855
93,875.0,0.1,4.0,0.12505024829644745,0.08925769606223405,0.10851599894351147,0.0750708308837658
94,875.0,0.1,5.0,0.12364805470408247,0.08663516297046889,0.11099391693681938,0.07359978807972026
95,875.0,0.1,6.0,0.12564184210926663,0.08829976973187496,0.11168181503290724,0.07535987500878119
96,876.0,0.1,1.0,0.07880349723971163,0.05216557056804892,0.13194289023779548,0.09547084347590913
97,876.0,0.1,2.0,0.07462823917221033,0.049870744991696046,0.12313719662956167,0.09188823546821645
98,876.0,0.1,3.0,0.06980688189856155,0.049761641224639774,0.1181658642333398,0.08811202660620202
99,876.0,0.1,4.0,0.07225478803650404,0.0501093896234206,0.11669176989708004,0.08761514285105715
100,876.0,0.1,5.0,0.07725221024910868,0.051908428842157316,0.1211386059732831,0.09134249598852955
101,876.0,0.1,6.0,0.07884990867335778,0.0525503948378215,0.11957227088659458,0.08845079349204239
102,877.0,0.1,1.0,0.1427576263493454,0.10604837872500747,0.12977539985654923,0.09414086216066739
103,877.0,0.1,2.0,0.14132727807579304,0.10303919685197124,0.12595608189164975,0.08815019821240098
104,877.0,0.1,3.0,0.14402509782643114,0.10546687135799282,0.12725414158149165,0.09068002924867842
105,877.0,0.1,4.0,0.14780293682054158,0.10434143783527083,0.13007128833263124,0.09067022752399574
106,877.0,0.1,5.0,0.14887787002921618,0.10589244515122903,0.12893543114290004,0.08915794090521988
107,877.0,0.1,6.0,0.14910557009143663,0.10591773630903444,0.13012919329709713,0.08857523229248762
108,878.0,0.1,1.0,0.1274643292584449,0.10566256120561142,0.13886010701180465,0.09710805171730477
109,878.0,0.1,2.0,0.12382426311444064,0.09970580517357995,0.13585202389115447,0.08888251127168455
110,878.0,0.1,3.0,0.1238733249773423,0.10052747787748878,0.13512485283881692,0.08896129241516328
111,878.0,0.1,4.0,0.12367479262634626,0.09975506776461023,0.13137557811536293,0.0869954891184936
112,878.0,0.1,5.0,0.12330823072809144,0.09939501683757246,0.13136321189519196,0.08790455454129806
113,878.0,0.1,6.0,0.12361411857424996,0.09951990735679753,0.13118963542872922,0.08728122082801536
114,879.0,0.1,1.0,0.06899901653392018,0.0445726631557925,0.1312002030000035,0.08111650025504727
115,879.0,0.1,2.0,0.06723400213717647,0.04421606445628498,0.1316898820974855,0.08289546566602617
116,879.0,0.1,3.0,0.0629748399891502,0.04265941720103181,0.13052449308286157,0.08335661060573903
117,879.0,0.1,4.0,0.05801049809956907,0.03878612352716871,0.13517597647794882,0.08910596087677092
118,879.0,0.1,5.0,0.05710998138959375,0.03915732738449956,0.13637413024125633,0.09118163367430569
119,879.0,0.1,6.0,0.05994840585660742,0.04142618698919643,0.1352884213675571,0.08724353730132813
120,880.0,0.1,1.0,0.1342389821736233,0.10469178093079753,0.1403996415705844,0.08714353977714392
121,880.0,0.1,2.0,0.12478897700898502,0.10079533654273966,0.1452433181663903,0.08869489522747095
122,880.0,0.1,3.0,0.1296597642755407,0.103057621117041,0.14038224613910383,0.08959708690819763
123,880.0,0.1,4.0,0.12936949882682963,0.10306849896471251,0.14376243251241388,0.09219239208987857
124,880.0,0.1,5.0,0.12696435434019268,0.10041530723947142,0.1459733439255338,0.0926181886011467
125,880.0,0.1,6.0,0.12755307448531825,0.10090034068420774,0.14770493211317262,0.0933529741967832
126,881.0,0.1,1.0,0.11194996690095041,0.07476281223123012,0.0957901163850574,0.06354745899613777
127,881.0,0.1,2.0,0.1115820364618081,0.07322494048172536,0.0918296111947059,0.06533523099338223
128,881.0,0.1,3.0,0.11204452905067841,0.07165937978321614,0.10827288022651954,0.07283776467616172
129,881.0,0.1,4.0,0.1214763276912161,0.07756792702764062,0.11409181286886722,0.07510628500851381
130,881.0,0.1,5.0,0.12551974405334085,0.07768470966330861,0.11790136996442535,0.08072281947441456
131,881.0,0.1,6.0,0.12355165992616622,0.07517786852724698,0.12176239935037612,0.08129806229137633
132,882.0,0.1,1.0,0.10087037031541017,0.07676024442737855,0.08896151882815698,0.07086458586742922
133,882.0,0.1,2.0,0.10263715114463533,0.0773856863310319,0.0922021750323679,0.07100683494369198
134,882.0,0.1,3.0,0.10607155698367149,0.07938547894295034,0.08928672829669272,0.0689583859197818
135,882.0,0.1,4.0,0.10800516963510962,0.08183643748515217,0.0908073660024982,0.06850222509454999
136,882.0,0.1,5.0,0.11284175835582229,0.08503527906234189,0.10102682437524536,0.07214783758835526
137,882.0,0.1,6.0,0.11333315234539498,0.0865843756879272,0.101400822381436,0.07246856823826191
138,883.0,0.1,1.0,0.15294069165960475,0.10280226786742558,0.13829209647138196,0.09999489301272114
139,883.0,0.1,2.0,0.15537083436896898,0.10733337368610159,0.1412114163798012,0.10152601194469879
140,883.0,0.1,3.0,0.15744425516757407,0.10734307770324028,0.14977248558901773,0.10605023188782829
141,883.0,0.1,4.0,0.1521516682559301,0.1033148804047392,0.15192730128971565,0.10908744681487967
142,883.0,0.1,5.0,0.15229862430025937,0.10466231498676089,0.1423913694556966,0.10012872303256075
143,883.0,0.1,6.0,0.1499253569918638,0.10173705734409745,0.14233585243790386,0.09842301001775672
144,884.0,0.1,1.0,0.08338315055014729,0.06440643284081433,0.09369150401331373,0.07616234486481081
145,884.0,0.1,2.0,0.08907830167759084,0.06528942639970546,0.10342689160199119,0.07115372949905377
146,884.0,0.1,3.0,0.08440621949892672,0.06507635796984362,0.10200930685274132,0.07506147863763037
147,884.0,0.1,4.0,0.07550544587994325,0.061836603220462596,0.09359092235227182,0.07713172070029044
148,884.0,0.1,5.0,0.07368895040706777,0.058744018169921176,0.09690413928277171,0.07991044302243805
149,884.0,0.1,6.0,0.07169306639006619,0.056632805455062496,0.09727128682852312,0.07874332762574689
150,885.0,0.1,1.0,0.11274637836308322,0.08523750472496579,0.08189982596742008,0.0602856838053328
151,885.0,0.1,2.0,0.09588509539670535,0.07454367861968213,0.08770298169615996,0.06596338188625693
152,885.0,0.1,3.0,0.12818935613633498,0.08676603603790829,0.08826710513111742,0.06947665212363292
153,885.0,0.1,4.0,0.10448713167858266,0.07499044167546524,0.09301556139110045,0.0676260590733732
154,885.0,0.1,5.0,0.1197531421741775,0.0806937095192922,0.0980823029297428,0.07003809684953119
155,885.0,0.1,6.0,0.12295215961978878,0.08252425951094133,0.10033093672380482,0.07138080964295841
156,886.0,0.1,1.0,0.06306329634662451,0.05119428460938953,0.09039709240565227,0.067821034020828
157,886.0,0.1,2.0,0.060436794499066734,0.04925859267223319,0.09259646657695696,0.06967927360935816
158,886.0,0.1,3.0,0.0643517988211197,0.05024413603729706,0.09529566408850967,0.07311432972300728
159,886.0,0.1,4.0,0.056353631211597276,0.044632196762550605,0.10105639037948698,0.07692706651412044
160,886.0,0.1,5.0,0.052501942638066346,0.04176127425928656,0.10827899837614746,0.08200004374601688
161,886.0,0.1,6.0,0.051380587946701625,0.04104319183649106,0.10371045777291764,0.079735722247768
162,887.0,0.1,1.0,0.12447338694281784,0.09212275606303864,0.17659845540878055,0.11021839089120258
163,887.0,0.1,2.0,0.1281925563822638,0.09651475281988253,0.17292803411625163,0.11129847569924628
164,887.0,0.1,3.0,0.13087512052892442,0.09646754334971414,0.17094443268148313,0.11042369720047229
165,887.0,0.1,4.0,0.1350133814241885,0.10150876139128133,0.18511865030855099,0.11949918304381926
166,887.0,0.1,5.0,0.13390766737663543,0.1005633539799548,0.1858904486152568,0.12005585673643958
167,887.0,0.1,6.0,0.13479880908659408,0.10196910620342574,0.18612465522965554,0.12067971263824065
168,888.0,0.1,1.0,0.1126532634350969,0.08491454506962956,0.13994827683446331,0.09627981216318247
169,888.0,0.1,2.0,0.11590999930681527,0.08383100656988078,0.1360681830694317,0.08973332453636038
170,888.0,0.1,3.0,0.11217599055112124,0.08379195454599771,0.14225680122799145,0.0974284752620768
171,888.0,0.1,4.0,0.11790353075747441,0.09057611763749139,0.14652423713028534,0.09977078490287827
172,888.0,0.1,5.0,0.11850091698565707,0.08892979847620068,0.1561695289192254,0.10433058622743242
173,888.0,0.1,6.0,0.11904501261726075,0.08946762155203421,0.15936363552155913,0.10558788919583081
174,889.0,0.1,1.0,0.1632005425656926,0.10945868135659169,0.10973585396524474,0.06792482530084146
175,889.0,0.1,2.0,0.19859783085253935,0.12825715934916046,0.10771070138629532,0.06812733394254548
176,889.0,0.1,3.0,0.1934558273779869,0.12455822094871259,0.11486720884052957,0.069868360078866
177,889.0,0.1,4.0,0.21084776943215672,0.13295145659985066,0.12517830802375773,0.07585244679306619
178,889.0,0.1,5.0,0.20375528907209586,0.1335765974183247,0.12416115226234864,0.0753625529925276
179,889.0,0.1,6.0,0.20526888464132706,0.1326673037655389,0.1193644059823913,0.07130457174352067
