,seed,disturbance_level,rmse,mae,source_tree_size,target_tree_size,v,tau,alpha_0,epochs,method
0,1,1,1.3146196115657063,1.031470118442485,1,1,0.05,0.993,1.0,1000,Baseline (XGBoost)
1,1,1,1.3132809446934246,1.033867401887254,1,2,0.05,0.993,1.0,1000,Baseline (XGBoost)
2,1,1,1.4083827071797113,1.112662625274885,1,3,0.05,0.993,1.0,1000,Baseline (XGBoost)
3,1,1,1.5719071692546693,1.2328763587545815,1,4,0.05,0.993,1.0,1000,Baseline (XGBoost)
4,1,1,1.292049698567314,1.0116295492702143,1,1,0.1,0.993,1.0,1000,Baseline (XGBoost)
5,1,1,1.297545625461753,1.016867605317747,1,2,0.1,0.993,1.0,1000,Baseline (XGBoost)
6,1,1,1.4614324924450122,1.1458294575018404,1,3,0.1,0.993,1.0,1000,Baseline (XGBoost)
7,1,1,1.5851140469752385,1.243146957660766,1,4,0.1,0.993,1.0,1000,Baseline (XGBoost)
8,1,1,1.3065271172583806,1.023075512705942,1,1,0.15,0.993,1.0,1000,Baseline (XGBoost)
9,1,1,1.3013797605607784,1.0290770922240977,1,2,0.15,0.993,1.0,1000,Baseline (XGBoost)
10,1,1,1.43101402417252,1.1077627934763992,1,3,0.15,0.993,1.0,1000,Baseline (XGBoost)
11,1,1,1.630771213068381,1.2832913015006606,1,4,0.15,0.993,1.0,1000,Baseline (XGBoost)
12,1,1,1.2997711929686566,1.017887071176566,1,1,0.2,0.993,1.0,1000,Baseline (XGBoost)
13,1,1,1.3488824477040178,1.0595140562055403,1,2,0.2,0.993,1.0,1000,Baseline (XGBoost)
14,1,1,1.515026914732132,1.1829698847188201,1,3,0.2,0.993,1.0,1000,Baseline (XGBoost)
15,1,1,1.6903760603586682,1.3390445525979893,1,4,0.2,0.993,1.0,1000,Baseline (XGBoost)
16,2,1,1.4093976336525298,1.1072778771517178,1,1,0.05,0.993,1.0,1000,Baseline (XGBoost)
17,2,1,1.3977280415817903,1.1140178988004552,1,2,0.05,0.993,1.0,1000,Baseline (XGBoost)
18,2,1,1.5126155995004458,1.1900029341011595,1,3,0.05,0.993,1.0,1000,Baseline (XGBoost)
19,2,1,1.6298320742134391,1.295858146992122,1,4,0.05,0.993,1.0,1000,Baseline (XGBoost)
20,2,1,1.386139004971526,1.0871668431257666,1,1,0.1,0.993,1.0,1000,Baseline (XGBoost)
21,2,1,1.3734430921935676,1.0856914096373527,1,2,0.1,0.993,1.0,1000,Baseline (XGBoost)
22,2,1,1.504894391209433,1.1845544978366698,1,3,0.1,0.993,1.0,1000,Baseline (XGBoost)
23,2,1,1.6848508854465365,1.344535121924233,1,4,0.1,0.993,1.0,1000,Baseline (XGBoost)
24,2,1,1.383259855889166,1.0889096676751258,1,1,0.15,0.993,1.0,1000,Baseline (XGBoost)
25,2,1,1.3612387919799804,1.0744691114861067,1,2,0.15,0.993,1.0,1000,Baseline (XGBoost)
26,2,1,1.531734958191253,1.2026127612308393,1,3,0.15,0.993,1.0,1000,Baseline (XGBoost)
27,2,1,1.6907110483627636,1.3376638344291405,1,4,0.15,0.993,1.0,1000,Baseline (XGBoost)
28,2,1,1.4225888993511429,1.1168328664379579,1,1,0.2,0.993,1.0,1000,Baseline (XGBoost)
29,2,1,1.3426029173559082,1.069769349183394,1,2,0.2,0.993,1.0,1000,Baseline (XGBoost)
30,2,1,1.4964795510853037,1.1901982478105437,1,3,0.2,0.993,1.0,1000,Baseline (XGBoost)
31,2,1,1.6347990843815883,1.2895712289344445,1,4,0.2,0.993,1.0,1000,Baseline (XGBoost)
32,3,1,1.4084025440184489,1.1141137034580615,1,1,0.05,0.993,1.0,1000,Baseline (XGBoost)
33,3,1,1.3670334918446403,1.0890751380519466,1,2,0.05,0.993,1.0,1000,Baseline (XGBoost)
34,3,1,1.4978774613790944,1.1933868728895387,1,3,0.05,0.993,1.0,1000,Baseline (XGBoost)
35,3,1,1.5796337681035513,1.270418518111008,1,4,0.05,0.993,1.0,1000,Baseline (XGBoost)
36,3,1,1.391403152443362,1.100770834401968,1,1,0.1,0.993,1.0,1000,Baseline (XGBoost)
37,3,1,1.372176541270156,1.0829365888748785,1,2,0.1,0.993,1.0,1000,Baseline (XGBoost)
38,3,1,1.493573430042038,1.1926254013825834,1,3,0.1,0.993,1.0,1000,Baseline (XGBoost)
39,3,1,1.6150776950254877,1.297064633439722,1,4,0.1,0.993,1.0,1000,Baseline (XGBoost)
40,3,1,1.3519724032813547,1.070337296319177,1,1,0.15,0.993,1.0,1000,Baseline (XGBoost)
41,3,1,1.418775626744729,1.1263394877965207,1,2,0.15,0.993,1.0,1000,Baseline (XGBoost)
42,3,1,1.477663540839945,1.1771485773120942,1,3,0.15,0.993,1.0,1000,Baseline (XGBoost)
43,3,1,1.6451798404253162,1.3236425438927344,1,4,0.15,0.993,1.0,1000,Baseline (XGBoost)
44,3,1,1.3872010236995858,1.0950076872996124,1,1,0.2,0.993,1.0,1000,Baseline (XGBoost)
45,3,1,1.3896182995920543,1.0998834408573992,1,2,0.2,0.993,1.0,1000,Baseline (XGBoost)
46,3,1,1.547195330992356,1.2082118472496455,1,3,0.2,0.993,1.0,1000,Baseline (XGBoost)
47,3,1,1.6785977745141019,1.3279914260112156,1,4,0.2,0.993,1.0,1000,Baseline (XGBoost)
48,4,1,1.3841685683776772,1.0833941242205452,1,1,0.05,0.993,1.0,1000,Baseline (XGBoost)
49,4,1,1.3443279813946913,1.0413415197896083,1,2,0.05,0.993,1.0,1000,Baseline (XGBoost)
50,4,1,1.5641888029570712,1.2303203515175565,1,3,0.05,0.993,1.0,1000,Baseline (XGBoost)
51,4,1,1.5178458869415394,1.2014153979436406,1,4,0.05,0.993,1.0,1000,Baseline (XGBoost)
52,4,1,1.339067971549994,1.0474095433567892,1,1,0.1,0.993,1.0,1000,Baseline (XGBoost)
53,4,1,1.3706571444762083,1.0744956420443448,1,2,0.1,0.993,1.0,1000,Baseline (XGBoost)
54,4,1,1.485827318907438,1.1775304694835513,1,3,0.1,0.993,1.0,1000,Baseline (XGBoost)
55,4,1,1.549891851367322,1.2226132154385778,1,4,0.1,0.993,1.0,1000,Baseline (XGBoost)
56,4,1,1.380007560726866,1.0793490089014892,1,1,0.15,0.993,1.0,1000,Baseline (XGBoost)
57,4,1,1.4293148851869726,1.1113227672297186,1,2,0.15,0.993,1.0,1000,Baseline (XGBoost)
58,4,1,1.4309700478290546,1.1249357383975633,1,3,0.15,0.993,1.0,1000,Baseline (XGBoost)
59,4,1,1.6364588885903115,1.276741665431142,1,4,0.15,0.993,1.0,1000,Baseline (XGBoost)
60,4,1,1.3952169782927377,1.0935668575847604,1,1,0.2,0.993,1.0,1000,Baseline (XGBoost)
61,4,1,1.424982621190354,1.1028670738543604,1,2,0.2,0.993,1.0,1000,Baseline (XGBoost)
62,4,1,1.6430761188615508,1.2972789086988668,1,3,0.2,0.993,1.0,1000,Baseline (XGBoost)
63,4,1,1.6787200944729048,1.3166643850560429,1,4,0.2,0.993,1.0,1000,Baseline (XGBoost)
64,5,1,1.4081667606447583,1.1248457037804855,1,1,0.05,0.993,1.0,1000,Baseline (XGBoost)
65,5,1,1.3323936213370746,1.0663023642785052,1,2,0.05,0.993,1.0,1000,Baseline (XGBoost)
66,5,1,1.4312244866585415,1.144635040420717,1,3,0.05,0.993,1.0,1000,Baseline (XGBoost)
67,5,1,1.5997440888380503,1.286856788814517,1,4,0.05,0.993,1.0,1000,Baseline (XGBoost)
68,5,1,1.435787091970131,1.1432546701800455,1,1,0.1,0.993,1.0,1000,Baseline (XGBoost)
69,5,1,1.3275395131057661,1.0611945682685715,1,2,0.1,0.993,1.0,1000,Baseline (XGBoost)
70,5,1,1.4693703791517603,1.1839157673513592,1,3,0.1,0.993,1.0,1000,Baseline (XGBoost)
71,5,1,1.5243280953449168,1.2166417405421202,1,4,0.1,0.993,1.0,1000,Baseline (XGBoost)
72,5,1,1.3778746432010578,1.1078987172174128,1,1,0.15,0.993,1.0,1000,Baseline (XGBoost)
73,5,1,1.3158985700656434,1.0426504900508986,1,2,0.15,0.993,1.0,1000,Baseline (XGBoost)
74,5,1,1.479239022432913,1.1918755532799301,1,3,0.15,0.993,1.0,1000,Baseline (XGBoost)
75,5,1,1.6091517082561961,1.2848466680167503,1,4,0.15,0.993,1.0,1000,Baseline (XGBoost)
76,5,1,1.4392128729149467,1.1583683244212908,1,1,0.2,0.993,1.0,1000,Baseline (XGBoost)
77,5,1,1.3208451496697073,1.0589865327230428,1,2,0.2,0.993,1.0,1000,Baseline (XGBoost)
78,5,1,1.5086087260165106,1.201097093088268,1,3,0.2,0.993,1.0,1000,Baseline (XGBoost)
79,5,1,1.6265403863734607,1.2904244965235794,1,4,0.2,0.993,1.0,1000,Baseline (XGBoost)
