,seed,disturbance_level,rmse,mae,target_tree_size,v,epochs,method
0,1,1,2.3454078175137814,1.8733088792231642,1,0.005,1000,Baseline (XGBoost)
1,1,1,2.102505892972094,1.679286418174504,2,0.005,1000,Baseline (XGBoost)
2,1,1,2.3141396413617095,1.8499194553930345,3,0.005,1000,Baseline (XGBoost)
3,1,1,2.374047725026535,1.8955583480395777,4,0.005,1000,Baseline (XGBoost)
4,1,1,2.3985122958411877,1.9219678440188255,5,0.005,1000,Baseline (XGBoost)
5,1,1,2.089807118001639,1.6518055334258424,1,0.01,1000,Baseline (XGBoost)
6,1,1,2.053624143430989,1.6383576956772106,2,0.01,1000,Baseline (XGBoost)
7,1,1,2.29215243779715,1.830687934469017,3,0.01,1000,Baseline (XGBoost)
8,1,1,2.372556666562644,1.8949812684028,4,0.01,1000,Baseline (XGBoost)
9,1,1,2.428294973405768,1.9449351330086038,5,0.01,1000,Baseline (XGBoost)
10,1,1,2.05078804636983,1.615607345080961,1,0.02,1000,Baseline (XGBoost)
11,1,1,2.048555626047101,1.6334103338721133,2,0.02,1000,Baseline (XGBoost)
12,1,1,2.238408285236944,1.7955936727792383,3,0.02,1000,Baseline (XGBoost)
13,1,1,2.314747767663337,1.856662293921206,4,0.02,1000,Baseline (XGBoost)
14,1,1,2.4047402043760586,1.9323351398287154,5,0.02,1000,Baseline (XGBoost)
15,1,1,2.0783130713438944,1.6412990784488348,1,0.03,1000,Baseline (XGBoost)
16,1,1,2.0987338761368606,1.6739019154697996,2,0.03,1000,Baseline (XGBoost)
17,1,1,2.2515249068548213,1.798574132615318,3,0.03,1000,Baseline (XGBoost)
18,1,1,2.370484004501151,1.8894370843051296,4,0.03,1000,Baseline (XGBoost)
19,1,1,2.4323150188452156,1.9556671105203232,5,0.03,1000,Baseline (XGBoost)
20,1,1,2.0206412905824274,1.5858437861672119,1,0.05,1000,Baseline (XGBoost)
21,1,1,2.0565240260052478,1.6394571278683912,2,0.05,1000,Baseline (XGBoost)
22,1,1,2.2365374604238895,1.7866748028064072,3,0.05,1000,Baseline (XGBoost)
23,1,1,2.3327028161321026,1.8593786069770821,4,0.05,1000,Baseline (XGBoost)
24,1,1,2.439768014615254,1.961521918315264,5,0.05,1000,Baseline (XGBoost)
25,1,1,2.0669425336495717,1.6297979886675662,1,0.08,1000,Baseline (XGBoost)
26,1,1,2.078025102977552,1.6529651325162107,2,0.08,1000,Baseline (XGBoost)
27,1,1,2.2884375058829582,1.8429794700256283,3,0.08,1000,Baseline (XGBoost)
28,1,1,2.3460297797140623,1.8736820935429006,4,0.08,1000,Baseline (XGBoost)
29,1,1,2.4527357338726476,1.970486174297607,5,0.08,1000,Baseline (XGBoost)
30,1,1,2.0277993174936046,1.5982809783699363,1,0.1,1000,Baseline (XGBoost)
31,1,1,2.0555004059857533,1.6366485442546386,2,0.1,1000,Baseline (XGBoost)
32,1,1,2.1768625545393925,1.7450604431374306,3,0.1,1000,Baseline (XGBoost)
33,1,1,2.3212263410285,1.8597336953680774,4,0.1,1000,Baseline (XGBoost)
34,1,1,2.3754289812219995,1.910428210876047,5,0.1,1000,Baseline (XGBoost)
35,1,1,1.9943987926546978,1.5645499822804496,1,0.12,1000,Baseline (XGBoost)
36,1,1,2.0924836506884334,1.6662155371855674,2,0.12,1000,Baseline (XGBoost)
37,1,1,2.249635945492866,1.8032042657153518,3,0.12,1000,Baseline (XGBoost)
38,1,1,2.328059256985455,1.864691066115821,4,0.12,1000,Baseline (XGBoost)
39,1,1,2.4387801575273524,1.95538780523145,5,0.12,1000,Baseline (XGBoost)
40,1,1,2.0338001664254968,1.5958476516661033,1,0.15,1000,Baseline (XGBoost)
41,1,1,2.037646835522125,1.6249438583570617,2,0.15,1000,Baseline (XGBoost)
42,1,1,2.261724202020209,1.8179253904031303,3,0.15,1000,Baseline (XGBoost)
43,1,1,2.346089668098697,1.8751507146990334,4,0.15,1000,Baseline (XGBoost)
44,1,1,2.4545477603881496,1.9652045663489535,5,0.15,1000,Baseline (XGBoost)
45,2,1,2.195708747079801,1.7503822442414836,1,0.005,1000,Baseline (XGBoost)
46,2,1,1.8616989757676272,1.481656305664887,2,0.005,1000,Baseline (XGBoost)
47,2,1,1.9748066131804092,1.561821770935027,3,0.005,1000,Baseline (XGBoost)
48,2,1,2.1158701988637136,1.6848364018476827,4,0.005,1000,Baseline (XGBoost)
49,2,1,2.4399576325048318,1.9454475423791668,5,0.005,1000,Baseline (XGBoost)
50,2,1,1.7625767134924664,1.4005982433050022,1,0.01,1000,Baseline (XGBoost)
51,2,1,1.639341083166942,1.2967264056287944,2,0.01,1000,Baseline (XGBoost)
52,2,1,1.9083362577249268,1.5093391938917748,3,0.01,1000,Baseline (XGBoost)
53,2,1,2.0841278122699083,1.6584856059046704,4,0.01,1000,Baseline (XGBoost)
54,2,1,2.4376498282117396,1.9437398658047214,5,0.01,1000,Baseline (XGBoost)
55,2,1,1.5413610330735665,1.2169637946138374,1,0.02,1000,Baseline (XGBoost)
56,2,1,1.6338209611596946,1.2912940820746825,2,0.02,1000,Baseline (XGBoost)
57,2,1,1.9023239395861102,1.5058147308890315,3,0.02,1000,Baseline (XGBoost)
58,2,1,2.0966597440117467,1.6651446914470525,4,0.02,1000,Baseline (XGBoost)
59,2,1,2.441728512644583,1.9484424177846036,5,0.02,1000,Baseline (XGBoost)
60,2,1,1.5462720852279013,1.2221149945792786,1,0.03,1000,Baseline (XGBoost)
61,2,1,1.64227415306849,1.3012105727638372,2,0.03,1000,Baseline (XGBoost)
62,2,1,1.948498444901773,1.5428431148300659,3,0.03,1000,Baseline (XGBoost)
63,2,1,2.13782547411393,1.7086616305795514,4,0.03,1000,Baseline (XGBoost)
64,2,1,2.4304467808438566,1.9404124068971877,5,0.03,1000,Baseline (XGBoost)
65,2,1,1.5492092826384678,1.2241059718009746,1,0.05,1000,Baseline (XGBoost)
66,2,1,1.6210997729677306,1.2854221583543872,2,0.05,1000,Baseline (XGBoost)
67,2,1,1.9390117410050796,1.5361053302493954,3,0.05,1000,Baseline (XGBoost)
68,2,1,2.11707949227161,1.6970911142902851,4,0.05,1000,Baseline (XGBoost)
69,2,1,2.414035092920676,1.9309641203361805,5,0.05,1000,Baseline (XGBoost)
70,2,1,1.5220417205613008,1.202651817271385,1,0.08,1000,Baseline (XGBoost)
71,2,1,1.6320046987773449,1.2861908168110046,2,0.08,1000,Baseline (XGBoost)
72,2,1,1.9610222043188936,1.5600578610292857,3,0.08,1000,Baseline (XGBoost)
73,2,1,2.081246261281878,1.6576650571233342,4,0.08,1000,Baseline (XGBoost)
74,2,1,2.310547752972657,1.8511883057791116,5,0.08,1000,Baseline (XGBoost)
75,2,1,1.5253034923018287,1.2023730101274521,1,0.1,1000,Baseline (XGBoost)
76,2,1,1.6329142928757816,1.2843966774061473,2,0.1,1000,Baseline (XGBoost)
77,2,1,1.9604114806828656,1.547235247977589,3,0.1,1000,Baseline (XGBoost)
78,2,1,2.143868160010647,1.7041214504921878,4,0.1,1000,Baseline (XGBoost)
79,2,1,2.349833600215281,1.8757829230617344,5,0.1,1000,Baseline (XGBoost)
80,2,1,1.5058731923900606,1.1880625433646645,1,0.12,1000,Baseline (XGBoost)
81,2,1,1.6392280063973619,1.2942114973577457,2,0.12,1000,Baseline (XGBoost)
82,2,1,1.9403843750855079,1.5485081417305464,3,0.12,1000,Baseline (XGBoost)
83,2,1,2.12622023494372,1.7047268198026972,4,0.12,1000,Baseline (XGBoost)
84,2,1,2.3303490758152337,1.8685182937864497,5,0.12,1000,Baseline (XGBoost)
85,2,1,1.5360016367185871,1.2133783977897428,1,0.15,1000,Baseline (XGBoost)
86,2,1,1.6411210990677225,1.295234429838167,2,0.15,1000,Baseline (XGBoost)
87,2,1,1.9521927059859279,1.561510924638163,3,0.15,1000,Baseline (XGBoost)
88,2,1,2.192646196337992,1.7591914632304297,4,0.15,1000,Baseline (XGBoost)
89,2,1,2.3815310046974845,1.9001982570387301,5,0.15,1000,Baseline (XGBoost)
90,3,1,2.483186595341394,1.9762596162969648,1,0.005,1000,Baseline (XGBoost)
91,3,1,2.2277979556941294,1.7674556686559963,2,0.005,1000,Baseline (XGBoost)
92,3,1,2.295150165446487,1.8473424388626227,3,0.005,1000,Baseline (XGBoost)
93,3,1,2.368565218962089,1.9143728520890682,4,0.005,1000,Baseline (XGBoost)
94,3,1,2.6106398146131027,2.1085126141059662,5,0.005,1000,Baseline (XGBoost)
95,3,1,2.121350325137539,1.6761775354351238,1,0.01,1000,Baseline (XGBoost)
96,3,1,2.1209916961878794,1.6683640760900311,2,0.01,1000,Baseline (XGBoost)
97,3,1,2.296656727752786,1.847992220955157,3,0.01,1000,Baseline (XGBoost)
98,3,1,2.3268161921370902,1.875561892813412,4,0.01,1000,Baseline (XGBoost)
99,3,1,2.588546132474664,2.0935843536268703,5,0.01,1000,Baseline (XGBoost)
100,3,1,2.0233159672669467,1.594803518875281,1,0.02,1000,Baseline (XGBoost)
101,3,1,2.107986448259341,1.660560630595562,2,0.02,1000,Baseline (XGBoost)
102,3,1,2.2985603885629446,1.8515741085762258,3,0.02,1000,Baseline (XGBoost)
103,3,1,2.348719259987037,1.8964789891166496,4,0.02,1000,Baseline (XGBoost)
104,3,1,2.5738718515805603,2.0770431071070887,5,0.02,1000,Baseline (XGBoost)
105,3,1,1.9713920816985278,1.5537000644027144,1,0.03,1000,Baseline (XGBoost)
106,3,1,2.1082143362454397,1.6607272911654514,2,0.03,1000,Baseline (XGBoost)
107,3,1,2.254802488360248,1.8109333251453195,3,0.03,1000,Baseline (XGBoost)
108,3,1,2.3666411082602736,1.9076628236390016,4,0.03,1000,Baseline (XGBoost)
109,3,1,2.5747341276718565,2.078372010200804,5,0.03,1000,Baseline (XGBoost)
110,3,1,1.9888397688228703,1.5677216187562422,1,0.05,1000,Baseline (XGBoost)
111,3,1,2.1144331955142377,1.6605956444086618,2,0.05,1000,Baseline (XGBoost)
112,3,1,2.2784156159532385,1.8282539326193463,3,0.05,1000,Baseline (XGBoost)
113,3,1,2.349862197873905,1.8987153960618834,4,0.05,1000,Baseline (XGBoost)
114,3,1,2.5565393749581347,2.0627910128107025,5,0.05,1000,Baseline (XGBoost)
115,3,1,1.9413347024866843,1.5284957473917553,1,0.08,1000,Baseline (XGBoost)
116,3,1,2.0973238478813525,1.639964419296834,2,0.08,1000,Baseline (XGBoost)
117,3,1,2.256201887607796,1.8107852096028483,3,0.08,1000,Baseline (XGBoost)
118,3,1,2.353317159849426,1.896016071962776,4,0.08,1000,Baseline (XGBoost)
119,3,1,2.506643002934103,2.0287359717141364,5,0.08,1000,Baseline (XGBoost)
120,3,1,1.9915039472589067,1.5707211730944,1,0.1,1000,Baseline (XGBoost)
121,3,1,2.1005620636604196,1.6460534321376066,2,0.1,1000,Baseline (XGBoost)
122,3,1,2.2736794443920716,1.8237936661140297,3,0.1,1000,Baseline (XGBoost)
123,3,1,2.3670944233714404,1.905369424178355,4,0.1,1000,Baseline (XGBoost)
124,3,1,2.55627282889014,2.071891046032208,5,0.1,1000,Baseline (XGBoost)
125,3,1,1.9470849926027727,1.5334022665293552,1,0.12,1000,Baseline (XGBoost)
126,3,1,2.134210234007833,1.6859455883708412,2,0.12,1000,Baseline (XGBoost)
127,3,1,2.2991887802514968,1.8499093825647033,3,0.12,1000,Baseline (XGBoost)
128,3,1,2.3194372506051946,1.8622556079228512,4,0.12,1000,Baseline (XGBoost)
129,3,1,2.5159445379147214,2.0239144992449507,5,0.12,1000,Baseline (XGBoost)
130,3,1,1.930844345723701,1.512547985559042,1,0.15,1000,Baseline (XGBoost)
131,3,1,2.0498591054217252,1.609534721503636,2,0.15,1000,Baseline (XGBoost)
132,3,1,2.271526674888004,1.823989145272508,3,0.15,1000,Baseline (XGBoost)
133,3,1,2.3472738384277,1.8961149854075539,4,0.15,1000,Baseline (XGBoost)
134,3,1,2.630823694481268,2.1157873645932552,5,0.15,1000,Baseline (XGBoost)
135,4,1,2.4576735862454275,1.9946916077026708,1,0.005,1000,Baseline (XGBoost)
136,4,1,2.212313794553166,1.7739359185222536,2,0.005,1000,Baseline (XGBoost)
137,4,1,2.1728001122029137,1.7251275384263614,3,0.005,1000,Baseline (XGBoost)
138,4,1,2.213781664859782,1.7512903261979904,4,0.005,1000,Baseline (XGBoost)
139,4,1,2.1581438468904723,1.7253118854012632,5,0.005,1000,Baseline (XGBoost)
140,4,1,2.1960207729652774,1.7516591828335077,1,0.01,1000,Baseline (XGBoost)
141,4,1,2.1106048245813773,1.690153972263438,2,0.01,1000,Baseline (XGBoost)
142,4,1,2.13328324242727,1.6858416748084966,3,0.01,1000,Baseline (XGBoost)
143,4,1,2.2079900026227772,1.748457150944687,4,0.01,1000,Baseline (XGBoost)
144,4,1,2.1276874661034513,1.701541865897948,5,0.01,1000,Baseline (XGBoost)
145,4,1,2.125621442654472,1.6857017847996367,1,0.02,1000,Baseline (XGBoost)
146,4,1,2.098127814530015,1.679475184411703,2,0.02,1000,Baseline (XGBoost)
147,4,1,2.13602791548879,1.689518004610577,3,0.02,1000,Baseline (XGBoost)
148,4,1,2.1937625759254895,1.732794620504959,4,0.02,1000,Baseline (XGBoost)
149,4,1,2.2046794499622493,1.7541375213341204,5,0.02,1000,Baseline (XGBoost)
150,4,1,2.1295588869198396,1.6896962130197013,1,0.03,1000,Baseline (XGBoost)
151,4,1,2.114742218766031,1.6938253461743429,2,0.03,1000,Baseline (XGBoost)
152,4,1,2.120588465634261,1.6807634264923494,3,0.03,1000,Baseline (XGBoost)
153,4,1,2.199851493347065,1.7330627340579468,4,0.03,1000,Baseline (XGBoost)
154,4,1,2.2081596908846075,1.754030311829302,5,0.03,1000,Baseline (XGBoost)
155,4,1,2.050112655590014,1.6253157192273207,1,0.05,1000,Baseline (XGBoost)
156,4,1,2.107935375585521,1.6849732875999894,2,0.05,1000,Baseline (XGBoost)
157,4,1,2.1083760475387807,1.672056974875236,3,0.05,1000,Baseline (XGBoost)
158,4,1,2.212558342463191,1.7422503399621532,4,0.05,1000,Baseline (XGBoost)
159,4,1,2.1540811306555168,1.721012820080089,5,0.05,1000,Baseline (XGBoost)
160,4,1,2.0536540508316343,1.6256753033955178,1,0.08,1000,Baseline (XGBoost)
161,4,1,2.0958430321992894,1.6725511067275503,2,0.08,1000,Baseline (XGBoost)
162,4,1,2.1083842334156575,1.6684776298607427,3,0.08,1000,Baseline (XGBoost)
163,4,1,2.205668920802562,1.739181703106357,4,0.08,1000,Baseline (XGBoost)
164,4,1,2.1611837548641004,1.7201047079246305,5,0.08,1000,Baseline (XGBoost)
165,4,1,2.0718896630287746,1.6460951160182689,1,0.1,1000,Baseline (XGBoost)
166,4,1,2.137470386112838,1.7042148632802196,2,0.1,1000,Baseline (XGBoost)
167,4,1,2.1092977107475614,1.676709668761411,3,0.1,1000,Baseline (XGBoost)
168,4,1,2.1158265098596156,1.6728953848221564,4,0.1,1000,Baseline (XGBoost)
169,4,1,2.1429903579585132,1.7051867099899474,5,0.1,1000,Baseline (XGBoost)
170,4,1,2.0174334770055373,1.6019815270498092,1,0.12,1000,Baseline (XGBoost)
171,4,1,2.0908588485882182,1.6665698978745673,2,0.12,1000,Baseline (XGBoost)
172,4,1,2.093729874286337,1.641923111434002,3,0.12,1000,Baseline (XGBoost)
173,4,1,2.164828771093127,1.7051326154233315,4,0.12,1000,Baseline (XGBoost)
174,4,1,2.204398997241991,1.7541806075982,5,0.12,1000,Baseline (XGBoost)
175,4,1,2.166976972576466,1.7183238579216147,1,0.15,1000,Baseline (XGBoost)
176,4,1,2.107714623452899,1.6815066630643503,2,0.15,1000,Baseline (XGBoost)
177,4,1,2.1642473302214045,1.712131520792881,3,0.15,1000,Baseline (XGBoost)
178,4,1,2.222642697648174,1.7399993014593806,4,0.15,1000,Baseline (XGBoost)
179,4,1,2.1943497726014036,1.7537509524138706,5,0.15,1000,Baseline (XGBoost)
180,5,1,2.302794570813894,1.8476626890207906,1,0.005,1000,Baseline (XGBoost)
181,5,1,1.874916960731863,1.5068762413652534,2,0.005,1000,Baseline (XGBoost)
182,5,1,2.09195869230823,1.6824742794844347,3,0.005,1000,Baseline (XGBoost)
183,5,1,2.20487334562439,1.7642477715531912,4,0.005,1000,Baseline (XGBoost)
184,5,1,2.385874089422033,1.8880979847362651,5,0.005,1000,Baseline (XGBoost)
185,5,1,1.888692623079312,1.4974689365051275,1,0.01,1000,Baseline (XGBoost)
186,5,1,1.7972547731657118,1.4465114313574823,2,0.01,1000,Baseline (XGBoost)
187,5,1,2.0914398242458794,1.6786740812526464,3,0.01,1000,Baseline (XGBoost)
188,5,1,2.1816526141648196,1.744746275938497,4,0.01,1000,Baseline (XGBoost)
189,5,1,2.383171469947673,1.8873864170311523,5,0.01,1000,Baseline (XGBoost)
190,5,1,1.8647339737592095,1.4762348803457166,1,0.02,1000,Baseline (XGBoost)
191,5,1,1.8074933921179437,1.4542391195309246,2,0.02,1000,Baseline (XGBoost)
192,5,1,2.0668143350352146,1.6604761217405504,3,0.02,1000,Baseline (XGBoost)
193,5,1,2.1832024011550604,1.7433843171330854,4,0.02,1000,Baseline (XGBoost)
194,5,1,2.3671939940593507,1.8722995049703965,5,0.02,1000,Baseline (XGBoost)
195,5,1,1.8259810324185244,1.4396734145212098,1,0.03,1000,Baseline (XGBoost)
196,5,1,1.810583330126184,1.454423619501742,2,0.03,1000,Baseline (XGBoost)
197,5,1,2.0514204872091955,1.6486033633939563,3,0.03,1000,Baseline (XGBoost)
198,5,1,2.1962220831828274,1.7521042448556565,4,0.03,1000,Baseline (XGBoost)
199,5,1,2.3638107166036697,1.8718819095979247,5,0.03,1000,Baseline (XGBoost)
200,5,1,1.818949190623693,1.4331057357683321,1,0.05,1000,Baseline (XGBoost)
201,5,1,1.7473702777711444,1.4019461666046948,2,0.05,1000,Baseline (XGBoost)
202,5,1,2.067169126646934,1.661254676671414,3,0.05,1000,Baseline (XGBoost)
203,5,1,2.1908981095046656,1.7481936603952315,4,0.05,1000,Baseline (XGBoost)
204,5,1,2.3265244068825854,1.8383434841739659,5,0.05,1000,Baseline (XGBoost)
205,5,1,1.803081463192992,1.420732840810612,1,0.08,1000,Baseline (XGBoost)
206,5,1,1.8092525826307855,1.4559945344167688,2,0.08,1000,Baseline (XGBoost)
207,5,1,2.0838234803923728,1.67254724175676,3,0.08,1000,Baseline (XGBoost)
208,5,1,2.2092485365788086,1.7644647929973583,4,0.08,1000,Baseline (XGBoost)
209,5,1,2.341342572134836,1.8545085371610865,5,0.08,1000,Baseline (XGBoost)
210,5,1,1.817996782128932,1.4324376197771358,1,0.1,1000,Baseline (XGBoost)
211,5,1,1.802797520062459,1.4547080409411837,2,0.1,1000,Baseline (XGBoost)
212,5,1,2.0454144887000285,1.6456085257522355,3,0.1,1000,Baseline (XGBoost)
213,5,1,2.1683897000902634,1.7369623926658926,4,0.1,1000,Baseline (XGBoost)
214,5,1,2.385271300169681,1.890305156452677,5,0.1,1000,Baseline (XGBoost)
215,5,1,1.7772278928083876,1.3987368770382917,1,0.12,1000,Baseline (XGBoost)
216,5,1,1.7883845553415516,1.4381146657737451,2,0.12,1000,Baseline (XGBoost)
217,5,1,2.0939238570447927,1.6942752161423085,3,0.12,1000,Baseline (XGBoost)
218,5,1,2.2467231743795266,1.790356876550194,4,0.12,1000,Baseline (XGBoost)
219,5,1,2.3723879931414356,1.8733883926539547,5,0.12,1000,Baseline (XGBoost)
220,5,1,1.80427728056047,1.4174121317406965,1,0.15,1000,Baseline (XGBoost)
221,5,1,1.78146831192675,1.4316900913569621,2,0.15,1000,Baseline (XGBoost)
222,5,1,2.104555716787402,1.6908499715330223,3,0.15,1000,Baseline (XGBoost)
223,5,1,2.210508013936106,1.7619051935735275,4,0.15,1000,Baseline (XGBoost)
224,5,1,2.3615909374454183,1.868982543733907,5,0.15,1000,Baseline (XGBoost)
