,seed,target_column,target_instances,method,n_estimators,lr,tree_size,val_rmse,val_mae,rmse,mae
0,2,Hgv,95,TradaBoostR2,10,0.1,1,4.763400552203492,3.7974467457501,5.384491013451109,4.13777249595803
0,1,Hgv,665,TradaBoostR2,10,0.1,1,3.126062580258872,2.4166540922046513,3.12577959512728,2.5091751567181717
0,2,Hgv,475,TradaBoostR2,10,0.1,1,3.343100254925486,2.6327467003644096,3.4398808932522336,2.5909126123300754
0,1,Hgv,95,TradaBoostR2,10,0.1,1,5.276649256508221,4.093152165361661,6.1975792832643775,4.322221710601341
0,1,Hgv,380,TradaBoostR2,10,0.1,1,3.590131295567532,2.8408981956924646,3.5889015752927205,2.8691552389427404
0,2,Hgv,95,TradaBoostR2,10,0.1,2,8.268593494425721,4.689993588511966,8.139624507217057,5.39513631846639
0,1,Hgv,665,TradaBoostR2,10,0.1,2,3.4187186702253354,2.5813898320784925,6.936515667815709,3.0575302565532647
0,2,Hgv,475,TradaBoostR2,10,0.1,2,3.2772079203936486,2.590615434667276,3.4357587073379197,2.630676990720338
0,1,Hgv,95,TradaBoostR2,10,0.1,2,17.700152088153697,7.166103659490615,30.73762049055101,8.838902813968216
0,1,Hgv,760,TradaBoostR2,10,0.1,1,3.0588757976553835,2.3923978110117368,3.0728201293083277,2.3669626058403366
0,1,Hgv,380,TradaBoostR2,10,0.1,2,4.739334765742808,3.1707340479420623,28.341757877118024,4.935049823289591
0,2,Hgv,95,TradaBoostR2,10,0.5,1,3.4588169291927837,2.6583313067436043,3.6073084654080216,2.7068104322630506
0,1,Hgv,665,TradaBoostR2,10,0.5,1,2.5589929403393765,1.9582201090232478,2.5066123579860364,1.9224168804221315
0,2,Hgv,475,TradaBoostR2,10,0.5,1,2.388898371434419,1.7605356978797346,2.256448947974029,1.7468001413104663
0,1,Hgv,95,TradaBoostR2,10,0.5,1,4.131227422299,3.2471084323313746,4.710655537540659,3.4235504306034223
0,1,Hgv,380,TradaBoostR2,10,0.5,1,2.898620541286866,2.207853202929989,3.0042412410788986,2.2746647949932948
0,1,Hgv,475,TradaBoostR2,10,0.1,1,3.3728430486251333,2.6468150977257183,3.471577475319334,2.769211936444626
0,2,Hgv,190,TradaBoostR2,10,0.1,1,4.146133803990026,3.3231941672739986,4.506240765975807,3.545742172655277
0,1,Hgv,760,TradaBoostR2,10,0.1,2,3.1179750810819,2.4252568316924696,3.9932028654342737,2.458542561906579
0,2,Hgv,95,TradaBoostR2,10,0.5,2,4.349370200244483,3.22424097771854,4.647132433359833,3.363903117732844
0,2,Hgv,475,TradaBoostR2,10,0.5,2,2.424544615023801,1.8187456616004491,2.5662198946560797,1.8678520547158253
0,1,Hgv,665,TradaBoostR2,10,0.5,2,2.624186264043285,2.0245416702987677,2.552779446468173,1.957639897327333
0,1,Hgv,95,TradaBoostR2,10,0.5,2,4.822090165424294,3.569713940655194,7.639582846963353,4.147994850903815
0,1,Hgv,380,TradaBoostR2,10,0.5,2,3.2519906353938133,2.4010507515991844,6.921830655343483,2.756739103821624
0,1,Hgv,760,TradaBoostR2,10,0.5,1,2.4186471127959934,1.8737633778079767,2.522698142431459,1.9031082234035948
0,1,Hgv,190,TradaBoostR2,10,0.1,1,4.252774589174337,3.341005949251901,4.31979922662986,3.470723174770598
0,1,Hgv,475,TradaBoostR2,10,0.1,2,4.1060883063266385,2.9413507109370634,7.772626720515454,3.2832467813996464
0,1,Hgv,285,TradaBoostR2,10,0.1,1,3.692098848834245,2.8993006273632163,3.7838426345793192,3.0350924227128164
0,2,Hgv,190,TradaBoostR2,10,0.1,2,27.805890241198828,5.542200946233119,8.69412057045776,4.9863891791313595
0,2,Hgv,95,TradaBoostR2,20,0.1,1,4.516626529496052,3.584456914927557,5.207330212849375,3.886647932385264
0,1,Hgv,475,TradaBoostR2,10,0.5,1,2.733686305639164,2.1078130643766926,2.856402670645681,2.1312807927328943
0,2,Hgv,475,TradaBoostR2,20,0.1,1,2.860484808713346,2.2467530075186195,2.7391930556043316,2.152524058036482
0,2,Hgv,285,TradaBoostR2,10,0.1,1,3.7068644258091967,2.977531312806815,3.868495843654055,3.0410157842561008
0,1,Hgv,665,TradaBoostR2,20,0.1,1,2.9625517745198704,2.3017350309220266,2.950089995252281,2.3102492650870734
0,1,Hgv,760,TradaBoostR2,10,0.5,2,2.5465815425419605,1.9723415328453924,2.581178103308856,1.9610822044863103
0,2,Hgv,190,TradaBoostR2,10,0.5,1,2.9809121556988027,2.2899659682829543,2.8001795014419444,2.1831575104944867
0,1,Hgv,380,TradaBoostR2,20,0.1,1,3.3742306889792073,2.6584668383803107,3.4126476209657843,2.61978190391204
0,1,Hgv,95,TradaBoostR2,20,0.1,1,5.057104160961781,3.9349221579994254,6.019723757387829,4.136303568498895
0,1,Hgv,190,TradaBoostR2,10,0.1,2,5.729535123444424,3.9282744553592486,8.857709826310542,4.097696412554076
0,1,Hgv,285,TradaBoostR2,10,0.1,2,4.400576798943234,3.3133531998035903,7.717785093292248,3.8941141544933444
0,2,Hgv,285,TradaBoostR2,10,0.1,2,8.846339744972664,3.4425012571021685,4.830272673646588,3.486652193830975
0,1,Hgv,475,TradaBoostR2,10,0.5,2,2.9231010004072004,2.2592598832029953,2.8509302078965395,2.2307158629864046
0,1,Hgv,190,TradaBoostR2,10,0.5,1,3.3999284179650084,2.678507743043068,3.3735578200600504,2.6563457965533352
0,2,Hgv,380,TradaBoostR2,10,0.1,1,3.4420063304094772,2.7528628251440397,3.542722326631006,2.794774873826813
0,2,Hgv,190,TradaBoostR2,10,0.5,2,5.1850896883571025,2.5998176507105364,7.3255963211395025,2.8759721218226284
0,1,Hgv,760,TradaBoostR2,20,0.1,1,2.864904145199142,2.235761524745223,2.861236812679084,2.2024746936203106
0,2,Hgv,285,TradaBoostR2,10,0.5,1,2.5740723980795925,2.0091281858509937,2.4977422413392123,1.9593572904755001
0,1,Hgv,285,TradaBoostR2,10,0.5,1,3.0734976355461012,2.3674568891908123,3.2029571476446956,2.487369752962024
0,2,Hgv,95,TradaBoostR2,20,0.1,2,8.476605439089656,4.537381952227872,8.008910022673065,5.216276754095827
0,2,Hgv,475,TradaBoostR2,20,0.1,2,3.058897241649485,2.395761459094556,3.979435237330546,2.42381403233038
0,1,Hgv,475,TradaBoostR2,20,0.1,1,3.1214361515180222,2.442112553210004,3.195426420818123,2.5131687182291786
0,1,Hgv,190,TradaBoostR2,10,0.5,2,5.421870507854246,3.531346817766259,8.105957073438343,3.7888652724621075
0,1,Hgv,380,TradaBoostR2,20,0.1,2,4.2946604352896935,2.82292919826716,28.585637656880394,4.682301527886341
0,1,Hgv,665,TradaBoostR2,20,0.1,2,3.011195941283408,2.335488500344884,2.9694784632168543,2.2954773005065428
0,1,Hgv,95,TradaBoostR2,20,0.1,2,17.67407130612183,7.07160501835871,30.723264948757834,8.737115658446395
0,2,Hgv,380,TradaBoostR2,10,0.1,2,5.692135807027626,3.122223370442614,4.462468339663733,2.970523027102849
0,2,Hgv,285,TradaBoostR2,10,0.5,2,2.98541506307889,2.211459372568404,2.803399317056729,2.1102072663550198
0,1,Hgv,570,TradaBoostR2,10,0.1,1,3.190487269955138,2.4959078041576035,3.2373736078630286,2.6063925438072797
0,1,Hgv,285,TradaBoostR2,10,0.5,2,3.226798711901817,2.4545418251214066,3.235120596858769,2.492288187818713
0,2,Hgv,190,TradaBoostR2,20,0.1,1,3.81067510757231,3.0407740204915257,4.233119608627505,3.259098363942259
0,1,Hgv,855,TradaBoostR2,10,0.1,1,3.021406506904461,2.342891168527237,3.0589114056087983,2.332972422113626
0,2,Hgv,95,TradaBoostR2,20,0.5,1,3.2759876812189783,2.4043769511866673,3.494213592978286,2.514118230599572
0,2,Hgv,380,TradaBoostR2,10,0.5,1,2.400676452565703,1.7985615202659846,2.3307478578302367,1.7941111258191955
0,2,Hgv,475,TradaBoostR2,20,0.5,1,3.922337572284167,2.1545930515046967,3.5968257348482195,2.099183063717655
0,1,Hgv,380,TradaBoostR2,20,0.5,1,2.741792925651904,1.9715494354308025,2.754195822224683,2.0134094937272176
0,1,Hgv,665,TradaBoostR2,20,0.5,1,2.3633611553283016,1.8124347102668472,2.448427465146944,1.847113184597525
0,1,Hgv,760,TradaBoostR2,20,0.1,2,3.005556408994404,2.29064025403887,3.055963407181777,2.3164892773602617
0,1,Hgv,950,TradaBoostR2,10,0.1,1,2.9639977775314144,2.3040535827612825,3.0039652963334946,2.293945561121684
0,1,Hgv,95,TradaBoostR2,20,0.5,1,3.778873041632712,2.74559587419147,4.7144400015578976,3.0637258916943018
0,1,Hgv,190,TradaBoostR2,20,0.1,1,4.086271773648619,3.256097901253026,4.241634063841008,3.2567384756259927
0,2,Hgv,285,TradaBoostR2,20,0.1,1,3.2395075346206696,2.511075811877509,3.5133990359941474,2.596375732209464
0,1,Hgv,570,TradaBoostR2,10,0.1,2,3.8601094921536654,2.8163099880025273,5.17364478194936,3.1356609655782233
0,1,Hgv,285,TradaBoostR2,20,0.1,1,3.4462888346178544,2.7181387520972624,3.563604379632492,2.8656277280140365
0,1,Hgv,475,TradaBoostR2,20,0.1,2,3.239853289163108,2.5126067917334285,3.2907463352986417,2.585154038831597
0,1,Hgv,855,TradaBoostR2,10,0.1,2,4.223195990919442,2.4407042624616704,5.7768476998186085,2.7803804240675483
0,2,Hgv,380,TradaBoostR2,10,0.5,2,2.5038618617761634,1.9305231182729627,2.4752238197324243,1.8740675344760447
0,1,Hgv,570,TradaBoostR2,10,0.5,1,2.6206163766884623,1.9985631849966738,2.539300108988337,1.9549888423053563
0,1,Hgv,760,TradaBoostR2,20,0.5,1,2.359934956796709,1.784554684311277,2.435925846012763,1.8059235647041547
0,2,Hgv,95,TradaBoostR2,20,0.5,2,4.247953326637096,2.8873442411711787,6.756257208399757,3.492015261826898
0,1,Hgv,855,TradaBoostR2,10,0.5,1,2.370872481894244,1.8309681916496199,2.3765554407406757,1.8084442533879659
0,2,Hgv,190,TradaBoostR2,20,0.1,2,40.94632841973397,6.616116162814252,42.02140016813739,7.506899161877681
0,1,Hgv,950,TradaBoostR2,10,0.1,2,4.455492155847608,2.475271808998682,6.650987358073834,2.8604780660525897
0,1,Hgv,380,TradaBoostR2,20,0.5,2,3.181124355465527,2.2155131690977177,3.3944362554696226,2.422426800871368
0,2,Hgv,475,TradaBoostR2,20,0.5,2,2.399638609168882,1.700159356580146,2.3871390391122476,1.748936903941247
0,1,Hgv,475,TradaBoostR2,20,0.5,1,2.636593505873709,1.9602071746532004,2.7099424198093587,2.032283037582946
0,1,Hgv,665,TradaBoostR2,20,0.5,2,2.410421922330184,1.7962581745038273,2.5351831967367895,1.8862429780807424
0,2,Hgv,380,TradaBoostR2,20,0.1,1,2.973558960282219,2.363856763088883,2.8691139683368143,2.2749668586470437
0,1,Hgv,95,TradaBoostR2,20,0.5,2,4.4135382400445655,3.3398750131012322,5.280473716184852,3.589183078102195
0,1,Hgv,950,TradaBoostR2,10,0.5,1,2.4082179461263884,1.8678922417573276,2.392136376485763,1.806719251900176
0,1,Hgv,190,TradaBoostR2,20,0.1,2,6.177841186548066,4.036172161319485,9.596531800217976,4.487968923724448
0,2,Hgv,285,TradaBoostR2,20,0.1,2,3.3134265562522742,2.5578248339910408,3.416818771195192,2.550676868192049
0,1,Hgv,570,TradaBoostR2,10,0.5,2,2.7435013221033557,2.056038686600298,2.726524392295435,2.075665961529534
0,1,Hgv,855,TradaBoostR2,10,0.5,2,2.5247785837539913,1.905376925584394,2.5883596517843612,1.9820792567528482
0,2,Hgv,190,TradaBoostR2,20,0.5,1,2.6545202482054617,2.0297030339114315,2.856637004279959,2.173233701367642
0,1,Hgv,285,TradaBoostR2,20,0.1,2,4.221907280655988,3.157380208018599,7.670008510299324,3.7861135281098015
0,1,Hgv,380,TradaBoostR2,30,0.1,1,3.2320190685714647,2.497435816376822,3.1776686799326,2.4705839010056057
0,2,Hgv,95,TradaBoostR2,30,0.1,1,4.356403121609298,3.427244634936079,5.0798982476451995,3.702262458699025
0,1,Hgv,760,TradaBoostR2,20,0.5,2,2.4696491735706525,1.8184484967383836,2.5667730328511142,1.8896602730257732
0,2,Hgv,285,TradaBoostR2,20,0.5,1,2.2993567056189494,1.6990802195470396,2.513090811645803,1.8294645943136216
0,2,Hgv,475,TradaBoostR2,30,0.1,1,2.648139539252242,2.051347618006444,2.535252818305084,1.9808613509200486
0,1,Hgv,950,TradaBoostR2,10,0.5,2,2.388337676890802,1.792269304195795,2.3528206771505116,1.8069712926965626
0,1,Hgv,665,TradaBoostR2,30,0.1,1,2.858086374010425,2.2091927468892845,2.8268295358102096,2.2102571292161186
0,1,Hgv,190,TradaBoostR2,20,0.5,1,2.90768514477844,2.1856001210908476,2.957692802572036,2.242735387594719
0,1,Hgv,475,TradaBoostR2,20,0.5,2,2.6493254770113213,1.9549316215792298,2.8923031444295235,2.09545011513078
0,1,Hgv,570,TradaBoostR2,20,0.1,1,3.0049796276914167,2.359140953438261,3.0485139660936214,2.455962215081773
0,1,Hgv,95,TradaBoostR2,30,0.1,1,4.825376556439192,3.764285764893742,5.829169177526968,3.9516308362803394
0,1,Hgv,855,TradaBoostR2,20,0.1,1,2.8395453055848368,2.1998592322200623,2.855818780417789,2.1732710315825488
0,1,Hgv,285,TradaBoostR2,20,0.5,1,2.619265568104613,1.9736820535073207,2.8404201244744263,2.12068316165504
0,2,Hgv,380,TradaBoostR2,20,0.1,2,4.541751592404658,2.557975550643311,3.189590782639479,2.4183355828348527
0,2,Hgv,190,TradaBoostR2,20,0.5,2,3.7316687590067374,2.4919092976054444,11.472715141714774,3.2589899988415274
0,1,Hgv,950,TradaBoostR2,20,0.1,1,2.6659054184334856,2.081441965824945,2.6683419691509624,2.056215444446043
0,1,Hgv,760,TradaBoostR2,30,0.1,1,2.6312354026057023,2.054664529697062,2.685111293819008,2.058247237769175
0,2,Hgv,285,TradaBoostR2,20,0.5,2,2.5351828299302803,1.9055014859737287,2.6652327161355025,2.006658272245298
0,1,Hgv,475,TradaBoostR2,30,0.1,1,3.1587065769191103,2.389722761722526,3.9298261475680496,2.509797914384907
0,1,Hgv,190,TradaBoostR2,20,0.5,2,3.058357928767369,2.278439572956931,3.1054997929600456,2.3524084562898966
0,1,Hgv,380,TradaBoostR2,30,0.1,2,94.54960466097552,14.912078085700687,60.4469048749293,12.6715136065846
0,2,Hgv,380,TradaBoostR2,20,0.5,1,2.312473923273139,1.6047146278256137,2.2573290870946296,1.6870020513097375
0,2,Hgv,95,TradaBoostR2,30,0.1,2,8.790321510601554,4.099625004734812,9.093572153540954,4.319553212594016
0,1,Hgv,570,TradaBoostR2,20,0.1,2,3.3423040666716677,2.5368229747258937,3.640901286019358,2.638864423997114
0,2,Hgv,475,TradaBoostR2,30,0.1,2,5.460310135058071,2.583761377824862,4.074471963719291,2.3406056216619464
0,2,Hgv,190,TradaBoostR2,30,0.1,1,3.2506615431409833,2.579154998660305,3.1689124022819173,2.5199739121819724
0,1,Hgv,285,TradaBoostR2,20,0.5,2,3.562929362114001,2.4309341905183377,3.552759839452666,2.5520406928177253
0,2,Hgv,285,TradaBoostR2,30,0.1,1,3.0099872972427,2.312776524109561,2.876737137710401,2.23803776038104
0,1,Hgv,665,TradaBoostR2,30,0.1,2,2.8472581939224173,2.1856451213032866,2.8050031640619206,2.1710057793833166
0,1,Hgv,855,TradaBoostR2,20,0.1,2,3.198872911074288,2.1822898187012654,3.2900290186084398,2.1731299302824825
0,1,Hgv,95,TradaBoostR2,30,0.1,2,17.643424806409836,6.966312143671448,30.70808208622782,8.640837814271404
0,1,Hgv,380,TradaBoostR2,30,0.5,1,2.754498922302256,1.9739311689589607,2.8083711775920506,2.014883661581736
0,1,Hgv,570,TradaBoostR2,20,0.5,1,2.433579181895071,1.8230205117057428,2.466793879137651,1.8506080696702665
0,2,Hgv,95,TradaBoostR2,30,0.5,1,3.4085601438458615,2.3902953264204374,3.607260932293789,2.533951318754584
0,1,Hgv,950,TradaBoostR2,20,0.1,2,2.7668650363680847,2.1009037790367096,2.69596259923452,2.060681557081886
0,1,Hgv,190,TradaBoostR2,30,0.1,1,3.9084898926083693,3.115234627027244,4.028501114737037,3.0791008489340848
0,2,Hgv,475,TradaBoostR2,30,0.5,1,2.6852005533854575,1.9038997300492697,2.805371143241444,1.9675382863609636
0,2,Hgv,380,TradaBoostR2,20,0.5,2,2.4295408605244155,1.6597859926965204,2.2703162873453313,1.7055776224525272
0,1,Hgv,760,TradaBoostR2,30,0.1,2,2.7400475593984424,2.106087770161113,2.828647067866668,2.158715009907625
0,1,Hgv,285,TradaBoostR2,30,0.1,1,3.2538320324177175,2.577232949306552,3.3788607052714434,2.6989642416541746
0,1,Hgv,855,TradaBoostR2,20,0.5,1,2.3618584450660713,1.8097636331741602,2.420969012148724,1.801661898947235
0,1,Hgv,665,TradaBoostR2,30,0.5,1,2.5244415715131634,1.9148981717034148,2.5423686833859915,1.9095549559352267
0,1,Hgv,95,TradaBoostR2,30,0.5,1,3.7477892437641818,2.7542708912003007,4.7445663798418005,2.9867327681964793
0,1,Hgv,475,TradaBoostR2,30,0.1,2,3.2243106515985165,2.4622590959465773,3.8672450108320438,2.594343155102057
0,1,Hgv,950,TradaBoostR2,20,0.5,1,2.407708918897343,1.8388733851602281,2.3539143775416345,1.7650287566912184
0,2,Hgv,285,TradaBoostR2,30,0.1,2,4.341762916186045,2.591278475479343,3.7469287684915917,2.6046180798214227
0,2,Hgv,190,TradaBoostR2,30,0.1,2,32.42255547846924,5.192289861886849,42.00301353509316,6.945146988718648
0,1,Hgv,570,TradaBoostR2,20,0.5,2,2.552582521891281,1.8544819250444085,2.544087019952993,1.9059411606539585
0,1,Hgv,380,TradaBoostR2,30,0.5,2,2.950911040758219,2.1712380496714037,3.1305908190926335,2.220625834256423
0,1,Hgv,760,TradaBoostR2,30,0.5,1,2.5617790071772664,1.9403237715006583,2.605881945494355,1.9627444248990147
0,2,Hgv,380,TradaBoostR2,30,0.1,1,2.7003192450349154,2.1225313894953275,2.6629206297947183,2.081475234856135
0,2,Hgv,95,TradaBoostR2,30,0.5,2,4.419619335432294,2.9408707423900475,6.202243735511558,3.4554540902151847
0,1,Hgv,190,TradaBoostR2,30,0.1,2,5.384479744129166,3.5570223060685295,5.893703957465879,3.6373133106977464
0,2,Hgv,475,TradaBoostR2,30,0.5,2,2.3942109911818457,1.7077042771587774,2.3339259158355645,1.7002890159127027
0,1,Hgv,855,TradaBoostR2,20,0.5,2,2.4168195164601425,1.8155961971988286,2.386503999062264,1.7748670726898848
0,1,Hgv,475,TradaBoostR2,30,0.5,1,2.70108323451508,2.012086651858281,2.871454894952487,2.0762289220788337
0,2,Hgv,285,TradaBoostR2,30,0.5,1,2.338923546289631,1.7052167187451117,2.467535026767773,1.8313003305041093
0,2,Hgv,190,TradaBoostR2,30,0.5,1,2.331911086636635,1.7499860461344776,2.5131522520665674,1.8935478401321415
0,1,Hgv,285,TradaBoostR2,30,0.1,2,3.992126707556181,3.0538181356228336,4.725221016118267,3.2660080613609614
0,1,Hgv,950,TradaBoostR2,20,0.5,2,2.359347553207298,1.7618632068617404,2.3954048338780494,1.7977243356989843
0,1,Hgv,665,TradaBoostR2,30,0.5,2,2.5058426560270055,1.820306936651845,2.5546494344741535,1.8620242637280005
0,1,Hgv,570,TradaBoostR2,30,0.1,1,2.9309170834754346,2.2736323960635243,2.956749895083236,2.3007055529096343
0,1,Hgv,95,TradaBoostR2,30,0.5,2,4.524745863327604,3.3885368223089176,6.335811947376627,3.752234603335906
0,1,Hgv,190,TradaBoostR2,30,0.5,1,2.737666055523182,2.053964013071226,2.739435109598118,2.0393254573319752
0,1,Hgv,285,TradaBoostR2,30,0.5,1,2.708510336151186,2.017155040646157,2.9160047046304096,2.076125189372334
0,1,Hgv,760,TradaBoostR2,30,0.5,2,2.423986547618886,1.8006689146604495,2.5579956934884542,1.8838769985804935
0,1,Hgv,855,TradaBoostR2,30,0.1,1,2.5578711393195026,2.0079419993592174,2.621276877935102,2.0001854682803386
0,2,Hgv,380,TradaBoostR2,30,0.1,2,2.7910167179584127,2.1651614597336284,2.7576217578941242,2.1617956085305914
0,1,Hgv,475,TradaBoostR2,30,0.5,2,2.681295140986212,1.9703284746313092,2.7794180624573896,2.0523316798732427
0,2,Hgv,285,TradaBoostR2,30,0.5,2,2.4449975176098055,1.8203196855572312,2.552363661627551,1.8446910733320265
0,1,Hgv,950,TradaBoostR2,30,0.1,1,2.5312400821091896,1.981221398911156,2.533435776988492,1.9438678193648864
0,2,Hgv,190,TradaBoostR2,30,0.5,2,3.8356048358982004,2.5041828161302835,11.750692301517972,3.480483774378108
0,1,Hgv,570,TradaBoostR2,30,0.1,2,2.951286004398495,2.290201608421163,2.902299278993328,2.2524030398085135
0,2,Hgv,380,TradaBoostR2,30,0.5,1,2.4010827076108736,1.6895537573009265,2.3604036667003454,1.750232941573706
0,1,Hgv,285,TradaBoostR2,30,0.5,2,2.8697897847841753,2.0913792152724318,2.874369419613038,2.1118514547699436
0,1,Hgv,190,TradaBoostR2,30,0.5,2,3.1341433310829285,2.2559479606460413,3.1894118303635848,2.271301893969548
0,1,Hgv,570,TradaBoostR2,30,0.5,1,2.5422520644606776,1.90900830233971,2.5744323611534896,1.9466060238269678
0,1,Hgv,855,TradaBoostR2,30,0.1,2,2.618336402098254,2.0078374010363653,2.608035230736781,1.9979747108868
0,1,Hgv,950,TradaBoostR2,30,0.1,2,2.6769442243941857,2.020056824421749,2.584175076434005,1.990699556135318
0,2,Hgv,380,TradaBoostR2,30,0.5,2,2.6194698969274524,1.6954310476450227,2.446316065682207,1.7769002316345004
0,1,Hgv,855,TradaBoostR2,30,0.5,1,2.5964116733048583,2.000525155022499,2.6603478438589514,1.9927731093696317
0,1,Hgv,950,TradaBoostR2,30,0.5,1,2.6261165822998986,2.0264744826715773,2.5966638018806387,1.967603973501187
0,1,Hgv,570,TradaBoostR2,30,0.5,2,2.633937475390225,1.902982256516743,2.529206612439779,1.875516252796031
0,1,Hgv,855,TradaBoostR2,30,0.5,2,2.483804399256896,1.8776527016827496,2.534239800456994,1.9056148963760815
0,1,Hgv,950,TradaBoostR2,30,0.5,2,2.513021492208304,1.9029097550390912,2.4722578661269776,1.8700471042317137
0,2,Hgv,570,TradaBoostR2,10,0.1,1,3.079012212978484,2.4386324245256783,3.110251538331487,2.4004794528060964
0,2,Hgv,570,TradaBoostR2,10,0.1,2,3.3579823253727685,2.55170656815134,3.4729131770013253,2.5417860539767245
0,2,Hgv,570,TradaBoostR2,10,0.5,1,2.2944681031377114,1.696368954085324,2.289699907652324,1.7219933088929118
0,2,Hgv,570,TradaBoostR2,10,0.5,2,2.3972387959190633,1.7381308514680787,2.2815147801492506,1.6943257657533777
0,2,Hgv,570,TradaBoostR2,20,0.1,1,2.632750337479561,2.0867513191280374,2.5707957634612617,2.026182660024721
0,2,Hgv,665,TradaBoostR2,10,0.1,1,3.0220961695969755,2.370297032681263,2.9898751638516043,2.269019911136872
0,2,Hgv,570,TradaBoostR2,20,0.1,2,3.0216899410788964,2.2612426591940684,3.5560230311903727,2.2668926995600716
0,2,Hgv,665,TradaBoostR2,10,0.1,2,3.058186535468418,2.3619596537156182,2.882951476149518,2.253957171329792
0,2,Hgv,665,TradaBoostR2,10,0.5,1,2.2367500246148118,1.651102282750369,2.210566850163488,1.672654800067127
0,2,Hgv,570,TradaBoostR2,20,0.5,1,2.315661423798547,1.6428142350438268,2.2575817659627027,1.7056336488258081
0,2,Hgv,665,TradaBoostR2,10,0.5,2,2.879655036273471,1.873732542480863,2.3655994714857207,1.7417496527498475
0,2,Hgv,760,TradaBoostR2,10,0.1,1,2.8643796855698533,2.259980560868199,2.7212929589191575,2.120344042991787
0,3,Hgv,190,TradaBoostR2,10,0.1,1,6.535076680903499,3.969055017197009,4.792618161175706,3.6949356807898033
0,2,Hgv,950,TradaBoostR2,10,0.1,1,2.825763750681436,2.2374494025750544,2.7071209854288316,2.129139220166599
0,3,Hgv,95,TradaBoostR2,10,0.1,1,6.184843624455874,4.375600840068232,6.014673872286406,4.163423174011477
0,2,Hgv,570,TradaBoostR2,20,0.5,2,2.3454462655056445,1.6672519374425148,2.3072012614288995,1.6795265732461653
0,2,Hgv,665,TradaBoostR2,20,0.1,1,2.581138042526344,2.0440198650151884,2.509437956361144,1.9611181121636165
0,2,Hgv,760,TradaBoostR2,10,0.1,2,3.0059849169556405,2.2966028539626357,2.896495409197918,2.2280109415374776
0,3,Hgv,190,TradaBoostR2,10,0.1,2,23.55437920376577,6.895262520576446,13.898190483286609,5.825962505482555
0,3,Hgv,95,TradaBoostR2,10,0.1,2,49.754366564824174,10.342340499551439,35.153930365310245,7.614641640908529
0,2,Hgv,760,TradaBoostR2,10,0.5,1,2.2129728729074443,1.6449817436687928,2.1711461477677334,1.6620802995158326
0,2,Hgv,950,TradaBoostR2,10,0.1,2,3.653514374792235,2.3312171707903984,3.98943434875985,2.285493013981382
0,3,Hgv,190,TradaBoostR2,10,0.5,1,5.494706659878741,3.2250637541675196,3.7864648162819967,2.76816455123283
0,3,Hgv,95,TradaBoostR2,10,0.5,1,4.562172632760049,3.2258384327719405,3.9217703017122236,2.96731912862054
0,3,Hgv,380,TradaBoostR2,10,0.1,1,3.5116395345709996,2.8337699089394883,3.4459603751543932,2.8040059547440603
0,2,Hgv,950,TradaBoostR2,10,0.5,1,2.2558578047347044,1.6613407055143603,2.2105858969203984,1.7029965161176548
0,2,Hgv,855,TradaBoostR2,10,0.1,1,2.920863390119811,2.30172112954733,2.751873257550203,2.1848527599461134
0,2,Hgv,760,TradaBoostR2,10,0.5,2,2.243206973467721,1.6629864629496514,2.219967633870136,1.6389060888796192
0,2,Hgv,570,TradaBoostR2,30,0.1,1,2.398770418168801,1.890597603970324,2.424494752755887,1.9040782789527322
0,3,Hgv,380,TradaBoostR2,10,0.1,2,6.668948275901609,3.650870500616719,87.16594927051487,7.8745082652225795
0,2,Hgv,665,TradaBoostR2,20,0.1,2,2.567943277327313,2.027748205700289,2.759950436359285,2.107186370796435
0,3,Hgv,190,TradaBoostR2,10,0.5,2,5.672703234807014,3.198134621833826,3.5899869457095117,2.6516799236602173
0,3,Hgv,95,TradaBoostR2,10,0.5,2,6.911782063448712,4.114685680256926,5.4872877377593605,3.6735388063176
0,3,Hgv,380,TradaBoostR2,10,0.5,1,3.0804288608223103,2.307694054381911,5.130340048465275,2.267739584006123
0,2,Hgv,950,TradaBoostR2,10,0.5,2,2.2015934349991926,1.630538183679974,2.1360848723299295,1.6376469006830527
0,2,Hgv,855,TradaBoostR2,10,0.1,2,2.8418052641299534,2.21834179907795,2.7913072384574296,2.2103789958094433
0,3,Hgv,380,TradaBoostR2,10,0.5,2,2.9925800006108805,2.209327740184452,2.748871493203557,2.033292665633406
0,3,Hgv,95,TradaBoostR2,20,0.1,1,5.399729174162267,3.975975097183156,4.535329470760317,3.6632196036197295
0,2,Hgv,760,TradaBoostR2,20,0.1,1,2.561648417130556,2.008818840125209,2.446853083927247,1.9088472588592404
0,3,Hgv,190,TradaBoostR2,20,0.1,1,6.723831087267119,3.757067236046874,4.479861796253202,3.437644675265422
0,2,Hgv,665,TradaBoostR2,20,0.5,1,2.428576612813515,1.7647030998684592,2.3323795840475356,1.7379598478720721
0,2,Hgv,855,TradaBoostR2,10,0.5,1,2.2595998707808445,1.6809613332694813,2.194292355024115,1.6752264667651284
0,2,Hgv,950,TradaBoostR2,20,0.1,1,2.46654159851783,1.9436504768554905,2.3873829674845433,1.8735523285388171
0,3,Hgv,380,TradaBoostR2,20,0.1,1,3.5132886620823065,2.7769264979472883,5.17460778247568,2.758135492742913
0,3,Hgv,475,TradaBoostR2,10,0.1,1,3.5324513411941005,2.812103266707524,3.400765665766388,2.721730551071979
0,3,Hgv,570,TradaBoostR2,10,0.1,1,3.48807149287301,2.6858752783374893,7.129811770559043,2.847235949295647
0,3,Hgv,285,TradaBoostR2,10,0.1,1,4.858235468540228,3.277649067152273,4.018305869465534,3.179965752705301
0,2,Hgv,855,TradaBoostR2,10,0.5,2,2.2694318671658347,1.6752794544613672,2.203245297943238,1.6607984063725258
0,3,Hgv,95,TradaBoostR2,20,0.1,2,49.24152539101956,10.037224679564002,34.89483026756742,7.324999032896147
0,3,Hgv,570,TradaBoostR2,10,0.1,2,5.390662931632923,3.2093146344549166,88.11108450863267,7.6159206759422
0,3,Hgv,475,TradaBoostR2,10,0.1,2,5.95969881116961,3.496349332286187,85.68569697044717,7.681694322192866
0,2,Hgv,570,TradaBoostR2,30,0.1,2,2.6031037033877737,1.9836342730836776,2.470100077665541,1.8782445975719089
0,3,Hgv,190,TradaBoostR2,20,0.1,2,9.972688923975328,4.137149572579332,21.545993178815053,4.4864565049365615
0,3,Hgv,570,TradaBoostR2,10,0.5,1,2.898132370218974,2.064514625906164,3.059454476505246,1.9293501159464785
0,3,Hgv,285,TradaBoostR2,10,0.1,2,9.038322437182892,3.9311098149506907,37.49305604329081,5.212659690332314
0,3,Hgv,475,TradaBoostR2,10,0.5,1,2.9710960665060053,2.1903827276795425,5.760010241795663,2.1704951562291495
0,2,Hgv,665,TradaBoostR2,20,0.5,2,2.359814176565187,1.691333609787484,2.3477923740863185,1.7065496649319518
0,2,Hgv,760,TradaBoostR2,20,0.1,2,3.179161395488579,2.271963952439487,3.2557943909694513,2.2224457126924166
0,3,Hgv,380,TradaBoostR2,20,0.1,2,5.202917517545687,3.075084815770554,7.1708209800013165,2.9872208866207832
0,3,Hgv,95,TradaBoostR2,20,0.5,1,4.0030333540499,2.688041836606923,3.537160080486369,2.4820628513066954
0,3,Hgv,285,TradaBoostR2,10,0.5,1,3.327145687437709,2.3968612737196313,3.2032154529036276,2.301327763641162
0,2,Hgv,855,TradaBoostR2,20,0.1,1,2.5141744158333275,1.9772515392750358,2.4077202639778243,1.8994123299268748
0,2,Hgv,950,TradaBoostR2,20,0.1,2,2.711691843096815,2.0315973904780154,2.484431961413285,1.9048418143277999
0,3,Hgv,570,TradaBoostR2,10,0.5,2,2.934172332205324,2.0532608346035013,2.663524097544497,1.8604491187782615
0,3,Hgv,475,TradaBoostR2,10,0.5,2,3.649885094376646,2.4005810654773,5.380924438678337,2.3819589220193347
0,3,Hgv,190,TradaBoostR2,20,0.5,1,5.042587401828821,2.8461125119273665,3.4108108651428366,2.3346072077608384
0,3,Hgv,380,TradaBoostR2,20,0.5,1,2.8928961840334315,1.9747308994921227,2.6004383710989742,1.7796576022397361
0,2,Hgv,760,TradaBoostR2,20,0.5,1,2.409147330551134,1.7526133551714724,2.2973104258382224,1.7410912510245875
0,3,Hgv,285,TradaBoostR2,10,0.5,2,4.6252904949186835,2.6325117557504827,3.1871994560823764,2.2920116102313046
0,3,Hgv,570,TradaBoostR2,20,0.1,1,3.1458893035989672,2.3914453277521592,2.851119948595648,2.189661870843314
0,2,Hgv,570,TradaBoostR2,30,0.5,1,2.4131148929167376,1.7188971243776743,2.2859060193849885,1.7187192846746917
0,3,Hgv,475,TradaBoostR2,20,0.1,1,3.347925525986397,2.6011399144555214,5.759651559390245,2.5934432737937034
0,2,Hgv,665,TradaBoostR2,30,0.1,1,2.4218481930977216,1.8766564299847681,2.318285289433386,1.813243862942617
0,2,Hgv,950,TradaBoostR2,20,0.5,1,2.5360404100216605,1.8705079646646687,2.518571255074364,1.8724374720518608
0,3,Hgv,95,TradaBoostR2,20,0.5,2,6.943886354530935,3.84141501345784,5.072830843838555,3.2321239629323797
0,3,Hgv,285,TradaBoostR2,20,0.1,1,5.671482329036363,3.123861798558976,3.393902168693526,2.7546613405383877
0,3,Hgv,380,TradaBoostR2,20,0.5,2,3.0169479025384365,2.129465594920932,2.8037613597999913,1.8872242848371388
0,3,Hgv,190,TradaBoostR2,20,0.5,2,4.756340007982519,2.958720781695516,6.145153772068593,2.8634734037651506
0,2,Hgv,855,TradaBoostR2,20,0.1,2,2.9106844674486374,2.1142585176474777,2.58000884995356,1.9808149482133879
0,3,Hgv,570,TradaBoostR2,20,0.1,2,5.277512460952475,2.8158062381580335,3.834582266616033,2.5038298426643477
0,3,Hgv,475,TradaBoostR2,20,0.1,2,5.730653352362666,2.9473832699963696,3.4857410993600895,2.5385201817016614
0,2,Hgv,760,TradaBoostR2,20,0.5,2,2.3778522209457598,1.6782477608687396,2.2871479030359976,1.6941432275816641
0,3,Hgv,380,TradaBoostR2,30,0.1,1,3.399297109535007,2.653470474137419,5.24832003158887,2.6249746123738364
0,3,Hgv,95,TradaBoostR2,30,0.1,1,5.2975265629652,3.826387683166522,4.4509472627236635,3.5270155839609494
0,3,Hgv,570,TradaBoostR2,20,0.5,1,2.728254928276514,1.9131991491393776,2.396996496371348,1.6888138134296167
0,2,Hgv,855,TradaBoostR2,20,0.5,1,2.5591474813329307,1.8592043466528254,2.5335398420571233,1.8804151398786384
0,3,Hgv,285,TradaBoostR2,20,0.1,2,8.021635522058371,3.2877375964106577,8.1227055999732,3.345624818257751
0,2,Hgv,950,TradaBoostR2,20,0.5,2,2.347982608763311,1.7288113997372863,2.3160886240335032,1.7473483124404336
0,3,Hgv,190,TradaBoostR2,30,0.1,1,6.6090965695578054,3.6190590045140394,4.286994824976921,3.281843723292863
0,3,Hgv,475,TradaBoostR2,20,0.5,1,2.8653016979313484,1.9612069978624462,2.580483963862776,1.7506973802613937
0,2,Hgv,570,TradaBoostR2,30,0.5,2,2.4026166565915847,1.7125860114802063,2.368365429790269,1.7163945224172241
0,2,Hgv,665,TradaBoostR2,30,0.1,2,2.407915538537699,1.867996781946397,2.3718493870394104,1.817007748944258
0,3,Hgv,285,TradaBoostR2,20,0.5,1,2.616444633891612,1.9295120247384137,2.5525095713878363,1.7936370645509354
0,3,Hgv,570,TradaBoostR2,20,0.5,2,3.1136795980341563,2.053828927649185,2.9977398423429014,2.0140170436032214
0,3,Hgv,665,TradaBoostR2,10,0.1,1,3.2739973246109213,2.549086701147304,6.93681301102942,2.6911326857012203
0,2,Hgv,760,TradaBoostR2,30,0.1,1,2.387990487891999,1.8702048659184844,2.326558154432395,1.8074986436571816
0,2,Hgv,855,TradaBoostR2,20,0.5,2,2.3472548671705296,1.7388803942980948,2.217331743324276,1.6589394914103295
0,3,Hgv,475,TradaBoostR2,20,0.5,2,2.8982535284300024,1.990353983066697,2.520272321917777,1.758785666414358
0,3,Hgv,380,TradaBoostR2,30,0.1,2,3.6283922215024935,2.673572741504316,3.3081260206707697,2.4533038491005037
0,3,Hgv,95,TradaBoostR2,30,0.1,2,9.097567279150542,4.981300375328055,9.80663387045328,5.075347499273168
0,2,Hgv,950,TradaBoostR2,30,0.1,1,2.450084954164334,1.8611336905092895,2.3080707186320817,1.792574554308507
0,3,Hgv,665,TradaBoostR2,10,0.1,2,4.437062215927221,2.8394195439534604,71.44264457315005,6.3900362721077295
0,3,Hgv,570,TradaBoostR2,30,0.1,1,3.0252592778018297,2.2579916843145873,3.1359699582435203,2.1514289627954883
0,2,Hgv,665,TradaBoostR2,30,0.5,1,2.541588132366686,1.8511723985504422,2.390341874591196,1.7869520822382436
0,3,Hgv,190,TradaBoostR2,30,0.1,2,6.210178454177872,3.381951439815307,7.196499854660094,3.2438643152796285
0,3,Hgv,285,TradaBoostR2,20,0.5,2,4.823093193814702,2.451108117813642,3.68153483273446,2.1372143404691313
0,3,Hgv,665,TradaBoostR2,10,0.5,1,3.0753818063674103,2.1072974498281756,2.581241888173299,1.8533182739189056
0,3,Hgv,380,TradaBoostR2,30,0.5,1,2.8273021620649583,2.0317977351101195,2.5975237091386925,1.871896232213697
0,3,Hgv,475,TradaBoostR2,30,0.1,1,3.237964577988316,2.472005577276087,5.816338066699416,2.4656305726574805
0,3,Hgv,95,TradaBoostR2,30,0.5,1,3.9965194499388548,2.7439319937315543,3.6234054072263957,2.3305045605125287
0,2,Hgv,855,TradaBoostR2,30,0.1,1,2.4992203513568345,1.8955592268187684,2.3183340436110593,1.8092002360537567
0,3,Hgv,665,TradaBoostR2,10,0.5,2,5.432016621533404,2.2221054721112266,2.6613881284107506,1.8980970645286026
0,3,Hgv,190,TradaBoostR2,30,0.5,1,5.153007648080754,3.0180948718965195,3.5909919101183614,2.4041106036487783
0,3,Hgv,285,TradaBoostR2,30,0.1,1,5.2536670514353805,2.9714928766448208,3.1417045512035413,2.5238763040356598
0,2,Hgv,760,TradaBoostR2,30,0.1,2,2.8321745127529243,2.027388919668533,2.953950370798875,2.080322479485452
0,3,Hgv,665,TradaBoostR2,20,0.1,1,2.9935387205089423,2.296893648369308,3.304216880370886,2.1747262724762155
0,3,Hgv,570,TradaBoostR2,30,0.1,2,5.038876766994689,2.622002552061453,3.666069855785296,2.3065473434529085
0,3,Hgv,380,TradaBoostR2,30,0.5,2,3.3223118154356595,2.1658106016881744,2.8430572887546175,1.9403548593268538
0,2,Hgv,950,TradaBoostR2,30,0.1,2,2.378650982097784,1.8049359836722967,2.2904617207915505,1.7734174734235622
0,2,Hgv,665,TradaBoostR2,30,0.5,2,2.454892800614468,1.7663100522760586,2.3460681454834575,1.743956988634404
0,3,Hgv,570,TradaBoostR2,30,0.5,1,2.8059131578308314,2.019118959814996,2.5932631713850682,1.8822652570347047
0,3,Hgv,475,TradaBoostR2,30,0.1,2,5.073722834064903,2.8920783061578015,5.969257571534491,2.683254627537363
0,3,Hgv,95,TradaBoostR2,30,0.5,2,4.372304268455929,2.994544117116601,3.774499522267452,2.6276040916912566
0,2,Hgv,760,TradaBoostR2,30,0.5,1,2.5079459023015684,1.838330466438624,2.422480438782635,1.8543071151885626
0,3,Hgv,665,TradaBoostR2,20,0.1,2,3.0354994314560653,2.297341281342517,6.999844547393829,2.4197004870954664
0,2,Hgv,855,TradaBoostR2,30,0.1,2,2.786626204239313,1.9785289093138492,2.41843268869031,1.8629556017992346
0,3,Hgv,285,TradaBoostR2,30,0.1,2,5.644283852823049,3.1336864310497425,4.861912164543918,2.9656527602977816
0,3,Hgv,190,TradaBoostR2,30,0.5,2,4.185022442975772,2.584291362454803,3.220607539357651,2.1762580054077287
0,3,Hgv,665,TradaBoostR2,20,0.5,1,2.7344235184344328,1.9448465056427382,2.3730854811232924,1.730464300268489
0,3,Hgv,475,TradaBoostR2,30,0.5,1,2.926185048178374,2.056804645835008,2.6777709015766264,1.9060961669779342
0,2,Hgv,950,TradaBoostR2,30,0.5,1,2.6040898045668204,1.9633016816948288,2.5909532559014687,1.934161756405668
0,3,Hgv,855,TradaBoostR2,10,0.1,1,3.149103353712947,2.400213920193315,3.168263346251114,2.2870033183066636
0,3,Hgv,570,TradaBoostR2,30,0.5,2,2.9405314482458684,2.022254021659873,2.6708833189954597,1.8739364665140064
0,3,Hgv,760,TradaBoostR2,10,0.1,1,3.1986388208113468,2.4966953463054176,6.827113963295478,2.6195442083914817
0,3,Hgv,285,TradaBoostR2,30,0.5,1,3.0838996294282692,2.144934254531946,2.6262398717755535,1.825268206527929
0,3,Hgv,855,TradaBoostR2,10,0.1,2,3.610455203528816,2.4950269613580818,5.915048048020554,2.5048095724665003
0,3,Hgv,665,TradaBoostR2,20,0.5,2,2.902337508941194,1.968956604953899,2.703154692795473,1.8507479977980186
0,2,Hgv,855,TradaBoostR2,30,0.5,1,2.6121888660108628,1.94082669287335,2.6033931317435917,1.9589675609394583
0,3,Hgv,855,TradaBoostR2,10,0.5,1,2.7749117198734896,1.957345960747164,2.435803597724346,1.7347261363630244
0,3,Hgv,760,TradaBoostR2,10,0.1,2,3.7076263272602574,2.626350780903044,34.605650961769285,4.4051580236871954
0,2,Hgv,760,TradaBoostR2,30,0.5,2,2.4896731079346535,1.8056896523802521,2.488421214400289,1.8333294266502154
0,3,Hgv,760,TradaBoostR2,10,0.5,1,2.8363147595128724,1.9226816519362382,2.272863506825478,1.7075467814503713
0,3,Hgv,855,TradaBoostR2,10,0.5,2,2.9327996935632386,1.9362971942862992,2.4227913335787297,1.7688193249467115
0,3,Hgv,475,TradaBoostR2,30,0.5,2,2.780391504231776,1.92536853261744,2.5443694931862666,1.741939811201156
0,3,Hgv,665,TradaBoostR2,30,0.1,1,3.119346714319106,2.2779090374830964,2.7812123229975274,2.0869650441947383
0,3,Hgv,950,TradaBoostR2,10,0.1,1,3.0872214855855016,2.3467258326317824,3.1832309572216624,2.2374611375557167
0,3,Hgv,760,TradaBoostR2,10,0.5,2,2.7357745194911938,1.9184937578163952,2.476265182259197,1.7838926477723756
0,2,Hgv,950,TradaBoostR2,30,0.5,2,2.380408199697292,1.7740980533358977,2.3789002250107285,1.7837231514505658
0,3,Hgv,855,TradaBoostR2,20,0.1,1,2.833849940867793,2.148740350098387,2.523950442201103,1.9646014336265627
0,3,Hgv,285,TradaBoostR2,30,0.5,2,4.186239979773483,2.451383030841776,3.5301652902133416,2.1032763369976437
0,3,Hgv,950,TradaBoostR2,10,0.1,2,14.522439903779835,3.197796387671934,54.697512363486254,4.841747843707319
0,3,Hgv,760,TradaBoostR2,20,0.1,1,2.7185566493358553,2.132791257845005,2.5570678458317104,1.9952075777303675
0,3,Hgv,950,TradaBoostR2,10,0.5,1,2.96350778607327,2.0504284834997364,2.5666666121620687,1.815572714325367
0,2,Hgv,855,TradaBoostR2,30,0.5,2,2.51988333026539,1.8496580800390052,2.3350374893121275,1.7888000616841577
0,3,Hgv,855,TradaBoostR2,20,0.1,2,3.215124964985879,2.248032762693538,3.6000022057780163,2.184046473763971
0,3,Hgv,665,TradaBoostR2,30,0.1,2,5.628103733495483,2.535908302965262,3.1342854912514913,2.1618807343046496
0,3,Hgv,950,TradaBoostR2,10,0.5,2,3.096130685691568,1.9814130456278245,2.56353280716572,1.7926690200113427
0,3,Hgv,855,TradaBoostR2,20,0.5,1,2.7827409265206953,1.9563427663460282,2.451846401876057,1.7673118867842272
0,3,Hgv,950,TradaBoostR2,20,0.1,1,2.920393626038228,2.1813606033679447,2.726956603439221,2.0403187411412365
0,3,Hgv,760,TradaBoostR2,20,0.1,2,3.1671683739317125,2.3102644593451407,8.057188216866413,2.4554264868310116
0,3,Hgv,665,TradaBoostR2,30,0.5,1,2.78604004505161,2.069400498962438,2.4648887122949055,1.8599934555646886
0,3,Hgv,760,TradaBoostR2,20,0.5,1,2.7503331031117564,1.9599131987776672,2.410911752691276,1.7678582073131301
0,3,Hgv,855,TradaBoostR2,20,0.5,2,2.9285429750197145,1.8769973612509754,2.7338237350965082,1.7654534799632866
0,3,Hgv,950,TradaBoostR2,20,0.1,2,3.3091919453758614,2.16438346181675,2.8294764378506283,2.074216387271854
0,3,Hgv,665,TradaBoostR2,30,0.5,2,3.031379081633609,2.0508455229816622,2.729682477682782,1.9425957158595906
0,3,Hgv,950,TradaBoostR2,20,0.5,1,2.8475670674394085,1.9233514563833363,2.297875741831449,1.702025544157148
0,3,Hgv,855,TradaBoostR2,30,0.1,1,2.8019034915313505,2.0553808726098928,2.391883478126004,1.863569999914489
0,3,Hgv,760,TradaBoostR2,20,0.5,2,2.9707151089491637,1.986871516741331,2.372119138778161,1.7160544179244115
0,3,Hgv,950,TradaBoostR2,20,0.5,2,2.835892878162782,1.8873028914497825,2.8044092581069267,1.8275536153360716
0,3,Hgv,760,TradaBoostR2,30,0.1,1,2.814880755514926,2.138440761046496,2.7407271428146567,2.0267851651587447
0,3,Hgv,855,TradaBoostR2,30,0.1,2,2.9757080587505707,2.0490938885765884,2.4347561335340298,1.8514369008498281
0,3,Hgv,950,TradaBoostR2,30,0.1,1,2.899614381292905,2.0924740942078137,2.6596803416826478,1.9530295745641817
0,3,Hgv,855,TradaBoostR2,30,0.5,1,2.82645523511101,2.061426084458815,2.587645774520813,1.8831826007472978
0,3,Hgv,760,TradaBoostR2,30,0.1,2,5.017471395635892,2.3414512396466973,6.448998935565532,2.377956113147256
0,3,Hgv,950,TradaBoostR2,30,0.1,2,3.792347745438473,2.1874579916645294,2.6657240948958116,1.9502078106445093
0,3,Hgv,855,TradaBoostR2,30,0.5,2,2.7959355115419755,1.8863555347771779,2.594136709521876,1.8553522510394929
0,3,Hgv,760,TradaBoostR2,30,0.5,1,2.770511245991456,2.0648429272775144,2.525985277375074,1.897972722101454
0,3,Hgv,950,TradaBoostR2,30,0.5,1,2.723576872933531,1.9861282369323578,2.4217004216741813,1.7905366181414029
0,3,Hgv,760,TradaBoostR2,30,0.5,2,2.8496880301646432,1.975927848397524,2.481198775071512,1.7824804174216766
0,3,Hgv,950,TradaBoostR2,30,0.5,2,2.8971474238616315,1.9001671050917053,2.596809126041364,1.8064598359689783
